Week_Start,SKU,Weekly_Units,Weekly_Revenue,Avg_Price,Promo_Days_Sales,Promo_Days_Cal,Holiday_Days,Year,Month,Week_Number,Season,Product_Name,Category,Subcategory,Launch_Date,Cost_Price,Selling_Price,Gross_Margin_Per_Unit,Negative_Margin_Flag
2024-01-01,SKU001,106,388389.3,3664.05,0,0,0,2024,1,1,Winter,Product 001,Furniture,Chair,2022-04-09,1758.45,3664.05,1905.6,0
2024-01-01,SKU002,83,315872.27,3805.69,0,0,0,2024,1,1,Winter,Product 002,Home Decor,Table,2024-05-01,3867.09,3805.69,-61.4,1
2024-01-01,SKU003,36,290816.28,8078.23,0,0,0,2024,1,1,Winter,Product 003,Kitchen,Cushion,2023-12-22,589.48,8078.23,7488.75,0
2024-01-01,SKU004,31,212708.67,6861.57,0,0,0,2024,1,1,Winter,Product 004,Lighting,Cookware,2023-04-28,1445.74,6861.57,5415.83,0
2024-01-01,SKU005,109,1034760.98,9493.22,0,0,0,2024,1,1,Winter,Product 005,Storage,Lamp,2023-04-22,5543.63,9493.22,3949.59,0
2024-01-01,SKU006,38,308029.52,8106.04,0,0,0,2024,1,1,Winter,Product 006,Furniture,Shelf,2024-08-02,6021.91,8106.04,2084.13,0
2024-01-01,SKU007,172,879623.48,5114.09,0,0,0,2024,1,1,Winter,Product 007,Home Decor,Cabinet,2022-04-05,7748.2,5114.09,-2634.11,1
2024-01-01,SKU008,119,1171274.16,9842.64,0,0,0,2024,1,1,Winter,Product 008,Kitchen,Rug,2024-02-07,2775.15,9842.64,7067.49,0
2024-01-01,SKU009,70,163582.3,2336.89,0,0,0,2024,1,1,Winter,Product 009,Lighting,Organizer,2022-08-10,3121.06,2336.89,-784.17,1
2024-01-01,SKU010,111,73644.06,663.46,0,0,0,2024,1,1,Winter,Product 010,Storage,Sofa,2022-04-14,3889.06,663.46,-3225.6,1
2024-01-01,SKU011,14,20223.84,1444.56,0,0,0,2024,1,1,Winter,Product 011,Furniture,Chair,2023-08-03,1718.4,1444.56,-273.84,1
2024-01-01,SKU012,181,1589065.97,8779.37,0,0,0,2024,1,1,Winter,Product 012,Home Decor,Table,2024-12-09,1256.89,8779.37,7522.48,0
2024-01-01,SKU013,101,581535.78,5757.78,0,0,0,2024,1,1,Winter,Product 013,Kitchen,Cushion,2024-03-20,3936.71,5757.78,1821.07,0
2024-01-01,SKU014,155,351966.25,2270.75,0,0,0,2024,1,1,Winter,Product 014,Lighting,Cookware,2024-04-17,2008.55,2270.75,262.2,0
2024-01-01,SKU015,35,217424.2,6212.12,0,0,0,2024,1,1,Winter,Product 015,Storage,Lamp,2024-02-29,5441.06,6212.12,771.06,0
2024-01-01,SKU016,81,175512.42,2166.82,0,0,0,2024,1,1,Winter,Product 016,Furniture,Shelf,2024-05-14,3637.93,2166.82,-1471.11,1
2024-01-01,SKU017,84,712094.88,8477.32,0,0,0,2024,1,1,Winter,Product 017,Home Decor,Cabinet,2023-07-19,6703.26,8477.32,1774.06,0
2024-01-01,SKU018,176,981272.16,5575.41,0,0,0,2024,1,1,Winter,Product 018,Kitchen,Rug,2022-05-21,5677.05,5575.41,-101.64,1
2024-01-01,SKU019,101,486804.85,4819.85,0,0,0,2024,1,1,Winter,Product 019,Lighting,Organizer,2024-07-12,2670.84,4819.85,2149.01,0
2024-01-01,SKU020,92,358573.68,3897.54,0,0,0,2024,1,1,Winter,Product 020,Storage,Sofa,2023-05-11,6700.01,3897.54,-2802.47,1
2024-01-01,SKU021,50,385564.0,7711.28,0,0,0,2024,1,1,Winter,Product 021,Furniture,Chair,2023-07-05,6486.92,7711.28,1224.36,0
2024-01-01,SKU022,64,294209.92,4597.03,0,0,0,2024,1,1,Winter,Product 022,Home Decor,Table,2023-02-12,3252.96,4597.03,1344.07,0
2024-01-01,SKU023,100,141674.0,1416.74,0,0,0,2024,1,1,Winter,Product 023,Kitchen,Cushion,2022-07-20,2484.54,1416.74,-1067.8,1
2024-01-01,SKU024,93,164504.91,1768.87,0,0,0,2024,1,1,Winter,Product 024,Lighting,Cookware,2024-10-16,5539.34,1768.87,-3770.47,1
2024-01-01,SKU025,14,161812.14,11558.01,0,0,0,2024,1,1,Winter,Product 025,Storage,Lamp,2024-05-09,1333.08,11558.01,10224.93,0
2024-01-01,SKU026,166,1815963.64,10939.54,0,0,0,2024,1,1,Winter,Product 026,Furniture,Shelf,2023-12-10,1799.29,10939.54,9140.25,0
2024-01-01,SKU027,162,1379689.2,8516.6,0,0,0,2024,1,1,Winter,Product 027,Home Decor,Cabinet,2023-03-19,307.06,8516.6,8209.54,0
2024-01-01,SKU028,32,111490.88,3484.09,0,0,0,2024,1,1,Winter,Product 028,Kitchen,Rug,2024-06-24,6348.66,3484.09,-2864.57,1
2024-01-01,SKU029,114,1327239.3,11642.45,0,0,0,2024,1,1,Winter,Product 029,Lighting,Organizer,2023-08-23,5402.59,11642.45,6239.86,0
2024-01-01,SKU030,39,367906.89,9433.51,0,0,0,2024,1,1,Winter,Product 030,Storage,Sofa,2023-05-03,5715.03,9433.51,3718.48,0
2024-01-01,SKU031,143,1246377.99,8715.93,0,0,0,2024,1,1,Winter,Product 031,Furniture,Chair,2023-05-11,6300.65,8715.93,2415.28,0
2024-01-01,SKU032,53,297467.27,5612.59,0,0,0,2024,1,1,Winter,Product 032,Home Decor,Table,2022-09-07,3806.6,5612.59,1805.99,0
2024-01-01,SKU033,114,405612.0,3558.0,0,0,0,2024,1,1,Winter,Product 033,Kitchen,Cushion,2022-04-12,4657.74,3558.0,-1099.74,1
2024-01-01,SKU034,131,198876.34,1518.14,0,0,0,2024,1,1,Winter,Product 034,Lighting,Cookware,2023-09-03,1333.43,1518.14,184.71,0
2024-01-01,SKU035,146,1587047.74,10870.19,0,0,0,2024,1,1,Winter,Product 035,Storage,Lamp,2024-09-03,1137.61,10870.19,9732.58,0
2024-01-01,SKU036,25,142175.0,5687.0,0,0,0,2024,1,1,Winter,Product 036,Furniture,Shelf,2022-03-12,5430.12,5687.0,256.88,0
2024-01-01,SKU037,168,461566.56,2747.42,0,0,0,2024,1,1,Winter,Product 037,Home Decor,Cabinet,2024-08-02,3901.0,2747.42,-1153.58,1
2024-01-01,SKU038,50,197455.0,3949.1,0,0,0,2024,1,1,Winter,Product 038,Kitchen,Rug,2024-06-29,4630.58,3949.1,-681.48,1
2024-01-01,SKU039,24,170854.8,7118.95,0,0,0,2024,1,1,Winter,Product 039,Lighting,Organizer,2022-11-01,6178.74,7118.95,940.21,0
2024-01-01,SKU040,104,254858.24,2450.56,0,0,0,2024,1,1,Winter,Product 040,Storage,Sofa,2023-11-26,5169.07,2450.56,-2718.51,1
2024-01-01,SKU041,73,754581.29,10336.73,0,0,0,2024,1,1,Winter,Product 041,Furniture,Chair,2022-07-01,4540.24,10336.73,5796.49,0
2024-01-01,SKU042,166,1527005.78,9198.83,0,0,0,2024,1,1,Winter,Product 042,Home Decor,Table,2024-04-13,4583.86,9198.83,4614.97,0
2024-01-01,SKU043,157,1373085.89,8745.77,0,0,0,2024,1,1,Winter,Product 043,Kitchen,Cushion,2024-02-10,2605.61,8745.77,6140.16,0
2024-01-01,SKU044,66,357210.48,5412.28,0,0,0,2024,1,1,Winter,Product 044,Lighting,Cookware,2023-01-25,488.84,5412.28,4923.44,0
2024-01-01,SKU045,170,1305052.6,7676.78,0,0,0,2024,1,1,Winter,Product 045,Storage,Lamp,2022-03-16,3634.56,7676.78,4042.22,0
2024-01-01,SKU046,63,452059.02,7175.54,0,0,0,2024,1,1,Winter,Product 046,Furniture,Shelf,2024-12-03,1913.03,7175.54,5262.51,0
2024-01-01,SKU047,109,865265.98,7938.22,0,0,0,2024,1,1,Winter,Product 047,Home Decor,Cabinet,2023-05-06,3416.1,7938.22,4522.12,0
2024-01-01,SKU048,76,104845.8,1379.55,0,0,0,2024,1,1,Winter,Product 048,Kitchen,Rug,2024-09-09,6863.87,1379.55,-5484.32,1
2024-01-01,SKU049,177,924536.49,5223.37,0,0,0,2024,1,1,Winter,Product 049,Lighting,Organizer,2024-01-16,2063.03,5223.37,3160.34,0
2024-01-01,SKU050,49,43253.28,882.72,0,0,0,2024,1,1,Winter,Product 050,Storage,Sofa,2024-05-06,701.85,882.72,180.87,0
2024-01-08,SKU001,85,311444.25,3664.05,0,0,0,2024,1,2,Winter,Product 001,Furniture,Chair,2022-04-09,1758.45,3664.05,1905.6,0
2024-01-08,SKU002,61,232147.09,3805.69,0,0,0,2024,1,2,Winter,Product 002,Home Decor,Table,2024-05-01,3867.09,3805.69,-61.4,1
2024-01-08,SKU003,32,258503.36,8078.23,0,0,0,2024,1,2,Winter,Product 003,Kitchen,Cushion,2023-12-22,589.48,8078.23,7488.75,0
2024-01-08,SKU004,25,171539.25,6861.57,0,0,0,2024,1,2,Winter,Product 004,Lighting,Cookware,2023-04-28,1445.74,6861.57,5415.83,0
2024-01-08,SKU005,116,1101213.52,9493.22,0,0,0,2024,1,2,Winter,Product 005,Storage,Lamp,2023-04-22,5543.63,9493.22,3949.59,0
2024-01-08,SKU006,34,275605.36,8106.04,0,0,0,2024,1,2,Winter,Product 006,Furniture,Shelf,2024-08-02,6021.91,8106.04,2084.13,0
2024-01-08,SKU007,178,910308.02,5114.09,0,0,0,2024,1,2,Winter,Product 007,Home Decor,Cabinet,2022-04-05,7748.2,5114.09,-2634.11,1
2024-01-08,SKU008,137,1348441.68,9842.64,0,0,0,2024,1,2,Winter,Product 008,Kitchen,Rug,2024-02-07,2775.15,9842.64,7067.49,0
2024-01-08,SKU009,66,154234.74,2336.89,0,0,0,2024,1,2,Winter,Product 009,Lighting,Organizer,2022-08-10,3121.06,2336.89,-784.17,1
2024-01-08,SKU010,108,71653.68,663.46,0,0,0,2024,1,2,Winter,Product 010,Storage,Sofa,2022-04-14,3889.06,663.46,-3225.6,1
2024-01-08,SKU011,20,28891.2,1444.56,0,0,0,2024,1,2,Winter,Product 011,Furniture,Chair,2023-08-03,1718.4,1444.56,-273.84,1
2024-01-08,SKU012,176,1545169.12,8779.37,0,0,0,2024,1,2,Winter,Product 012,Home Decor,Table,2024-12-09,1256.89,8779.37,7522.48,0
2024-01-08,SKU013,99,570020.22,5757.78,0,0,0,2024,1,2,Winter,Product 013,Kitchen,Cushion,2024-03-20,3936.71,5757.78,1821.07,0
2024-01-08,SKU014,152,345154.0,2270.75,0,0,0,2024,1,2,Winter,Product 014,Lighting,Cookware,2024-04-17,2008.55,2270.75,262.2,0
2024-01-08,SKU015,27,167727.24,6212.12,0,0,0,2024,1,2,Winter,Product 015,Storage,Lamp,2024-02-29,5441.06,6212.12,771.06,0
2024-01-08,SKU016,104,225349.28,2166.82,0,0,0,2024,1,2,Winter,Product 016,Furniture,Shelf,2024-05-14,3637.93,2166.82,-1471.11,1
2024-01-08,SKU017,84,712094.88,8477.32,0,0,0,2024,1,2,Winter,Product 017,Home Decor,Cabinet,2023-07-19,6703.26,8477.32,1774.06,0
2024-01-08,SKU018,175,975696.75,5575.41,0,0,0,2024,1,2,Winter,Product 018,Kitchen,Rug,2022-05-21,5677.05,5575.41,-101.64,1
2024-01-08,SKU019,115,554282.75,4819.85,0,0,0,2024,1,2,Winter,Product 019,Lighting,Organizer,2024-07-12,2670.84,4819.85,2149.01,0
2024-01-08,SKU020,102,397549.08,3897.54,0,0,0,2024,1,2,Winter,Product 020,Storage,Sofa,2023-05-11,6700.01,3897.54,-2802.47,1
2024-01-08,SKU021,65,501233.2,7711.28,0,0,0,2024,1,2,Winter,Product 021,Furniture,Chair,2023-07-05,6486.92,7711.28,1224.36,0
2024-01-08,SKU022,72,330986.16,4597.03,0,0,0,2024,1,2,Winter,Product 022,Home Decor,Table,2023-02-12,3252.96,4597.03,1344.07,0
2024-01-08,SKU023,83,117589.42,1416.74,0,0,0,2024,1,2,Winter,Product 023,Kitchen,Cushion,2022-07-20,2484.54,1416.74,-1067.8,1
2024-01-08,SKU024,81,143278.47,1768.87,0,0,0,2024,1,2,Winter,Product 024,Lighting,Cookware,2024-10-16,5539.34,1768.87,-3770.47,1
2024-01-08,SKU025,21,242718.21,11558.01,0,0,0,2024,1,2,Winter,Product 025,Storage,Lamp,2024-05-09,1333.08,11558.01,10224.93,0
2024-01-08,SKU026,156,1706568.24,10939.54,0,0,0,2024,1,2,Winter,Product 026,Furniture,Shelf,2023-12-10,1799.29,10939.54,9140.25,0
2024-01-08,SKU027,170,1447822.0,8516.6,0,0,0,2024,1,2,Winter,Product 027,Home Decor,Cabinet,2023-03-19,307.06,8516.6,8209.54,0
2024-01-08,SKU028,35,121943.15,3484.09,0,0,0,2024,1,2,Winter,Product 028,Kitchen,Rug,2024-06-24,6348.66,3484.09,-2864.57,1
2024-01-08,SKU029,120,1397094.0,11642.45,0,0,0,2024,1,2,Winter,Product 029,Lighting,Organizer,2023-08-23,5402.59,11642.45,6239.86,0
2024-01-08,SKU030,41,386773.91,9433.51,0,0,0,2024,1,2,Winter,Product 030,Storage,Sofa,2023-05-03,5715.03,9433.51,3718.48,0
2024-01-08,SKU031,107,932604.51,8715.93,0,0,0,2024,1,2,Winter,Product 031,Furniture,Chair,2023-05-11,6300.65,8715.93,2415.28,0
2024-01-08,SKU032,66,370430.94,5612.59,0,0,0,2024,1,2,Winter,Product 032,Home Decor,Table,2022-09-07,3806.6,5612.59,1805.99,0
2024-01-08,SKU033,133,473214.0,3558.0,0,0,0,2024,1,2,Winter,Product 033,Kitchen,Cushion,2022-04-12,4657.74,3558.0,-1099.74,1
2024-01-08,SKU034,146,221648.44,1518.14,0,0,0,2024,1,2,Winter,Product 034,Lighting,Cookware,2023-09-03,1333.43,1518.14,184.71,0
2024-01-08,SKU035,159,1728360.21,10870.19,0,0,0,2024,1,2,Winter,Product 035,Storage,Lamp,2024-09-03,1137.61,10870.19,9732.58,0
2024-01-08,SKU036,28,159236.0,5687.0,0,0,0,2024,1,2,Winter,Product 036,Furniture,Shelf,2022-03-12,5430.12,5687.0,256.88,0
2024-01-08,SKU037,160,439587.2,2747.42,0,0,0,2024,1,2,Winter,Product 037,Home Decor,Cabinet,2024-08-02,3901.0,2747.42,-1153.58,1
2024-01-08,SKU038,62,244844.2,3949.1,0,0,0,2024,1,2,Winter,Product 038,Kitchen,Rug,2024-06-29,4630.58,3949.1,-681.48,1
2024-01-08,SKU039,16,113903.2,7118.95,0,0,0,2024,1,2,Winter,Product 039,Lighting,Organizer,2022-11-01,6178.74,7118.95,940.21,0
2024-01-08,SKU040,116,284264.96,2450.56,0,0,0,2024,1,2,Winter,Product 040,Storage,Sofa,2023-11-26,5169.07,2450.56,-2718.51,1
2024-01-08,SKU041,80,826938.4,10336.73,0,0,0,2024,1,2,Winter,Product 041,Furniture,Chair,2022-07-01,4540.24,10336.73,5796.49,0
2024-01-08,SKU042,157,1444216.31,9198.83,0,0,0,2024,1,2,Winter,Product 042,Home Decor,Table,2024-04-13,4583.86,9198.83,4614.97,0
2024-01-08,SKU043,141,1233153.57,8745.77,0,0,0,2024,1,2,Winter,Product 043,Kitchen,Cushion,2024-02-10,2605.61,8745.77,6140.16,0
2024-01-08,SKU044,83,449219.24,5412.28,0,0,0,2024,1,2,Winter,Product 044,Lighting,Cookware,2023-01-25,488.84,5412.28,4923.44,0
2024-01-08,SKU045,157,1205254.46,7676.78,0,0,0,2024,1,2,Winter,Product 045,Storage,Lamp,2022-03-16,3634.56,7676.78,4042.22,0
2024-01-08,SKU046,45,322899.3,7175.54,0,0,0,2024,1,2,Winter,Product 046,Furniture,Shelf,2024-12-03,1913.03,7175.54,5262.51,0
2024-01-08,SKU047,89,706501.58,7938.22,0,0,0,2024,1,2,Winter,Product 047,Home Decor,Cabinet,2023-05-06,3416.1,7938.22,4522.12,0
2024-01-08,SKU048,51,70357.05,1379.55,0,0,0,2024,1,2,Winter,Product 048,Kitchen,Rug,2024-09-09,6863.87,1379.55,-5484.32,1
2024-01-08,SKU049,178,929759.86,5223.37,0,0,0,2024,1,2,Winter,Product 049,Lighting,Organizer,2024-01-16,2063.03,5223.37,3160.34,0
2024-01-08,SKU050,40,35308.8,882.72,0,0,0,2024,1,2,Winter,Product 050,Storage,Sofa,2024-05-06,701.85,882.72,180.87,0
2024-01-15,SKU001,117,428693.85,3664.05,0,0,0,2024,1,3,Winter,Product 001,Furniture,Chair,2022-04-09,1758.45,3664.05,1905.6,0
2024-01-15,SKU002,57,216924.33,3805.69,0,0,0,2024,1,3,Winter,Product 002,Home Decor,Table,2024-05-01,3867.09,3805.69,-61.4,1
2024-01-15,SKU003,32,258503.36,8078.23,0,0,0,2024,1,3,Winter,Product 003,Kitchen,Cushion,2023-12-22,589.48,8078.23,7488.75,0
2024-01-15,SKU004,38,260739.66,6861.57,0,0,0,2024,1,3,Winter,Product 004,Lighting,Cookware,2023-04-28,1445.74,6861.57,5415.83,0
2024-01-15,SKU005,108,1025267.76,9493.22,0,0,0,2024,1,3,Winter,Product 005,Storage,Lamp,2023-04-22,5543.63,9493.22,3949.59,0
2024-01-15,SKU006,43,348559.72,8106.04,0,0,0,2024,1,3,Winter,Product 006,Furniture,Shelf,2024-08-02,6021.91,8106.04,2084.13,0
2024-01-15,SKU007,189,966563.01,5114.09,0,0,0,2024,1,3,Winter,Product 007,Home Decor,Cabinet,2022-04-05,7748.2,5114.09,-2634.11,1
2024-01-15,SKU008,118,1161431.52,9842.64,0,0,0,2024,1,3,Winter,Product 008,Kitchen,Rug,2024-02-07,2775.15,9842.64,7067.49,0
2024-01-15,SKU009,73,170592.97,2336.89,0,0,0,2024,1,3,Winter,Product 009,Lighting,Organizer,2022-08-10,3121.06,2336.89,-784.17,1
2024-01-15,SKU010,115,76297.9,663.46,0,0,0,2024,1,3,Winter,Product 010,Storage,Sofa,2022-04-14,3889.06,663.46,-3225.6,1
2024-01-15,SKU011,14,20223.84,1444.56,0,0,0,2024,1,3,Winter,Product 011,Furniture,Chair,2023-08-03,1718.4,1444.56,-273.84,1
2024-01-15,SKU012,178,1562727.86,8779.37,0,0,0,2024,1,3,Winter,Product 012,Home Decor,Table,2024-12-09,1256.89,8779.37,7522.48,0
2024-01-15,SKU013,105,604566.9,5757.78,0,0,0,2024,1,3,Winter,Product 013,Kitchen,Cushion,2024-03-20,3936.71,5757.78,1821.07,0
2024-01-15,SKU014,145,329258.75,2270.75,0,0,0,2024,1,3,Winter,Product 014,Lighting,Cookware,2024-04-17,2008.55,2270.75,262.2,0
2024-01-15,SKU015,30,186363.6,6212.12,0,0,0,2024,1,3,Winter,Product 015,Storage,Lamp,2024-02-29,5441.06,6212.12,771.06,0
2024-01-15,SKU016,88,190680.16,2166.82,0,0,0,2024,1,3,Winter,Product 016,Furniture,Shelf,2024-05-14,3637.93,2166.82,-1471.11,1
2024-01-15,SKU017,88,746004.16,8477.32,0,0,0,2024,1,3,Winter,Product 017,Home Decor,Cabinet,2023-07-19,6703.26,8477.32,1774.06,0
2024-01-15,SKU018,153,853037.73,5575.41,0,0,0,2024,1,3,Winter,Product 018,Kitchen,Rug,2022-05-21,5677.05,5575.41,-101.64,1
2024-01-15,SKU019,103,496444.55,4819.85,0,0,0,2024,1,3,Winter,Product 019,Lighting,Organizer,2024-07-12,2670.84,4819.85,2149.01,0
2024-01-15,SKU020,100,389754.0,3897.54,0,0,0,2024,1,3,Winter,Product 020,Storage,Sofa,2023-05-11,6700.01,3897.54,-2802.47,1
2024-01-15,SKU021,51,393275.28,7711.28,0,0,0,2024,1,3,Winter,Product 021,Furniture,Chair,2023-07-05,6486.92,7711.28,1224.36,0
2024-01-15,SKU022,74,340180.22,4597.03,0,0,0,2024,1,3,Winter,Product 022,Home Decor,Table,2023-02-12,3252.96,4597.03,1344.07,0
2024-01-15,SKU023,97,137423.78,1416.74,0,0,0,2024,1,3,Winter,Product 023,Kitchen,Cushion,2022-07-20,2484.54,1416.74,-1067.8,1
2024-01-15,SKU024,95,168042.65,1768.87,0,0,0,2024,1,3,Winter,Product 024,Lighting,Cookware,2024-10-16,5539.34,1768.87,-3770.47,1
2024-01-15,SKU025,16,184928.16,11558.01,0,0,0,2024,1,3,Winter,Product 025,Storage,Lamp,2024-05-09,1333.08,11558.01,10224.93,0
2024-01-15,SKU026,152,1662810.08,10939.54,0,0,0,2024,1,3,Winter,Product 026,Furniture,Shelf,2023-12-10,1799.29,10939.54,9140.25,0
2024-01-15,SKU027,170,1447822.0,8516.6,0,0,0,2024,1,3,Winter,Product 027,Home Decor,Cabinet,2023-03-19,307.06,8516.6,8209.54,0
2024-01-15,SKU028,39,135879.51,3484.09,0,0,0,2024,1,3,Winter,Product 028,Kitchen,Rug,2024-06-24,6348.66,3484.09,-2864.57,1
2024-01-15,SKU029,93,1082747.85,11642.45,0,0,0,2024,1,3,Winter,Product 029,Lighting,Organizer,2023-08-23,5402.59,11642.45,6239.86,0
2024-01-15,SKU030,23,216970.73,9433.51,0,0,0,2024,1,3,Winter,Product 030,Storage,Sofa,2023-05-03,5715.03,9433.51,3718.48,0
2024-01-15,SKU031,132,1150502.76,8715.93,0,0,0,2024,1,3,Winter,Product 031,Furniture,Chair,2023-05-11,6300.65,8715.93,2415.28,0
2024-01-15,SKU032,72,404106.48,5612.59,0,0,0,2024,1,3,Winter,Product 032,Home Decor,Table,2022-09-07,3806.6,5612.59,1805.99,0
2024-01-15,SKU033,132,469656.0,3558.0,0,0,0,2024,1,3,Winter,Product 033,Kitchen,Cushion,2022-04-12,4657.74,3558.0,-1099.74,1
2024-01-15,SKU034,137,207985.18,1518.14,0,0,0,2024,1,3,Winter,Product 034,Lighting,Cookware,2023-09-03,1333.43,1518.14,184.71,0
2024-01-15,SKU035,154,1674009.26,10870.19,0,0,0,2024,1,3,Winter,Product 035,Storage,Lamp,2024-09-03,1137.61,10870.19,9732.58,0
2024-01-15,SKU036,40,227480.0,5687.0,0,0,0,2024,1,3,Winter,Product 036,Furniture,Shelf,2022-03-12,5430.12,5687.0,256.88,0
2024-01-15,SKU037,169,464313.98,2747.42,0,0,0,2024,1,3,Winter,Product 037,Home Decor,Cabinet,2024-08-02,3901.0,2747.42,-1153.58,1
2024-01-15,SKU038,50,197455.0,3949.1,0,0,0,2024,1,3,Winter,Product 038,Kitchen,Rug,2024-06-29,4630.58,3949.1,-681.48,1
2024-01-15,SKU039,16,113903.2,7118.95,0,0,0,2024,1,3,Winter,Product 039,Lighting,Organizer,2022-11-01,6178.74,7118.95,940.21,0
2024-01-15,SKU040,105,257308.8,2450.56,0,0,0,2024,1,3,Winter,Product 040,Storage,Sofa,2023-11-26,5169.07,2450.56,-2718.51,1
2024-01-15,SKU041,66,682224.18,10336.73,0,0,0,2024,1,3,Winter,Product 041,Furniture,Chair,2022-07-01,4540.24,10336.73,5796.49,0
2024-01-15,SKU042,136,1251040.88,9198.83,0,0,0,2024,1,3,Winter,Product 042,Home Decor,Table,2024-04-13,4583.86,9198.83,4614.97,0
2024-01-15,SKU043,140,1224407.8,8745.77,0,0,0,2024,1,3,Winter,Product 043,Kitchen,Cushion,2024-02-10,2605.61,8745.77,6140.16,0
2024-01-15,SKU044,71,384271.88,5412.28,0,0,0,2024,1,3,Winter,Product 044,Lighting,Cookware,2023-01-25,488.84,5412.28,4923.44,0
2024-01-15,SKU045,160,1228284.8,7676.78,0,0,0,2024,1,3,Winter,Product 045,Storage,Lamp,2022-03-16,3634.56,7676.78,4042.22,0
2024-01-15,SKU046,52,373128.08,7175.54,0,0,0,2024,1,3,Winter,Product 046,Furniture,Shelf,2024-12-03,1913.03,7175.54,5262.51,0
2024-01-15,SKU047,118,936709.96,7938.22,0,0,0,2024,1,3,Winter,Product 047,Home Decor,Cabinet,2023-05-06,3416.1,7938.22,4522.12,0
2024-01-15,SKU048,52,71736.6,1379.55,0,0,0,2024,1,3,Winter,Product 048,Kitchen,Rug,2024-09-09,6863.87,1379.55,-5484.32,1
2024-01-15,SKU049,184,961100.08,5223.37,0,0,0,2024,1,3,Winter,Product 049,Lighting,Organizer,2024-01-16,2063.03,5223.37,3160.34,0
2024-01-15,SKU050,25,22068.0,882.72,0,0,0,2024,1,3,Winter,Product 050,Storage,Sofa,2024-05-06,701.85,882.72,180.87,0
2024-01-22,SKU001,89,326100.45,3664.05,0,0,1,2024,1,4,Winter,Product 001,Furniture,Chair,2022-04-09,1758.45,3664.05,1905.6,0
2024-01-22,SKU002,62,235952.78,3805.69,0,0,1,2024,1,4,Winter,Product 002,Home Decor,Table,2024-05-01,3867.09,3805.69,-61.4,1
2024-01-22,SKU003,43,347363.89,8078.23,0,0,1,2024,1,4,Winter,Product 003,Kitchen,Cushion,2023-12-22,589.48,8078.23,7488.75,0
2024-01-22,SKU004,33,226431.81,6861.57,0,0,1,2024,1,4,Winter,Product 004,Lighting,Cookware,2023-04-28,1445.74,6861.57,5415.83,0
2024-01-22,SKU005,102,968308.44,9493.22,0,0,1,2024,1,4,Winter,Product 005,Storage,Lamp,2023-04-22,5543.63,9493.22,3949.59,0
2024-01-22,SKU006,39,316135.56,8106.04,0,0,1,2024,1,4,Winter,Product 006,Furniture,Shelf,2024-08-02,6021.91,8106.04,2084.13,0
2024-01-22,SKU007,176,900079.84,5114.09,0,0,1,2024,1,4,Winter,Product 007,Home Decor,Cabinet,2022-04-05,7748.2,5114.09,-2634.11,1
2024-01-22,SKU008,108,1063005.12,9842.64,0,0,1,2024,1,4,Winter,Product 008,Kitchen,Rug,2024-02-07,2775.15,9842.64,7067.49,0
2024-01-22,SKU009,80,186951.2,2336.89,0,0,1,2024,1,4,Winter,Product 009,Lighting,Organizer,2022-08-10,3121.06,2336.89,-784.17,1
2024-01-22,SKU010,115,76297.9,663.46,0,0,1,2024,1,4,Winter,Product 010,Storage,Sofa,2022-04-14,3889.06,663.46,-3225.6,1
2024-01-22,SKU011,15,21668.4,1444.56,0,0,1,2024,1,4,Winter,Product 011,Furniture,Chair,2023-08-03,1718.4,1444.56,-273.84,1
2024-01-22,SKU012,185,1624183.45,8779.37,0,0,1,2024,1,4,Winter,Product 012,Home Decor,Table,2024-12-09,1256.89,8779.37,7522.48,0
2024-01-22,SKU013,97,558504.66,5757.78,0,0,1,2024,1,4,Winter,Product 013,Kitchen,Cushion,2024-03-20,3936.71,5757.78,1821.07,0
2024-01-22,SKU014,132,299739.0,2270.75,0,0,1,2024,1,4,Winter,Product 014,Lighting,Cookware,2024-04-17,2008.55,2270.75,262.2,0
2024-01-22,SKU015,27,167727.24,6212.12,0,0,1,2024,1,4,Winter,Product 015,Storage,Lamp,2024-02-29,5441.06,6212.12,771.06,0
2024-01-22,SKU016,103,223182.46,2166.82,0,0,1,2024,1,4,Winter,Product 016,Furniture,Shelf,2024-05-14,3637.93,2166.82,-1471.11,1
2024-01-22,SKU017,94,796868.08,8477.32,0,0,1,2024,1,4,Winter,Product 017,Home Decor,Cabinet,2023-07-19,6703.26,8477.32,1774.06,0
2024-01-22,SKU018,188,1048177.08,5575.41,0,0,1,2024,1,4,Winter,Product 018,Kitchen,Rug,2022-05-21,5677.05,5575.41,-101.64,1
2024-01-22,SKU019,107,515723.95,4819.85,0,0,1,2024,1,4,Winter,Product 019,Lighting,Organizer,2024-07-12,2670.84,4819.85,2149.01,0
2024-01-22,SKU020,92,358573.68,3897.54,0,0,1,2024,1,4,Winter,Product 020,Storage,Sofa,2023-05-11,6700.01,3897.54,-2802.47,1
2024-01-22,SKU021,50,385564.0,7711.28,0,0,1,2024,1,4,Winter,Product 021,Furniture,Chair,2023-07-05,6486.92,7711.28,1224.36,0
2024-01-22,SKU022,74,340180.22,4597.03,0,0,1,2024,1,4,Winter,Product 022,Home Decor,Table,2023-02-12,3252.96,4597.03,1344.07,0
2024-01-22,SKU023,100,141674.0,1416.74,0,0,1,2024,1,4,Winter,Product 023,Kitchen,Cushion,2022-07-20,2484.54,1416.74,-1067.8,1
2024-01-22,SKU024,87,153891.69,1768.87,0,0,1,2024,1,4,Winter,Product 024,Lighting,Cookware,2024-10-16,5539.34,1768.87,-3770.47,1
2024-01-22,SKU025,24,277392.24,11558.01,0,0,1,2024,1,4,Winter,Product 025,Storage,Lamp,2024-05-09,1333.08,11558.01,10224.93,0
2024-01-22,SKU026,150,1640931.0,10939.54,0,0,1,2024,1,4,Winter,Product 026,Furniture,Shelf,2023-12-10,1799.29,10939.54,9140.25,0
2024-01-22,SKU027,145,1234907.0,8516.6,0,0,1,2024,1,4,Winter,Product 027,Home Decor,Cabinet,2023-03-19,307.06,8516.6,8209.54,0
2024-01-22,SKU028,34,118459.06,3484.09,0,0,1,2024,1,4,Winter,Product 028,Kitchen,Rug,2024-06-24,6348.66,3484.09,-2864.57,1
2024-01-22,SKU029,94,1094390.3,11642.45,0,0,1,2024,1,4,Winter,Product 029,Lighting,Organizer,2023-08-23,5402.59,11642.45,6239.86,0
2024-01-22,SKU030,28,264138.28,9433.51,0,0,1,2024,1,4,Winter,Product 030,Storage,Sofa,2023-05-03,5715.03,9433.51,3718.48,0
2024-01-22,SKU031,144,1255093.92,8715.93,0,0,1,2024,1,4,Winter,Product 031,Furniture,Chair,2023-05-11,6300.65,8715.93,2415.28,0
2024-01-22,SKU032,70,392881.3,5612.59,0,0,1,2024,1,4,Winter,Product 032,Home Decor,Table,2022-09-07,3806.6,5612.59,1805.99,0
2024-01-22,SKU033,127,451866.0,3558.0,0,0,1,2024,1,4,Winter,Product 033,Kitchen,Cushion,2022-04-12,4657.74,3558.0,-1099.74,1
2024-01-22,SKU034,126,191285.64,1518.14,0,0,1,2024,1,4,Winter,Product 034,Lighting,Cookware,2023-09-03,1333.43,1518.14,184.71,0
2024-01-22,SKU035,139,1510956.41,10870.19,0,0,1,2024,1,4,Winter,Product 035,Storage,Lamp,2024-09-03,1137.61,10870.19,9732.58,0
2024-01-22,SKU036,39,221793.0,5687.0,0,0,1,2024,1,4,Winter,Product 036,Furniture,Shelf,2022-03-12,5430.12,5687.0,256.88,0
2024-01-22,SKU037,185,508272.7,2747.42,0,0,1,2024,1,4,Winter,Product 037,Home Decor,Cabinet,2024-08-02,3901.0,2747.42,-1153.58,1
2024-01-22,SKU038,39,154014.9,3949.1,0,0,1,2024,1,4,Winter,Product 038,Kitchen,Rug,2024-06-29,4630.58,3949.1,-681.48,1
2024-01-22,SKU039,20,142379.0,7118.95,0,0,1,2024,1,4,Winter,Product 039,Lighting,Organizer,2022-11-01,6178.74,7118.95,940.21,0
2024-01-22,SKU040,92,225451.52,2450.56,0,0,1,2024,1,4,Winter,Product 040,Storage,Sofa,2023-11-26,5169.07,2450.56,-2718.51,1
2024-01-22,SKU041,82,847611.86,10336.73,0,0,1,2024,1,4,Winter,Product 041,Furniture,Chair,2022-07-01,4540.24,10336.73,5796.49,0
2024-01-22,SKU042,155,1425818.65,9198.83,0,0,1,2024,1,4,Winter,Product 042,Home Decor,Table,2024-04-13,4583.86,9198.83,4614.97,0
2024-01-22,SKU043,166,1451797.82,8745.77,0,0,1,2024,1,4,Winter,Product 043,Kitchen,Cushion,2024-02-10,2605.61,8745.77,6140.16,0
2024-01-22,SKU044,64,346385.92,5412.28,0,0,1,2024,1,4,Winter,Product 044,Lighting,Cookware,2023-01-25,488.84,5412.28,4923.44,0
2024-01-22,SKU045,169,1297375.82,7676.78,0,0,1,2024,1,4,Winter,Product 045,Storage,Lamp,2022-03-16,3634.56,7676.78,4042.22,0
2024-01-22,SKU046,50,358777.0,7175.54,0,0,1,2024,1,4,Winter,Product 046,Furniture,Shelf,2024-12-03,1913.03,7175.54,5262.51,0
2024-01-22,SKU047,96,762069.12,7938.22,0,0,1,2024,1,4,Winter,Product 047,Home Decor,Cabinet,2023-05-06,3416.1,7938.22,4522.12,0
2024-01-22,SKU048,42,57941.1,1379.55,0,0,1,2024,1,4,Winter,Product 048,Kitchen,Rug,2024-09-09,6863.87,1379.55,-5484.32,1
2024-01-22,SKU049,181,945429.97,5223.37,0,0,1,2024,1,4,Winter,Product 049,Lighting,Organizer,2024-01-16,2063.03,5223.37,3160.34,0
2024-01-22,SKU050,37,32660.64,882.72,0,0,1,2024,1,4,Winter,Product 050,Storage,Sofa,2024-05-06,701.85,882.72,180.87,0
2024-01-29,SKU001,119,436021.95,3664.05,0,0,0,2024,1,5,Winter,Product 001,Furniture,Chair,2022-04-09,1758.45,3664.05,1905.6,0
2024-01-29,SKU002,68,258786.92,3805.69,0,0,0,2024,1,5,Winter,Product 002,Home Decor,Table,2024-05-01,3867.09,3805.69,-61.4,1
2024-01-29,SKU003,40,323129.2,8078.23,0,0,0,2024,1,5,Winter,Product 003,Kitchen,Cushion,2023-12-22,589.48,8078.23,7488.75,0
2024-01-29,SKU004,43,295047.51,6861.57,0,0,0,2024,1,5,Winter,Product 004,Lighting,Cookware,2023-04-28,1445.74,6861.57,5415.83,0
2024-01-29,SKU005,129,1224625.38,9493.22,0,0,0,2024,1,5,Winter,Product 005,Storage,Lamp,2023-04-22,5543.63,9493.22,3949.59,0
2024-01-29,SKU006,49,397195.96,8106.04,0,0,0,2024,1,5,Winter,Product 006,Furniture,Shelf,2024-08-02,6021.91,8106.04,2084.13,0
2024-01-29,SKU007,171,874509.39,5114.09,0,0,0,2024,1,5,Winter,Product 007,Home Decor,Cabinet,2022-04-05,7748.2,5114.09,-2634.11,1
2024-01-29,SKU008,114,1122060.96,9842.64,0,0,0,2024,1,5,Winter,Product 008,Kitchen,Rug,2024-02-07,2775.15,9842.64,7067.49,0
2024-01-29,SKU009,103,240699.67,2336.89,0,0,0,2024,1,5,Winter,Product 009,Lighting,Organizer,2022-08-10,3121.06,2336.89,-784.17,1
2024-01-29,SKU010,129,85586.34,663.46,0,0,0,2024,1,5,Winter,Product 010,Storage,Sofa,2022-04-14,3889.06,663.46,-3225.6,1
2024-01-29,SKU011,21,30335.76,1444.56,0,0,0,2024,1,5,Winter,Product 011,Furniture,Chair,2023-08-03,1718.4,1444.56,-273.84,1
2024-01-29,SKU012,186,1632962.82,8779.37,0,0,0,2024,1,5,Winter,Product 012,Home Decor,Table,2024-12-09,1256.89,8779.37,7522.48,0
2024-01-29,SKU013,98,564262.44,5757.78,0,0,0,2024,1,5,Winter,Product 013,Kitchen,Cushion,2024-03-20,3936.71,5757.78,1821.07,0
2024-01-29,SKU014,138,313363.5,2270.75,0,0,0,2024,1,5,Winter,Product 014,Lighting,Cookware,2024-04-17,2008.55,2270.75,262.2,0
2024-01-29,SKU015,35,217424.2,6212.12,0,0,0,2024,1,5,Winter,Product 015,Storage,Lamp,2024-02-29,5441.06,6212.12,771.06,0
2024-01-29,SKU016,96,208014.72,2166.82,0,0,0,2024,1,5,Winter,Product 016,Furniture,Shelf,2024-05-14,3637.93,2166.82,-1471.11,1
2024-01-29,SKU017,89,754481.48,8477.32,0,0,0,2024,1,5,Winter,Product 017,Home Decor,Cabinet,2023-07-19,6703.26,8477.32,1774.06,0
2024-01-29,SKU018,162,903216.42,5575.41,0,0,0,2024,1,5,Winter,Product 018,Kitchen,Rug,2022-05-21,5677.05,5575.41,-101.64,1
2024-01-29,SKU019,136,655499.6,4819.85,0,0,0,2024,1,5,Winter,Product 019,Lighting,Organizer,2024-07-12,2670.84,4819.85,2149.01,0
2024-01-29,SKU020,94,366368.76,3897.54,0,0,0,2024,1,5,Winter,Product 020,Storage,Sofa,2023-05-11,6700.01,3897.54,-2802.47,1
2024-01-29,SKU021,71,547500.88,7711.28,0,0,0,2024,1,5,Winter,Product 021,Furniture,Chair,2023-07-05,6486.92,7711.28,1224.36,0
2024-01-29,SKU022,57,262030.71,4597.03,0,0,0,2024,1,5,Winter,Product 022,Home Decor,Table,2023-02-12,3252.96,4597.03,1344.07,0
2024-01-29,SKU023,126,178509.24,1416.74,0,0,0,2024,1,5,Winter,Product 023,Kitchen,Cushion,2022-07-20,2484.54,1416.74,-1067.8,1
2024-01-29,SKU024,100,176887.0,1768.87,0,0,0,2024,1,5,Winter,Product 024,Lighting,Cookware,2024-10-16,5539.34,1768.87,-3770.47,1
2024-01-29,SKU025,18,208044.18,11558.01,0,0,0,2024,1,5,Winter,Product 025,Storage,Lamp,2024-05-09,1333.08,11558.01,10224.93,0
2024-01-29,SKU026,158,1728447.32,10939.54,0,0,0,2024,1,5,Winter,Product 026,Furniture,Shelf,2023-12-10,1799.29,10939.54,9140.25,0
2024-01-29,SKU027,182,1550021.2,8516.6,0,0,0,2024,1,5,Winter,Product 027,Home Decor,Cabinet,2023-03-19,307.06,8516.6,8209.54,0
2024-01-29,SKU028,40,139363.6,3484.09,0,0,0,2024,1,5,Winter,Product 028,Kitchen,Rug,2024-06-24,6348.66,3484.09,-2864.57,1
2024-01-29,SKU029,109,1269027.05,11642.45,0,0,0,2024,1,5,Winter,Product 029,Lighting,Organizer,2023-08-23,5402.59,11642.45,6239.86,0
2024-01-29,SKU030,29,273571.79,9433.51,0,0,0,2024,1,5,Winter,Product 030,Storage,Sofa,2023-05-03,5715.03,9433.51,3718.48,0
2024-01-29,SKU031,138,1202798.34,8715.93,0,0,0,2024,1,5,Winter,Product 031,Furniture,Chair,2023-05-11,6300.65,8715.93,2415.28,0
2024-01-29,SKU032,64,359205.76,5612.59,0,0,0,2024,1,5,Winter,Product 032,Home Decor,Table,2022-09-07,3806.6,5612.59,1805.99,0
2024-01-29,SKU033,123,437634.0,3558.0,0,0,0,2024,1,5,Winter,Product 033,Kitchen,Cushion,2022-04-12,4657.74,3558.0,-1099.74,1
2024-01-29,SKU034,153,232275.42,1518.14,0,0,0,2024,1,5,Winter,Product 034,Lighting,Cookware,2023-09-03,1333.43,1518.14,184.71,0
2024-01-29,SKU035,154,1674009.26,10870.19,0,0,0,2024,1,5,Winter,Product 035,Storage,Lamp,2024-09-03,1137.61,10870.19,9732.58,0
2024-01-29,SKU036,46,261602.0,5687.0,0,0,0,2024,1,5,Winter,Product 036,Furniture,Shelf,2022-03-12,5430.12,5687.0,256.88,0
2024-01-29,SKU037,155,425850.1,2747.42,0,0,0,2024,1,5,Winter,Product 037,Home Decor,Cabinet,2024-08-02,3901.0,2747.42,-1153.58,1
2024-01-29,SKU038,58,229047.8,3949.1,0,0,0,2024,1,5,Winter,Product 038,Kitchen,Rug,2024-06-29,4630.58,3949.1,-681.48,1
2024-01-29,SKU039,27,192211.65,7118.95,0,0,0,2024,1,5,Winter,Product 039,Lighting,Organizer,2022-11-01,6178.74,7118.95,940.21,0
2024-01-29,SKU040,118,289166.08,2450.56,0,0,0,2024,1,5,Winter,Product 040,Storage,Sofa,2023-11-26,5169.07,2450.56,-2718.51,1
2024-01-29,SKU041,83,857948.59,10336.73,0,0,0,2024,1,5,Winter,Product 041,Furniture,Chair,2022-07-01,4540.24,10336.73,5796.49,0
2024-01-29,SKU042,157,1444216.31,9198.83,0,0,0,2024,1,5,Winter,Product 042,Home Decor,Table,2024-04-13,4583.86,9198.83,4614.97,0
2024-01-29,SKU043,173,1513018.21,8745.77,0,0,0,2024,1,5,Winter,Product 043,Kitchen,Cushion,2024-02-10,2605.61,8745.77,6140.16,0
2024-01-29,SKU044,76,411333.28,5412.28,0,0,0,2024,1,5,Winter,Product 044,Lighting,Cookware,2023-01-25,488.84,5412.28,4923.44,0
2024-01-29,SKU045,191,1466264.98,7676.78,0,0,0,2024,1,5,Winter,Product 045,Storage,Lamp,2022-03-16,3634.56,7676.78,4042.22,0
2024-01-29,SKU046,73,523814.42,7175.54,0,0,0,2024,1,5,Winter,Product 046,Furniture,Shelf,2024-12-03,1913.03,7175.54,5262.51,0
2024-01-29,SKU047,104,825574.88,7938.22,0,0,0,2024,1,5,Winter,Product 047,Home Decor,Cabinet,2023-05-06,3416.1,7938.22,4522.12,0
2024-01-29,SKU048,52,71736.6,1379.55,0,0,0,2024,1,5,Winter,Product 048,Kitchen,Rug,2024-09-09,6863.87,1379.55,-5484.32,1
2024-01-29,SKU049,178,929759.86,5223.37,0,0,0,2024,1,5,Winter,Product 049,Lighting,Organizer,2024-01-16,2063.03,5223.37,3160.34,0
2024-01-29,SKU050,42,37074.24,882.72,0,0,0,2024,1,5,Winter,Product 050,Storage,Sofa,2024-05-06,701.85,882.72,180.87,0
2024-02-05,SKU001,112,410373.6,3664.05,0,0,0,2024,2,6,Winter,Product 001,Furniture,Chair,2022-04-09,1758.45,3664.05,1905.6,0
2024-02-05,SKU002,72,274009.68,3805.69,0,0,0,2024,2,6,Winter,Product 002,Home Decor,Table,2024-05-01,3867.09,3805.69,-61.4,1
2024-02-05,SKU003,46,371598.58,8078.23,0,0,0,2024,2,6,Winter,Product 003,Kitchen,Cushion,2023-12-22,589.48,8078.23,7488.75,0
2024-02-05,SKU004,34,233293.38,6861.57,0,0,0,2024,2,6,Winter,Product 004,Lighting,Cookware,2023-04-28,1445.74,6861.57,5415.83,0
2024-02-05,SKU005,135,1281584.7,9493.22,0,0,0,2024,2,6,Winter,Product 005,Storage,Lamp,2023-04-22,5543.63,9493.22,3949.59,0
2024-02-05,SKU006,50,405302.0,8106.04,0,0,0,2024,2,6,Winter,Product 006,Furniture,Shelf,2024-08-02,6021.91,8106.04,2084.13,0
2024-02-05,SKU007,163,833596.67,5114.09,0,0,0,2024,2,6,Winter,Product 007,Home Decor,Cabinet,2022-04-05,7748.2,5114.09,-2634.11,1
2024-02-05,SKU008,113,1112218.32,9842.64,0,0,0,2024,2,6,Winter,Product 008,Kitchen,Rug,2024-02-07,2775.15,9842.64,7067.49,0
2024-02-05,SKU009,85,198635.65,2336.89,0,0,0,2024,2,6,Winter,Product 009,Lighting,Organizer,2022-08-10,3121.06,2336.89,-784.17,1
2024-02-05,SKU010,136,90230.56,663.46,0,0,0,2024,2,6,Winter,Product 010,Storage,Sofa,2022-04-14,3889.06,663.46,-3225.6,1
2024-02-05,SKU011,14,20223.84,1444.56,0,0,0,2024,2,6,Winter,Product 011,Furniture,Chair,2023-08-03,1718.4,1444.56,-273.84,1
2024-02-05,SKU012,206,1808550.22,8779.37,0,0,0,2024,2,6,Winter,Product 012,Home Decor,Table,2024-12-09,1256.89,8779.37,7522.48,0
2024-02-05,SKU013,117,673660.26,5757.78,0,0,0,2024,2,6,Winter,Product 013,Kitchen,Cushion,2024-03-20,3936.71,5757.78,1821.07,0
2024-02-05,SKU014,165,374673.75,2270.75,0,0,0,2024,2,6,Winter,Product 014,Lighting,Cookware,2024-04-17,2008.55,2270.75,262.2,0
2024-02-05,SKU015,46,285757.52,6212.12,0,0,0,2024,2,6,Winter,Product 015,Storage,Lamp,2024-02-29,5441.06,6212.12,771.06,0
2024-02-05,SKU016,96,208014.72,2166.82,0,0,0,2024,2,6,Winter,Product 016,Furniture,Shelf,2024-05-14,3637.93,2166.82,-1471.11,1
2024-02-05,SKU017,96,813822.72,8477.32,0,0,0,2024,2,6,Winter,Product 017,Home Decor,Cabinet,2023-07-19,6703.26,8477.32,1774.06,0
2024-02-05,SKU018,171,953395.11,5575.41,0,0,0,2024,2,6,Winter,Product 018,Kitchen,Rug,2022-05-21,5677.05,5575.41,-101.64,1
2024-02-05,SKU019,119,573562.15,4819.85,0,0,0,2024,2,6,Winter,Product 019,Lighting,Organizer,2024-07-12,2670.84,4819.85,2149.01,0
2024-02-05,SKU020,118,459909.72,3897.54,0,0,0,2024,2,6,Winter,Product 020,Storage,Sofa,2023-05-11,6700.01,3897.54,-2802.47,1
2024-02-05,SKU021,54,416409.12,7711.28,0,0,0,2024,2,6,Winter,Product 021,Furniture,Chair,2023-07-05,6486.92,7711.28,1224.36,0
2024-02-05,SKU022,87,399941.61,4597.03,0,0,0,2024,2,6,Winter,Product 022,Home Decor,Table,2023-02-12,3252.96,4597.03,1344.07,0
2024-02-05,SKU023,126,178509.24,1416.74,0,0,0,2024,2,6,Winter,Product 023,Kitchen,Cushion,2022-07-20,2484.54,1416.74,-1067.8,1
2024-02-05,SKU024,106,187500.22,1768.87,0,0,0,2024,2,6,Winter,Product 024,Lighting,Cookware,2024-10-16,5539.34,1768.87,-3770.47,1
2024-02-05,SKU025,19,219602.19,11558.01,0,0,0,2024,2,6,Winter,Product 025,Storage,Lamp,2024-05-09,1333.08,11558.01,10224.93,0
2024-02-05,SKU026,195,2133210.3,10939.54,0,0,0,2024,2,6,Winter,Product 026,Furniture,Shelf,2023-12-10,1799.29,10939.54,9140.25,0
2024-02-05,SKU027,188,1601120.8,8516.6,0,0,0,2024,2,6,Winter,Product 027,Home Decor,Cabinet,2023-03-19,307.06,8516.6,8209.54,0
2024-02-05,SKU028,37,128911.33,3484.09,0,0,0,2024,2,6,Winter,Product 028,Kitchen,Rug,2024-06-24,6348.66,3484.09,-2864.57,1
2024-02-05,SKU029,102,1187529.9,11642.45,0,0,0,2024,2,6,Winter,Product 029,Lighting,Organizer,2023-08-23,5402.59,11642.45,6239.86,0
2024-02-05,SKU030,30,283005.3,9433.51,0,0,0,2024,2,6,Winter,Product 030,Storage,Sofa,2023-05-03,5715.03,9433.51,3718.48,0
2024-02-05,SKU031,137,1194082.41,8715.93,0,0,0,2024,2,6,Winter,Product 031,Furniture,Chair,2023-05-11,6300.65,8715.93,2415.28,0
2024-02-05,SKU032,89,499520.51,5612.59,0,0,0,2024,2,6,Winter,Product 032,Home Decor,Table,2022-09-07,3806.6,5612.59,1805.99,0
2024-02-05,SKU033,144,512352.0,3558.0,0,0,0,2024,2,6,Winter,Product 033,Kitchen,Cushion,2022-04-12,4657.74,3558.0,-1099.74,1
2024-02-05,SKU034,160,242902.4,1518.14,0,0,0,2024,2,6,Winter,Product 034,Lighting,Cookware,2023-09-03,1333.43,1518.14,184.71,0
2024-02-05,SKU035,153,1663139.07,10870.19,0,0,0,2024,2,6,Winter,Product 035,Storage,Lamp,2024-09-03,1137.61,10870.19,9732.58,0
2024-02-05,SKU036,29,164923.0,5687.0,0,0,0,2024,2,6,Winter,Product 036,Furniture,Shelf,2022-03-12,5430.12,5687.0,256.88,0
2024-02-05,SKU037,171,469808.82,2747.42,0,0,0,2024,2,6,Winter,Product 037,Home Decor,Cabinet,2024-08-02,3901.0,2747.42,-1153.58,1
2024-02-05,SKU038,48,189556.8,3949.1,0,0,0,2024,2,6,Winter,Product 038,Kitchen,Rug,2024-06-29,4630.58,3949.1,-681.48,1
2024-02-05,SKU039,21,149497.95,7118.95,0,0,0,2024,2,6,Winter,Product 039,Lighting,Organizer,2022-11-01,6178.74,7118.95,940.21,0
2024-02-05,SKU040,117,286715.52,2450.56,0,0,0,2024,2,6,Winter,Product 040,Storage,Sofa,2023-11-26,5169.07,2450.56,-2718.51,1
2024-02-05,SKU041,76,785591.48,10336.73,0,0,0,2024,2,6,Winter,Product 041,Furniture,Chair,2022-07-01,4540.24,10336.73,5796.49,0
2024-02-05,SKU042,165,1517806.95,9198.83,0,0,0,2024,2,6,Winter,Product 042,Home Decor,Table,2024-04-13,4583.86,9198.83,4614.97,0
2024-02-05,SKU043,177,1548001.29,8745.77,0,0,0,2024,2,6,Winter,Product 043,Kitchen,Cushion,2024-02-10,2605.61,8745.77,6140.16,0
2024-02-05,SKU044,65,351798.2,5412.28,0,0,0,2024,2,6,Winter,Product 044,Lighting,Cookware,2023-01-25,488.84,5412.28,4923.44,0
2024-02-05,SKU045,204,1566063.12,7676.78,0,0,0,2024,2,6,Winter,Product 045,Storage,Lamp,2022-03-16,3634.56,7676.78,4042.22,0
2024-02-05,SKU046,69,495112.26,7175.54,0,0,0,2024,2,6,Winter,Product 046,Furniture,Shelf,2024-12-03,1913.03,7175.54,5262.51,0
2024-02-05,SKU047,113,897018.86,7938.22,0,0,0,2024,2,6,Winter,Product 047,Home Decor,Cabinet,2023-05-06,3416.1,7938.22,4522.12,0
2024-02-05,SKU048,61,84152.55,1379.55,0,0,0,2024,2,6,Winter,Product 048,Kitchen,Rug,2024-09-09,6863.87,1379.55,-5484.32,1
2024-02-05,SKU049,191,997663.67,5223.37,0,0,0,2024,2,6,Winter,Product 049,Lighting,Organizer,2024-01-16,2063.03,5223.37,3160.34,0
2024-02-05,SKU050,38,33543.36,882.72,0,0,0,2024,2,6,Winter,Product 050,Storage,Sofa,2024-05-06,701.85,882.72,180.87,0
2024-02-12,SKU001,104,381061.2,3664.05,0,0,0,2024,2,7,Winter,Product 001,Furniture,Chair,2022-04-09,1758.45,3664.05,1905.6,0
2024-02-12,SKU002,65,247369.85,3805.69,0,0,0,2024,2,7,Winter,Product 002,Home Decor,Table,2024-05-01,3867.09,3805.69,-61.4,1
2024-02-12,SKU003,34,274659.82,8078.23,0,0,0,2024,2,7,Winter,Product 003,Kitchen,Cushion,2023-12-22,589.48,8078.23,7488.75,0
2024-02-12,SKU004,35,240154.95,6861.57,0,0,0,2024,2,7,Winter,Product 004,Lighting,Cookware,2023-04-28,1445.74,6861.57,5415.83,0
2024-02-12,SKU005,144,1367023.68,9493.22,0,0,0,2024,2,7,Winter,Product 005,Storage,Lamp,2023-04-22,5543.63,9493.22,3949.59,0
2024-02-12,SKU006,52,421514.08,8106.04,0,0,0,2024,2,7,Winter,Product 006,Furniture,Shelf,2024-08-02,6021.91,8106.04,2084.13,0
2024-02-12,SKU007,195,997247.55,5114.09,0,0,0,2024,2,7,Winter,Product 007,Home Decor,Cabinet,2022-04-05,7748.2,5114.09,-2634.11,1
2024-02-12,SKU008,107,1053162.48,9842.64,0,0,0,2024,2,7,Winter,Product 008,Kitchen,Rug,2024-02-07,2775.15,9842.64,7067.49,0
2024-02-12,SKU009,79,184614.31,2336.89,0,0,0,2024,2,7,Winter,Product 009,Lighting,Organizer,2022-08-10,3121.06,2336.89,-784.17,1
2024-02-12,SKU010,133,88240.18,663.46,0,0,0,2024,2,7,Winter,Product 010,Storage,Sofa,2022-04-14,3889.06,663.46,-3225.6,1
2024-02-12,SKU011,20,28891.2,1444.56,0,0,0,2024,2,7,Winter,Product 011,Furniture,Chair,2023-08-03,1718.4,1444.56,-273.84,1
2024-02-12,SKU012,192,1685639.04,8779.37,0,0,0,2024,2,7,Winter,Product 012,Home Decor,Table,2024-12-09,1256.89,8779.37,7522.48,0
2024-02-12,SKU013,111,639113.58,5757.78,0,0,0,2024,2,7,Winter,Product 013,Kitchen,Cushion,2024-03-20,3936.71,5757.78,1821.07,0
2024-02-12,SKU014,169,383756.75,2270.75,0,0,0,2024,2,7,Winter,Product 014,Lighting,Cookware,2024-04-17,2008.55,2270.75,262.2,0
2024-02-12,SKU015,29,180151.48,6212.12,0,0,0,2024,2,7,Winter,Product 015,Storage,Lamp,2024-02-29,5441.06,6212.12,771.06,0
2024-02-12,SKU016,101,218848.82,2166.82,0,0,0,2024,2,7,Winter,Product 016,Furniture,Shelf,2024-05-14,3637.93,2166.82,-1471.11,1
2024-02-12,SKU017,99,839254.68,8477.32,0,0,0,2024,2,7,Winter,Product 017,Home Decor,Cabinet,2023-07-19,6703.26,8477.32,1774.06,0
2024-02-12,SKU018,178,992422.98,5575.41,0,0,0,2024,2,7,Winter,Product 018,Kitchen,Rug,2022-05-21,5677.05,5575.41,-101.64,1
2024-02-12,SKU019,117,563922.45,4819.85,0,0,0,2024,2,7,Winter,Product 019,Lighting,Organizer,2024-07-12,2670.84,4819.85,2149.01,0
2024-02-12,SKU020,114,444319.56,3897.54,0,0,0,2024,2,7,Winter,Product 020,Storage,Sofa,2023-05-11,6700.01,3897.54,-2802.47,1
2024-02-12,SKU021,67,516655.76,7711.28,0,0,0,2024,2,7,Winter,Product 021,Furniture,Chair,2023-07-05,6486.92,7711.28,1224.36,0
2024-02-12,SKU022,80,367762.4,4597.03,0,0,0,2024,2,7,Winter,Product 022,Home Decor,Table,2023-02-12,3252.96,4597.03,1344.07,0
2024-02-12,SKU023,109,154424.66,1416.74,0,0,0,2024,2,7,Winter,Product 023,Kitchen,Cushion,2022-07-20,2484.54,1416.74,-1067.8,1
2024-02-12,SKU024,84,148585.08,1768.87,0,0,0,2024,2,7,Winter,Product 024,Lighting,Cookware,2024-10-16,5539.34,1768.87,-3770.47,1
2024-02-12,SKU025,18,208044.18,11558.01,0,0,0,2024,2,7,Winter,Product 025,Storage,Lamp,2024-05-09,1333.08,11558.01,10224.93,0
2024-02-12,SKU026,169,1848782.26,10939.54,0,0,0,2024,2,7,Winter,Product 026,Furniture,Shelf,2023-12-10,1799.29,10939.54,9140.25,0
2024-02-12,SKU027,177,1507438.2,8516.6,0,0,0,2024,2,7,Winter,Product 027,Home Decor,Cabinet,2023-03-19,307.06,8516.6,8209.54,0
2024-02-12,SKU028,43,149815.87,3484.09,0,0,0,2024,2,7,Winter,Product 028,Kitchen,Rug,2024-06-24,6348.66,3484.09,-2864.57,1
2024-02-12,SKU029,114,1327239.3,11642.45,0,0,0,2024,2,7,Winter,Product 029,Lighting,Organizer,2023-08-23,5402.59,11642.45,6239.86,0
2024-02-12,SKU030,36,339606.36,9433.51,0,0,0,2024,2,7,Winter,Product 030,Storage,Sofa,2023-05-03,5715.03,9433.51,3718.48,0
2024-02-12,SKU031,137,1194082.41,8715.93,0,0,0,2024,2,7,Winter,Product 031,Furniture,Chair,2023-05-11,6300.65,8715.93,2415.28,0
2024-02-12,SKU032,69,387268.71,5612.59,0,0,0,2024,2,7,Winter,Product 032,Home Decor,Table,2022-09-07,3806.6,5612.59,1805.99,0
2024-02-12,SKU033,105,373590.0,3558.0,0,0,0,2024,2,7,Winter,Product 033,Kitchen,Cushion,2022-04-12,4657.74,3558.0,-1099.74,1
2024-02-12,SKU034,142,215575.88,1518.14,0,0,0,2024,2,7,Winter,Product 034,Lighting,Cookware,2023-09-03,1333.43,1518.14,184.71,0
2024-02-12,SKU035,165,1793581.35,10870.19,0,0,0,2024,2,7,Winter,Product 035,Storage,Lamp,2024-09-03,1137.61,10870.19,9732.58,0
2024-02-12,SKU036,41,233167.0,5687.0,0,0,0,2024,2,7,Winter,Product 036,Furniture,Shelf,2022-03-12,5430.12,5687.0,256.88,0
2024-02-12,SKU037,189,519262.38,2747.42,0,0,0,2024,2,7,Winter,Product 037,Home Decor,Cabinet,2024-08-02,3901.0,2747.42,-1153.58,1
2024-02-12,SKU038,56,221149.6,3949.1,0,0,0,2024,2,7,Winter,Product 038,Kitchen,Rug,2024-06-29,4630.58,3949.1,-681.48,1
2024-02-12,SKU039,28,199330.6,7118.95,0,0,0,2024,2,7,Winter,Product 039,Lighting,Organizer,2022-11-01,6178.74,7118.95,940.21,0
2024-02-12,SKU040,122,298968.32,2450.56,0,0,0,2024,2,7,Winter,Product 040,Storage,Sofa,2023-11-26,5169.07,2450.56,-2718.51,1
2024-02-12,SKU041,77,795928.21,10336.73,0,0,0,2024,2,7,Winter,Product 041,Furniture,Chair,2022-07-01,4540.24,10336.73,5796.49,0
2024-02-12,SKU042,148,1361426.84,9198.83,0,0,0,2024,2,7,Winter,Product 042,Home Decor,Table,2024-04-13,4583.86,9198.83,4614.97,0
2024-02-12,SKU043,152,1329357.04,8745.77,0,0,0,2024,2,7,Winter,Product 043,Kitchen,Cushion,2024-02-10,2605.61,8745.77,6140.16,0
2024-02-12,SKU044,77,416745.56,5412.28,0,0,0,2024,2,7,Winter,Product 044,Lighting,Cookware,2023-01-25,488.84,5412.28,4923.44,0
2024-02-12,SKU045,189,1450911.42,7676.78,0,0,0,2024,2,7,Winter,Product 045,Storage,Lamp,2022-03-16,3634.56,7676.78,4042.22,0
2024-02-12,SKU046,73,523814.42,7175.54,0,0,0,2024,2,7,Winter,Product 046,Furniture,Shelf,2024-12-03,1913.03,7175.54,5262.51,0
2024-02-12,SKU047,124,984339.28,7938.22,0,0,0,2024,2,7,Winter,Product 047,Home Decor,Cabinet,2023-05-06,3416.1,7938.22,4522.12,0
2024-02-12,SKU048,54,74495.7,1379.55,0,0,0,2024,2,7,Winter,Product 048,Kitchen,Rug,2024-09-09,6863.87,1379.55,-5484.32,1
2024-02-12,SKU049,194,1013333.78,5223.37,0,0,0,2024,2,7,Winter,Product 049,Lighting,Organizer,2024-01-16,2063.03,5223.37,3160.34,0
2024-02-12,SKU050,33,29129.76,882.72,0,0,0,2024,2,7,Winter,Product 050,Storage,Sofa,2024-05-06,701.85,882.72,180.87,0
2024-02-19,SKU001,120,439686.0,3664.05,0,0,0,2024,2,8,Winter,Product 001,Furniture,Chair,2022-04-09,1758.45,3664.05,1905.6,0
2024-02-19,SKU002,64,243564.16,3805.69,0,0,0,2024,2,8,Winter,Product 002,Home Decor,Table,2024-05-01,3867.09,3805.69,-61.4,1
2024-02-19,SKU003,44,355442.12,8078.23,0,0,0,2024,2,8,Winter,Product 003,Kitchen,Cushion,2023-12-22,589.48,8078.23,7488.75,0
2024-02-19,SKU004,22,150954.54,6861.57,0,0,0,2024,2,8,Winter,Product 004,Lighting,Cookware,2023-04-28,1445.74,6861.57,5415.83,0
2024-02-19,SKU005,124,1177159.28,9493.22,0,0,0,2024,2,8,Winter,Product 005,Storage,Lamp,2023-04-22,5543.63,9493.22,3949.59,0
2024-02-19,SKU006,50,405302.0,8106.04,0,0,0,2024,2,8,Winter,Product 006,Furniture,Shelf,2024-08-02,6021.91,8106.04,2084.13,0
2024-02-19,SKU007,173,884737.57,5114.09,0,0,0,2024,2,8,Winter,Product 007,Home Decor,Cabinet,2022-04-05,7748.2,5114.09,-2634.11,1
2024-02-19,SKU008,118,1161431.52,9842.64,0,0,0,2024,2,8,Winter,Product 008,Kitchen,Rug,2024-02-07,2775.15,9842.64,7067.49,0
2024-02-19,SKU009,80,186951.2,2336.89,0,0,0,2024,2,8,Winter,Product 009,Lighting,Organizer,2022-08-10,3121.06,2336.89,-784.17,1
2024-02-19,SKU010,146,96865.16,663.46,0,0,0,2024,2,8,Winter,Product 010,Storage,Sofa,2022-04-14,3889.06,663.46,-3225.6,1
2024-02-19,SKU011,28,40447.68,1444.56,0,0,0,2024,2,8,Winter,Product 011,Furniture,Chair,2023-08-03,1718.4,1444.56,-273.84,1
2024-02-19,SKU012,190,1668080.3,8779.37,0,0,0,2024,2,8,Winter,Product 012,Home Decor,Table,2024-12-09,1256.89,8779.37,7522.48,0
2024-02-19,SKU013,94,541231.32,5757.78,0,0,0,2024,2,8,Winter,Product 013,Kitchen,Cushion,2024-03-20,3936.71,5757.78,1821.07,0
2024-02-19,SKU014,147,333800.25,2270.75,0,0,0,2024,2,8,Winter,Product 014,Lighting,Cookware,2024-04-17,2008.55,2270.75,262.2,0
2024-02-19,SKU015,35,217424.2,6212.12,0,0,0,2024,2,8,Winter,Product 015,Storage,Lamp,2024-02-29,5441.06,6212.12,771.06,0
2024-02-19,SKU016,97,210181.54,2166.82,0,0,0,2024,2,8,Winter,Product 016,Furniture,Shelf,2024-05-14,3637.93,2166.82,-1471.11,1
2024-02-19,SKU017,80,678185.6,8477.32,0,0,0,2024,2,8,Winter,Product 017,Home Decor,Cabinet,2023-07-19,6703.26,8477.32,1774.06,0
2024-02-19,SKU018,205,1142959.05,5575.41,0,0,0,2024,2,8,Winter,Product 018,Kitchen,Rug,2022-05-21,5677.05,5575.41,-101.64,1
2024-02-19,SKU019,117,563922.45,4819.85,0,0,0,2024,2,8,Winter,Product 019,Lighting,Organizer,2024-07-12,2670.84,4819.85,2149.01,0
2024-02-19,SKU020,108,420934.32,3897.54,0,0,0,2024,2,8,Winter,Product 020,Storage,Sofa,2023-05-11,6700.01,3897.54,-2802.47,1
2024-02-19,SKU021,71,547500.88,7711.28,0,0,0,2024,2,8,Winter,Product 021,Furniture,Chair,2023-07-05,6486.92,7711.28,1224.36,0
2024-02-19,SKU022,69,317195.07,4597.03,0,0,0,2024,2,8,Winter,Product 022,Home Decor,Table,2023-02-12,3252.96,4597.03,1344.07,0
2024-02-19,SKU023,99,140257.26,1416.74,0,0,0,2024,2,8,Winter,Product 023,Kitchen,Cushion,2022-07-20,2484.54,1416.74,-1067.8,1
2024-02-19,SKU024,90,159198.3,1768.87,0,0,0,2024,2,8,Winter,Product 024,Lighting,Cookware,2024-10-16,5539.34,1768.87,-3770.47,1
2024-02-19,SKU025,23,265834.23,11558.01,0,0,0,2024,2,8,Winter,Product 025,Storage,Lamp,2024-05-09,1333.08,11558.01,10224.93,0
2024-02-19,SKU026,171,1870661.34,10939.54,0,0,0,2024,2,8,Winter,Product 026,Furniture,Shelf,2023-12-10,1799.29,10939.54,9140.25,0
2024-02-19,SKU027,158,1345622.8,8516.6,0,0,0,2024,2,8,Winter,Product 027,Home Decor,Cabinet,2023-03-19,307.06,8516.6,8209.54,0
2024-02-19,SKU028,34,118459.06,3484.09,0,0,0,2024,2,8,Winter,Product 028,Kitchen,Rug,2024-06-24,6348.66,3484.09,-2864.57,1
2024-02-19,SKU029,112,1303954.4,11642.45,0,0,0,2024,2,8,Winter,Product 029,Lighting,Organizer,2023-08-23,5402.59,11642.45,6239.86,0
2024-02-19,SKU030,42,396207.42,9433.51,0,0,0,2024,2,8,Winter,Product 030,Storage,Sofa,2023-05-03,5715.03,9433.51,3718.48,0
2024-02-19,SKU031,150,1307389.5,8715.93,0,0,0,2024,2,8,Winter,Product 031,Furniture,Chair,2023-05-11,6300.65,8715.93,2415.28,0
2024-02-19,SKU032,77,432169.43,5612.59,0,0,0,2024,2,8,Winter,Product 032,Home Decor,Table,2022-09-07,3806.6,5612.59,1805.99,0
2024-02-19,SKU033,125,444750.0,3558.0,0,0,0,2024,2,8,Winter,Product 033,Kitchen,Cushion,2022-04-12,4657.74,3558.0,-1099.74,1
2024-02-19,SKU034,132,200394.48,1518.14,0,0,0,2024,2,8,Winter,Product 034,Lighting,Cookware,2023-09-03,1333.43,1518.14,184.71,0
2024-02-19,SKU035,163,1771840.97,10870.19,0,0,0,2024,2,8,Winter,Product 035,Storage,Lamp,2024-09-03,1137.61,10870.19,9732.58,0
2024-02-19,SKU036,33,187671.0,5687.0,0,0,0,2024,2,8,Winter,Product 036,Furniture,Shelf,2022-03-12,5430.12,5687.0,256.88,0
2024-02-19,SKU037,188,516514.96,2747.42,0,0,0,2024,2,8,Winter,Product 037,Home Decor,Cabinet,2024-08-02,3901.0,2747.42,-1153.58,1
2024-02-19,SKU038,55,217200.5,3949.1,0,0,0,2024,2,8,Winter,Product 038,Kitchen,Rug,2024-06-29,4630.58,3949.1,-681.48,1
2024-02-19,SKU039,30,213568.5,7118.95,0,0,0,2024,2,8,Winter,Product 039,Lighting,Organizer,2022-11-01,6178.74,7118.95,940.21,0
2024-02-19,SKU040,110,269561.6,2450.56,0,0,0,2024,2,8,Winter,Product 040,Storage,Sofa,2023-11-26,5169.07,2450.56,-2718.51,1
2024-02-19,SKU041,72,744244.56,10336.73,0,0,0,2024,2,8,Winter,Product 041,Furniture,Chair,2022-07-01,4540.24,10336.73,5796.49,0
2024-02-19,SKU042,162,1490210.46,9198.83,0,0,0,2024,2,8,Winter,Product 042,Home Decor,Table,2024-04-13,4583.86,9198.83,4614.97,0
2024-02-19,SKU043,168,1469289.36,8745.77,0,0,0,2024,2,8,Winter,Product 043,Kitchen,Cushion,2024-02-10,2605.61,8745.77,6140.16,0
2024-02-19,SKU044,70,378859.6,5412.28,0,0,0,2024,2,8,Winter,Product 044,Lighting,Cookware,2023-01-25,488.84,5412.28,4923.44,0
2024-02-19,SKU045,181,1389497.18,7676.78,0,0,0,2024,2,8,Winter,Product 045,Storage,Lamp,2022-03-16,3634.56,7676.78,4042.22,0
2024-02-19,SKU046,66,473585.64,7175.54,0,0,0,2024,2,8,Winter,Product 046,Furniture,Shelf,2024-12-03,1913.03,7175.54,5262.51,0
2024-02-19,SKU047,99,785883.78,7938.22,0,0,0,2024,2,8,Winter,Product 047,Home Decor,Cabinet,2023-05-06,3416.1,7938.22,4522.12,0
2024-02-19,SKU048,64,88291.2,1379.55,0,0,0,2024,2,8,Winter,Product 048,Kitchen,Rug,2024-09-09,6863.87,1379.55,-5484.32,1
2024-02-19,SKU049,186,971546.82,5223.37,0,0,0,2024,2,8,Winter,Product 049,Lighting,Organizer,2024-01-16,2063.03,5223.37,3160.34,0
2024-02-19,SKU050,35,30895.2,882.72,0,0,0,2024,2,8,Winter,Product 050,Storage,Sofa,2024-05-06,701.85,882.72,180.87,0
2024-02-26,SKU001,103,377397.15,3664.05,2,2,0,2024,2,9,Winter,Product 001,Furniture,Chair,2022-04-09,1758.45,3664.05,1905.6,0
2024-02-26,SKU002,74,281621.06,3805.69,2,2,0,2024,2,9,Winter,Product 002,Home Decor,Table,2024-05-01,3867.09,3805.69,-61.4,1
2024-02-26,SKU003,52,420067.96,8078.23,2,2,0,2024,2,9,Winter,Product 003,Kitchen,Cushion,2023-12-22,589.48,8078.23,7488.75,0
2024-02-26,SKU004,45,308770.65,6861.57,2,2,0,2024,2,9,Winter,Product 004,Lighting,Cookware,2023-04-28,1445.74,6861.57,5415.83,0
2024-02-26,SKU005,134,1272091.48,9493.22,2,2,0,2024,2,9,Winter,Product 005,Storage,Lamp,2023-04-22,5543.63,9493.22,3949.59,0
2024-02-26,SKU006,56,453938.24,8106.04,2,2,0,2024,2,9,Winter,Product 006,Furniture,Shelf,2024-08-02,6021.91,8106.04,2084.13,0
2024-02-26,SKU007,201,1027932.09,5114.09,2,2,0,2024,2,9,Winter,Product 007,Home Decor,Cabinet,2022-04-05,7748.2,5114.09,-2634.11,1
2024-02-26,SKU008,131,1289385.84,9842.64,2,2,0,2024,2,9,Winter,Product 008,Kitchen,Rug,2024-02-07,2775.15,9842.64,7067.49,0
2024-02-26,SKU009,92,214993.88,2336.89,2,2,0,2024,2,9,Winter,Product 009,Lighting,Organizer,2022-08-10,3121.06,2336.89,-784.17,1
2024-02-26,SKU010,145,96201.7,663.46,2,2,0,2024,2,9,Winter,Product 010,Storage,Sofa,2022-04-14,3889.06,663.46,-3225.6,1
2024-02-26,SKU011,23,33224.88,1444.56,2,2,0,2024,2,9,Winter,Product 011,Furniture,Chair,2023-08-03,1718.4,1444.56,-273.84,1
2024-02-26,SKU012,229,2010475.73,8779.37,2,2,0,2024,2,9,Winter,Product 012,Home Decor,Table,2024-12-09,1256.89,8779.37,7522.48,0
2024-02-26,SKU013,130,748511.4,5757.78,2,2,0,2024,2,9,Winter,Product 013,Kitchen,Cushion,2024-03-20,3936.71,5757.78,1821.07,0
2024-02-26,SKU014,188,426901.0,2270.75,2,2,0,2024,2,9,Winter,Product 014,Lighting,Cookware,2024-04-17,2008.55,2270.75,262.2,0
2024-02-26,SKU015,26,161515.12,6212.12,2,2,0,2024,2,9,Winter,Product 015,Storage,Lamp,2024-02-29,5441.06,6212.12,771.06,0
2024-02-26,SKU016,115,249184.3,2166.82,2,2,0,2024,2,9,Winter,Product 016,Furniture,Shelf,2024-05-14,3637.93,2166.82,-1471.11,1
2024-02-26,SKU017,121,1025755.72,8477.32,2,2,0,2024,2,9,Winter,Product 017,Home Decor,Cabinet,2023-07-19,6703.26,8477.32,1774.06,0
2024-02-26,SKU018,195,1087204.95,5575.41,2,2,0,2024,2,9,Winter,Product 018,Kitchen,Rug,2022-05-21,5677.05,5575.41,-101.64,1
2024-02-26,SKU019,132,636220.2,4819.85,2,2,0,2024,2,9,Winter,Product 019,Lighting,Organizer,2024-07-12,2670.84,4819.85,2149.01,0
2024-02-26,SKU020,117,456012.18,3897.54,2,2,0,2024,2,9,Winter,Product 020,Storage,Sofa,2023-05-11,6700.01,3897.54,-2802.47,1
2024-02-26,SKU021,68,524367.04,7711.28,2,2,0,2024,2,9,Winter,Product 021,Furniture,Chair,2023-07-05,6486.92,7711.28,1224.36,0
2024-02-26,SKU022,96,441314.88,4597.03,2,2,0,2024,2,9,Winter,Product 022,Home Decor,Table,2023-02-12,3252.96,4597.03,1344.07,0
2024-02-26,SKU023,114,161508.36,1416.74,2,2,0,2024,2,9,Winter,Product 023,Kitchen,Cushion,2022-07-20,2484.54,1416.74,-1067.8,1
2024-02-26,SKU024,114,201651.18,1768.87,2,2,0,2024,2,9,Winter,Product 024,Lighting,Cookware,2024-10-16,5539.34,1768.87,-3770.47,1
2024-02-26,SKU025,25,288950.25,11558.01,2,2,0,2024,2,9,Winter,Product 025,Storage,Lamp,2024-05-09,1333.08,11558.01,10224.93,0
2024-02-26,SKU026,161,1761265.94,10939.54,2,2,0,2024,2,9,Winter,Product 026,Furniture,Shelf,2023-12-10,1799.29,10939.54,9140.25,0
2024-02-26,SKU027,188,1601120.8,8516.6,2,2,0,2024,2,9,Winter,Product 027,Home Decor,Cabinet,2023-03-19,307.06,8516.6,8209.54,0
2024-02-26,SKU028,44,153299.96,3484.09,2,2,0,2024,2,9,Winter,Product 028,Kitchen,Rug,2024-06-24,6348.66,3484.09,-2864.57,1
2024-02-26,SKU029,115,1338881.75,11642.45,2,2,0,2024,2,9,Winter,Product 029,Lighting,Organizer,2023-08-23,5402.59,11642.45,6239.86,0
2024-02-26,SKU030,43,405640.93,9433.51,2,2,0,2024,2,9,Winter,Product 030,Storage,Sofa,2023-05-03,5715.03,9433.51,3718.48,0
2024-02-26,SKU031,136,1185366.48,8715.93,2,2,0,2024,2,9,Winter,Product 031,Furniture,Chair,2023-05-11,6300.65,8715.93,2415.28,0
2024-02-26,SKU032,93,521970.87,5612.59,2,2,0,2024,2,9,Winter,Product 032,Home Decor,Table,2022-09-07,3806.6,5612.59,1805.99,0
2024-02-26,SKU033,125,444750.0,3558.0,2,2,0,2024,2,9,Winter,Product 033,Kitchen,Cushion,2022-04-12,4657.74,3558.0,-1099.74,1
2024-02-26,SKU034,155,235311.7,1518.14,2,2,0,2024,2,9,Winter,Product 034,Lighting,Cookware,2023-09-03,1333.43,1518.14,184.71,0
2024-02-26,SKU035,173,1880542.87,10870.19,2,2,0,2024,2,9,Winter,Product 035,Storage,Lamp,2024-09-03,1137.61,10870.19,9732.58,0
2024-02-26,SKU036,47,267289.0,5687.0,2,2,0,2024,2,9,Winter,Product 036,Furniture,Shelf,2022-03-12,5430.12,5687.0,256.88,0
2024-02-26,SKU037,194,532999.48,2747.42,2,2,0,2024,2,9,Winter,Product 037,Home Decor,Cabinet,2024-08-02,3901.0,2747.42,-1153.58,1
2024-02-26,SKU038,54,213251.4,3949.1,2,2,0,2024,2,9,Winter,Product 038,Kitchen,Rug,2024-06-29,4630.58,3949.1,-681.48,1
2024-02-26,SKU039,25,177973.75,7118.95,2,2,0,2024,2,9,Winter,Product 039,Lighting,Organizer,2022-11-01,6178.74,7118.95,940.21,0
2024-02-26,SKU040,137,335726.72,2450.56,2,2,0,2024,2,9,Winter,Product 040,Storage,Sofa,2023-11-26,5169.07,2450.56,-2718.51,1
2024-02-26,SKU041,94,971652.62,10336.73,2,2,0,2024,2,9,Winter,Product 041,Furniture,Chair,2022-07-01,4540.24,10336.73,5796.49,0
2024-02-26,SKU042,208,1913356.64,9198.83,2,2,0,2024,2,9,Winter,Product 042,Home Decor,Table,2024-04-13,4583.86,9198.83,4614.97,0
2024-02-26,SKU043,182,1591730.14,8745.77,2,2,0,2024,2,9,Winter,Product 043,Kitchen,Cushion,2024-02-10,2605.61,8745.77,6140.16,0
2024-02-26,SKU044,89,481692.92,5412.28,2,2,0,2024,2,9,Winter,Product 044,Lighting,Cookware,2023-01-25,488.84,5412.28,4923.44,0
2024-02-26,SKU045,223,1711921.94,7676.78,2,2,0,2024,2,9,Winter,Product 045,Storage,Lamp,2022-03-16,3634.56,7676.78,4042.22,0
2024-02-26,SKU046,69,495112.26,7175.54,2,2,0,2024,2,9,Winter,Product 046,Furniture,Shelf,2024-12-03,1913.03,7175.54,5262.51,0
2024-02-26,SKU047,105,833513.1,7938.22,2,2,0,2024,2,9,Winter,Product 047,Home Decor,Cabinet,2023-05-06,3416.1,7938.22,4522.12,0
2024-02-26,SKU048,73,100707.15,1379.55,2,2,0,2024,2,9,Winter,Product 048,Kitchen,Rug,2024-09-09,6863.87,1379.55,-5484.32,1
2024-02-26,SKU049,192,1002887.04,5223.37,2,2,0,2024,2,9,Winter,Product 049,Lighting,Organizer,2024-01-16,2063.03,5223.37,3160.34,0
2024-02-26,SKU050,57,50315.04,882.72,2,2,0,2024,2,9,Winter,Product 050,Storage,Sofa,2024-05-06,701.85,882.72,180.87,0
2024-03-04,SKU001,119,436021.95,3664.05,2,2,0,2024,3,10,Spring,Product 001,Furniture,Chair,2022-04-09,1758.45,3664.05,1905.6,0
2024-03-04,SKU002,69,262592.61,3805.69,2,2,0,2024,3,10,Spring,Product 002,Home Decor,Table,2024-05-01,3867.09,3805.69,-61.4,1
2024-03-04,SKU003,66,533163.18,8078.23,2,2,0,2024,3,10,Spring,Product 003,Kitchen,Cushion,2023-12-22,589.48,8078.23,7488.75,0
2024-03-04,SKU004,40,274462.8,6861.57,2,2,0,2024,3,10,Spring,Product 004,Lighting,Cookware,2023-04-28,1445.74,6861.57,5415.83,0
2024-03-04,SKU005,147,1395503.34,9493.22,2,2,0,2024,3,10,Spring,Product 005,Storage,Lamp,2023-04-22,5543.63,9493.22,3949.59,0
2024-03-04,SKU006,76,616059.04,8106.04,2,2,0,2024,3,10,Spring,Product 006,Furniture,Shelf,2024-08-02,6021.91,8106.04,2084.13,0
2024-03-04,SKU007,195,997247.55,5114.09,2,2,0,2024,3,10,Spring,Product 007,Home Decor,Cabinet,2022-04-05,7748.2,5114.09,-2634.11,1
2024-03-04,SKU008,132,1299228.48,9842.64,2,2,0,2024,3,10,Spring,Product 008,Kitchen,Rug,2024-02-07,2775.15,9842.64,7067.49,0
2024-03-04,SKU009,86,200972.54,2336.89,2,2,0,2024,3,10,Spring,Product 009,Lighting,Organizer,2022-08-10,3121.06,2336.89,-784.17,1
2024-03-04,SKU010,154,102172.84,663.46,2,2,0,2024,3,10,Spring,Product 010,Storage,Sofa,2022-04-14,3889.06,663.46,-3225.6,1
2024-03-04,SKU011,21,30335.76,1444.56,2,2,0,2024,3,10,Spring,Product 011,Furniture,Chair,2023-08-03,1718.4,1444.56,-273.84,1
2024-03-04,SKU012,205,1799770.85,8779.37,2,2,0,2024,3,10,Spring,Product 012,Home Decor,Table,2024-12-09,1256.89,8779.37,7522.48,0
2024-03-04,SKU013,120,690933.6,5757.78,2,2,0,2024,3,10,Spring,Product 013,Kitchen,Cushion,2024-03-20,3936.71,5757.78,1821.07,0
2024-03-04,SKU014,185,420088.75,2270.75,2,2,0,2024,3,10,Spring,Product 014,Lighting,Cookware,2024-04-17,2008.55,2270.75,262.2,0
2024-03-04,SKU015,43,267121.16,6212.12,2,2,0,2024,3,10,Spring,Product 015,Storage,Lamp,2024-02-29,5441.06,6212.12,771.06,0
2024-03-04,SKU016,110,238350.2,2166.82,2,2,0,2024,3,10,Spring,Product 016,Furniture,Shelf,2024-05-14,3637.93,2166.82,-1471.11,1
2024-03-04,SKU017,130,1102051.6,8477.32,2,2,0,2024,3,10,Spring,Product 017,Home Decor,Cabinet,2023-07-19,6703.26,8477.32,1774.06,0
2024-03-04,SKU018,206,1148534.46,5575.41,2,2,0,2024,3,10,Spring,Product 018,Kitchen,Rug,2022-05-21,5677.05,5575.41,-101.64,1
2024-03-04,SKU019,132,636220.2,4819.85,2,2,0,2024,3,10,Spring,Product 019,Lighting,Organizer,2024-07-12,2670.84,4819.85,2149.01,0
2024-03-04,SKU020,120,467704.8,3897.54,2,2,0,2024,3,10,Spring,Product 020,Storage,Sofa,2023-05-11,6700.01,3897.54,-2802.47,1
2024-03-04,SKU021,79,609191.12,7711.28,2,2,0,2024,3,10,Spring,Product 021,Furniture,Chair,2023-07-05,6486.92,7711.28,1224.36,0
2024-03-04,SKU022,73,335583.19,4597.03,2,2,0,2024,3,10,Spring,Product 022,Home Decor,Table,2023-02-12,3252.96,4597.03,1344.07,0
2024-03-04,SKU023,136,192676.64,1416.74,2,2,0,2024,3,10,Spring,Product 023,Kitchen,Cushion,2022-07-20,2484.54,1416.74,-1067.8,1
2024-03-04,SKU024,115,203420.05,1768.87,2,2,0,2024,3,10,Spring,Product 024,Lighting,Cookware,2024-10-16,5539.34,1768.87,-3770.47,1
2024-03-04,SKU025,22,254276.22,11558.01,2,2,0,2024,3,10,Spring,Product 025,Storage,Lamp,2024-05-09,1333.08,11558.01,10224.93,0
2024-03-04,SKU026,189,2067573.06,10939.54,2,2,0,2024,3,10,Spring,Product 026,Furniture,Shelf,2023-12-10,1799.29,10939.54,9140.25,0
2024-03-04,SKU027,212,1805519.2,8516.6,2,2,0,2024,3,10,Spring,Product 027,Home Decor,Cabinet,2023-03-19,307.06,8516.6,8209.54,0
2024-03-04,SKU028,54,188140.86,3484.09,2,2,0,2024,3,10,Spring,Product 028,Kitchen,Rug,2024-06-24,6348.66,3484.09,-2864.57,1
2024-03-04,SKU029,131,1525160.95,11642.45,2,2,0,2024,3,10,Spring,Product 029,Lighting,Organizer,2023-08-23,5402.59,11642.45,6239.86,0
2024-03-04,SKU030,22,207537.22,9433.51,2,2,0,2024,3,10,Spring,Product 030,Storage,Sofa,2023-05-03,5715.03,9433.51,3718.48,0
2024-03-04,SKU031,163,1420696.59,8715.93,2,2,0,2024,3,10,Spring,Product 031,Furniture,Chair,2023-05-11,6300.65,8715.93,2415.28,0
2024-03-04,SKU032,68,381656.12,5612.59,2,2,0,2024,3,10,Spring,Product 032,Home Decor,Table,2022-09-07,3806.6,5612.59,1805.99,0
2024-03-04,SKU033,149,530142.0,3558.0,2,2,0,2024,3,10,Spring,Product 033,Kitchen,Cushion,2022-04-12,4657.74,3558.0,-1099.74,1
2024-03-04,SKU034,163,247456.82,1518.14,2,2,0,2024,3,10,Spring,Product 034,Lighting,Cookware,2023-09-03,1333.43,1518.14,184.71,0
2024-03-04,SKU035,177,1924023.63,10870.19,2,2,0,2024,3,10,Spring,Product 035,Storage,Lamp,2024-09-03,1137.61,10870.19,9732.58,0
2024-03-04,SKU036,53,301411.0,5687.0,2,2,0,2024,3,10,Spring,Product 036,Furniture,Shelf,2022-03-12,5430.12,5687.0,256.88,0
2024-03-04,SKU037,213,585200.46,2747.42,2,2,0,2024,3,10,Spring,Product 037,Home Decor,Cabinet,2024-08-02,3901.0,2747.42,-1153.58,1
2024-03-04,SKU038,68,268538.8,3949.1,2,2,0,2024,3,10,Spring,Product 038,Kitchen,Rug,2024-06-29,4630.58,3949.1,-681.48,1
2024-03-04,SKU039,24,170854.8,7118.95,2,2,0,2024,3,10,Spring,Product 039,Lighting,Organizer,2022-11-01,6178.74,7118.95,940.21,0
2024-03-04,SKU040,114,279363.84,2450.56,2,2,0,2024,3,10,Spring,Product 040,Storage,Sofa,2023-11-26,5169.07,2450.56,-2718.51,1
2024-03-04,SKU041,91,940642.43,10336.73,2,2,0,2024,3,10,Spring,Product 041,Furniture,Chair,2022-07-01,4540.24,10336.73,5796.49,0
2024-03-04,SKU042,182,1674187.06,9198.83,2,2,0,2024,3,10,Spring,Product 042,Home Decor,Table,2024-04-13,4583.86,9198.83,4614.97,0
2024-03-04,SKU043,175,1530509.75,8745.77,2,2,0,2024,3,10,Spring,Product 043,Kitchen,Cushion,2024-02-10,2605.61,8745.77,6140.16,0
2024-03-04,SKU044,69,373447.32,5412.28,2,2,0,2024,3,10,Spring,Product 044,Lighting,Cookware,2023-01-25,488.84,5412.28,4923.44,0
2024-03-04,SKU045,212,1627477.36,7676.78,2,2,0,2024,3,10,Spring,Product 045,Storage,Lamp,2022-03-16,3634.56,7676.78,4042.22,0
2024-03-04,SKU046,90,645798.6,7175.54,2,2,0,2024,3,10,Spring,Product 046,Furniture,Shelf,2024-12-03,1913.03,7175.54,5262.51,0
2024-03-04,SKU047,149,1182794.78,7938.22,2,2,0,2024,3,10,Spring,Product 047,Home Decor,Cabinet,2023-05-06,3416.1,7938.22,4522.12,0
2024-03-04,SKU048,65,89670.75,1379.55,2,2,0,2024,3,10,Spring,Product 048,Kitchen,Rug,2024-09-09,6863.87,1379.55,-5484.32,1
2024-03-04,SKU049,207,1081237.59,5223.37,2,2,0,2024,3,10,Spring,Product 049,Lighting,Organizer,2024-01-16,2063.03,5223.37,3160.34,0
2024-03-04,SKU050,49,43253.28,882.72,2,2,0,2024,3,10,Spring,Product 050,Storage,Sofa,2024-05-06,701.85,882.72,180.87,0
2024-03-11,SKU001,122,447014.1,3664.05,2,2,0,2024,3,11,Spring,Product 001,Furniture,Chair,2022-04-09,1758.45,3664.05,1905.6,0
2024-03-11,SKU002,103,391986.07,3805.69,2,2,0,2024,3,11,Spring,Product 002,Home Decor,Table,2024-05-01,3867.09,3805.69,-61.4,1
2024-03-11,SKU003,46,371598.58,8078.23,2,2,0,2024,3,11,Spring,Product 003,Kitchen,Cushion,2023-12-22,589.48,8078.23,7488.75,0
2024-03-11,SKU004,41,281324.37,6861.57,2,2,0,2024,3,11,Spring,Product 004,Lighting,Cookware,2023-04-28,1445.74,6861.57,5415.83,0
2024-03-11,SKU005,144,1367023.68,9493.22,2,2,0,2024,3,11,Spring,Product 005,Storage,Lamp,2023-04-22,5543.63,9493.22,3949.59,0
2024-03-11,SKU006,50,405302.0,8106.04,2,2,0,2024,3,11,Spring,Product 006,Furniture,Shelf,2024-08-02,6021.91,8106.04,2084.13,0
2024-03-11,SKU007,212,1084187.08,5114.09,2,2,0,2024,3,11,Spring,Product 007,Home Decor,Cabinet,2022-04-05,7748.2,5114.09,-2634.11,1
2024-03-11,SKU008,147,1446868.08,9842.64,2,2,0,2024,3,11,Spring,Product 008,Kitchen,Rug,2024-02-07,2775.15,9842.64,7067.49,0
2024-03-11,SKU009,101,236025.89,2336.89,2,2,0,2024,3,11,Spring,Product 009,Lighting,Organizer,2022-08-10,3121.06,2336.89,-784.17,1
2024-03-11,SKU010,138,91557.48,663.46,2,2,0,2024,3,11,Spring,Product 010,Storage,Sofa,2022-04-14,3889.06,663.46,-3225.6,1
2024-03-11,SKU011,24,34669.44,1444.56,2,2,0,2024,3,11,Spring,Product 011,Furniture,Chair,2023-08-03,1718.4,1444.56,-273.84,1
2024-03-11,SKU012,206,1808550.22,8779.37,2,2,0,2024,3,11,Spring,Product 012,Home Decor,Table,2024-12-09,1256.89,8779.37,7522.48,0
2024-03-11,SKU013,137,788815.86,5757.78,2,2,0,2024,3,11,Spring,Product 013,Kitchen,Cushion,2024-03-20,3936.71,5757.78,1821.07,0
2024-03-11,SKU014,194,440525.5,2270.75,2,2,0,2024,3,11,Spring,Product 014,Lighting,Cookware,2024-04-17,2008.55,2270.75,262.2,0
2024-03-11,SKU015,42,260909.04,6212.12,2,2,0,2024,3,11,Spring,Product 015,Storage,Lamp,2024-02-29,5441.06,6212.12,771.06,0
2024-03-11,SKU016,133,288187.06,2166.82,2,2,0,2024,3,11,Spring,Product 016,Furniture,Shelf,2024-05-14,3637.93,2166.82,-1471.11,1
2024-03-11,SKU017,115,974891.8,8477.32,2,2,0,2024,3,11,Spring,Product 017,Home Decor,Cabinet,2023-07-19,6703.26,8477.32,1774.06,0
2024-03-11,SKU018,223,1243316.43,5575.41,2,2,0,2024,3,11,Spring,Product 018,Kitchen,Rug,2022-05-21,5677.05,5575.41,-101.64,1
2024-03-11,SKU019,137,660319.45,4819.85,2,2,0,2024,3,11,Spring,Product 019,Lighting,Organizer,2024-07-12,2670.84,4819.85,2149.01,0
2024-03-11,SKU020,123,479397.42,3897.54,2,2,0,2024,3,11,Spring,Product 020,Storage,Sofa,2023-05-11,6700.01,3897.54,-2802.47,1
2024-03-11,SKU021,77,593768.56,7711.28,2,2,0,2024,3,11,Spring,Product 021,Furniture,Chair,2023-07-05,6486.92,7711.28,1224.36,0
2024-03-11,SKU022,97,445911.91,4597.03,2,2,0,2024,3,11,Spring,Product 022,Home Decor,Table,2023-02-12,3252.96,4597.03,1344.07,0
2024-03-11,SKU023,137,194093.38,1416.74,2,2,0,2024,3,11,Spring,Product 023,Kitchen,Cushion,2022-07-20,2484.54,1416.74,-1067.8,1
2024-03-11,SKU024,118,208726.66,1768.87,2,2,0,2024,3,11,Spring,Product 024,Lighting,Cookware,2024-10-16,5539.34,1768.87,-3770.47,1
2024-03-11,SKU025,21,242718.21,11558.01,2,2,0,2024,3,11,Spring,Product 025,Storage,Lamp,2024-05-09,1333.08,11558.01,10224.93,0
2024-03-11,SKU026,222,2428577.88,10939.54,2,2,0,2024,3,11,Spring,Product 026,Furniture,Shelf,2023-12-10,1799.29,10939.54,9140.25,0
2024-03-11,SKU027,214,1822552.4,8516.6,2,2,0,2024,3,11,Spring,Product 027,Home Decor,Cabinet,2023-03-19,307.06,8516.6,8209.54,0
2024-03-11,SKU028,43,149815.87,3484.09,2,2,0,2024,3,11,Spring,Product 028,Kitchen,Rug,2024-06-24,6348.66,3484.09,-2864.57,1
2024-03-11,SKU029,133,1548445.85,11642.45,2,2,0,2024,3,11,Spring,Product 029,Lighting,Organizer,2023-08-23,5402.59,11642.45,6239.86,0
2024-03-11,SKU030,38,358473.38,9433.51,2,2,0,2024,3,11,Spring,Product 030,Storage,Sofa,2023-05-03,5715.03,9433.51,3718.48,0
2024-03-11,SKU031,167,1455560.31,8715.93,2,2,0,2024,3,11,Spring,Product 031,Furniture,Chair,2023-05-11,6300.65,8715.93,2415.28,0
2024-03-11,SKU032,78,437782.02,5612.59,2,2,0,2024,3,11,Spring,Product 032,Home Decor,Table,2022-09-07,3806.6,5612.59,1805.99,0
2024-03-11,SKU033,160,569280.0,3558.0,2,2,0,2024,3,11,Spring,Product 033,Kitchen,Cushion,2022-04-12,4657.74,3558.0,-1099.74,1
2024-03-11,SKU034,161,244420.54,1518.14,2,2,0,2024,3,11,Spring,Product 034,Lighting,Cookware,2023-09-03,1333.43,1518.14,184.71,0
2024-03-11,SKU035,177,1924023.63,10870.19,2,2,0,2024,3,11,Spring,Product 035,Storage,Lamp,2024-09-03,1137.61,10870.19,9732.58,0
2024-03-11,SKU036,33,187671.0,5687.0,2,2,0,2024,3,11,Spring,Product 036,Furniture,Shelf,2022-03-12,5430.12,5687.0,256.88,0
2024-03-11,SKU037,221,607179.82,2747.42,2,2,0,2024,3,11,Spring,Product 037,Home Decor,Cabinet,2024-08-02,3901.0,2747.42,-1153.58,1
2024-03-11,SKU038,70,276437.0,3949.1,2,2,0,2024,3,11,Spring,Product 038,Kitchen,Rug,2024-06-29,4630.58,3949.1,-681.48,1
2024-03-11,SKU039,34,242044.3,7118.95,2,2,0,2024,3,11,Spring,Product 039,Lighting,Organizer,2022-11-01,6178.74,7118.95,940.21,0
2024-03-11,SKU040,140,343078.4,2450.56,2,2,0,2024,3,11,Spring,Product 040,Storage,Sofa,2023-11-26,5169.07,2450.56,-2718.51,1
2024-03-11,SKU041,101,1044009.73,10336.73,2,2,0,2024,3,11,Spring,Product 041,Furniture,Chair,2022-07-01,4540.24,10336.73,5796.49,0
2024-03-11,SKU042,181,1664988.23,9198.83,2,2,0,2024,3,11,Spring,Product 042,Home Decor,Table,2024-04-13,4583.86,9198.83,4614.97,0
2024-03-11,SKU043,175,1530509.75,8745.77,2,2,0,2024,3,11,Spring,Product 043,Kitchen,Cushion,2024-02-10,2605.61,8745.77,6140.16,0
2024-03-11,SKU044,94,508754.32,5412.28,2,2,0,2024,3,11,Spring,Product 044,Lighting,Cookware,2023-01-25,488.84,5412.28,4923.44,0
2024-03-11,SKU045,200,1535356.0,7676.78,2,2,0,2024,3,11,Spring,Product 045,Storage,Lamp,2022-03-16,3634.56,7676.78,4042.22,0
2024-03-11,SKU046,93,667325.22,7175.54,2,2,0,2024,3,11,Spring,Product 046,Furniture,Shelf,2024-12-03,1913.03,7175.54,5262.51,0
2024-03-11,SKU047,132,1047845.04,7938.22,2,2,0,2024,3,11,Spring,Product 047,Home Decor,Cabinet,2023-05-06,3416.1,7938.22,4522.12,0
2024-03-11,SKU048,76,104845.8,1379.55,2,2,0,2024,3,11,Spring,Product 048,Kitchen,Rug,2024-09-09,6863.87,1379.55,-5484.32,1
2024-03-11,SKU049,190,992440.3,5223.37,2,2,0,2024,3,11,Spring,Product 049,Lighting,Organizer,2024-01-16,2063.03,5223.37,3160.34,0
2024-03-11,SKU050,55,48549.6,882.72,2,2,0,2024,3,11,Spring,Product 050,Storage,Sofa,2024-05-06,701.85,882.72,180.87,0
2024-03-18,SKU001,130,476326.5,3664.05,2,2,0,2024,3,12,Spring,Product 001,Furniture,Chair,2022-04-09,1758.45,3664.05,1905.6,0
2024-03-18,SKU002,89,338706.41,3805.69,2,2,0,2024,3,12,Spring,Product 002,Home Decor,Table,2024-05-01,3867.09,3805.69,-61.4,1
2024-03-18,SKU003,48,387755.04,8078.23,2,2,0,2024,3,12,Spring,Product 003,Kitchen,Cushion,2023-12-22,589.48,8078.23,7488.75,0
2024-03-18,SKU004,36,247016.52,6861.57,2,2,0,2024,3,12,Spring,Product 004,Lighting,Cookware,2023-04-28,1445.74,6861.57,5415.83,0
2024-03-18,SKU005,151,1433476.22,9493.22,2,2,0,2024,3,12,Spring,Product 005,Storage,Lamp,2023-04-22,5543.63,9493.22,3949.59,0
2024-03-18,SKU006,55,445832.2,8106.04,2,2,0,2024,3,12,Spring,Product 006,Furniture,Shelf,2024-08-02,6021.91,8106.04,2084.13,0
2024-03-18,SKU007,223,1140442.07,5114.09,2,2,0,2024,3,12,Spring,Product 007,Home Decor,Cabinet,2022-04-05,7748.2,5114.09,-2634.11,1
2024-03-18,SKU008,144,1417340.16,9842.64,2,2,0,2024,3,12,Spring,Product 008,Kitchen,Rug,2024-02-07,2775.15,9842.64,7067.49,0
2024-03-18,SKU009,95,222004.55,2336.89,2,2,0,2024,3,12,Spring,Product 009,Lighting,Organizer,2022-08-10,3121.06,2336.89,-784.17,1
2024-03-18,SKU010,141,93547.86,663.46,2,2,0,2024,3,12,Spring,Product 010,Storage,Sofa,2022-04-14,3889.06,663.46,-3225.6,1
2024-03-18,SKU011,25,36114.0,1444.56,2,2,0,2024,3,12,Spring,Product 011,Furniture,Chair,2023-08-03,1718.4,1444.56,-273.84,1
2024-03-18,SKU012,210,1843667.7,8779.37,2,2,0,2024,3,12,Spring,Product 012,Home Decor,Table,2024-12-09,1256.89,8779.37,7522.48,0
2024-03-18,SKU013,138,794573.64,5757.78,2,2,0,2024,3,12,Spring,Product 013,Kitchen,Cushion,2024-03-20,3936.71,5757.78,1821.07,0
2024-03-18,SKU014,193,438254.75,2270.75,2,2,0,2024,3,12,Spring,Product 014,Lighting,Cookware,2024-04-17,2008.55,2270.75,262.2,0
2024-03-18,SKU015,41,254696.92,6212.12,2,2,0,2024,3,12,Spring,Product 015,Storage,Lamp,2024-02-29,5441.06,6212.12,771.06,0
2024-03-18,SKU016,122,264352.04,2166.82,2,2,0,2024,3,12,Spring,Product 016,Furniture,Shelf,2024-05-14,3637.93,2166.82,-1471.11,1
2024-03-18,SKU017,109,924027.88,8477.32,2,2,0,2024,3,12,Spring,Product 017,Home Decor,Cabinet,2023-07-19,6703.26,8477.32,1774.06,0
2024-03-18,SKU018,227,1265618.07,5575.41,2,2,0,2024,3,12,Spring,Product 018,Kitchen,Rug,2022-05-21,5677.05,5575.41,-101.64,1
2024-03-18,SKU019,136,655499.6,4819.85,2,2,0,2024,3,12,Spring,Product 019,Lighting,Organizer,2024-07-12,2670.84,4819.85,2149.01,0
2024-03-18,SKU020,119,463807.26,3897.54,2,2,0,2024,3,12,Spring,Product 020,Storage,Sofa,2023-05-11,6700.01,3897.54,-2802.47,1
2024-03-18,SKU021,59,454965.52,7711.28,2,2,0,2024,3,12,Spring,Product 021,Furniture,Chair,2023-07-05,6486.92,7711.28,1224.36,0
2024-03-18,SKU022,75,344777.25,4597.03,2,2,0,2024,3,12,Spring,Product 022,Home Decor,Table,2023-02-12,3252.96,4597.03,1344.07,0
2024-03-18,SKU023,99,140257.26,1416.74,2,2,0,2024,3,12,Spring,Product 023,Kitchen,Cushion,2022-07-20,2484.54,1416.74,-1067.8,1
2024-03-18,SKU024,111,196344.57,1768.87,2,2,0,2024,3,12,Spring,Product 024,Lighting,Cookware,2024-10-16,5539.34,1768.87,-3770.47,1
2024-03-18,SKU025,27,312066.27,11558.01,2,2,0,2024,3,12,Spring,Product 025,Storage,Lamp,2024-05-09,1333.08,11558.01,10224.93,0
2024-03-18,SKU026,202,2209787.08,10939.54,2,2,0,2024,3,12,Spring,Product 026,Furniture,Shelf,2023-12-10,1799.29,10939.54,9140.25,0
2024-03-18,SKU027,195,1660737.0,8516.6,2,2,0,2024,3,12,Spring,Product 027,Home Decor,Cabinet,2023-03-19,307.06,8516.6,8209.54,0
2024-03-18,SKU028,47,163752.23,3484.09,2,2,0,2024,3,12,Spring,Product 028,Kitchen,Rug,2024-06-24,6348.66,3484.09,-2864.57,1
2024-03-18,SKU029,142,1653227.9,11642.45,2,2,0,2024,3,12,Spring,Product 029,Lighting,Organizer,2023-08-23,5402.59,11642.45,6239.86,0
2024-03-18,SKU030,43,405640.93,9433.51,2,2,0,2024,3,12,Spring,Product 030,Storage,Sofa,2023-05-03,5715.03,9433.51,3718.48,0
2024-03-18,SKU031,166,1446844.38,8715.93,2,2,0,2024,3,12,Spring,Product 031,Furniture,Chair,2023-05-11,6300.65,8715.93,2415.28,0
2024-03-18,SKU032,85,477070.15,5612.59,2,2,0,2024,3,12,Spring,Product 032,Home Decor,Table,2022-09-07,3806.6,5612.59,1805.99,0
2024-03-18,SKU033,151,537258.0,3558.0,2,2,0,2024,3,12,Spring,Product 033,Kitchen,Cushion,2022-04-12,4657.74,3558.0,-1099.74,1
2024-03-18,SKU034,171,259601.94,1518.14,2,2,0,2024,3,12,Spring,Product 034,Lighting,Cookware,2023-09-03,1333.43,1518.14,184.71,0
2024-03-18,SKU035,185,2010985.15,10870.19,2,2,0,2024,3,12,Spring,Product 035,Storage,Lamp,2024-09-03,1137.61,10870.19,9732.58,0
2024-03-18,SKU036,49,278663.0,5687.0,2,2,0,2024,3,12,Spring,Product 036,Furniture,Shelf,2022-03-12,5430.12,5687.0,256.88,0
2024-03-18,SKU037,197,541241.74,2747.42,2,2,0,2024,3,12,Spring,Product 037,Home Decor,Cabinet,2024-08-02,3901.0,2747.42,-1153.58,1
2024-03-18,SKU038,64,252742.4,3949.1,2,2,0,2024,3,12,Spring,Product 038,Kitchen,Rug,2024-06-29,4630.58,3949.1,-681.48,1
2024-03-18,SKU039,27,192211.65,7118.95,2,2,0,2024,3,12,Spring,Product 039,Lighting,Organizer,2022-11-01,6178.74,7118.95,940.21,0
2024-03-18,SKU040,173,423946.88,2450.56,2,2,0,2024,3,12,Spring,Product 040,Storage,Sofa,2023-11-26,5169.07,2450.56,-2718.51,1
2024-03-18,SKU041,110,1137040.3,10336.73,2,2,0,2024,3,12,Spring,Product 041,Furniture,Chair,2022-07-01,4540.24,10336.73,5796.49,0
2024-03-18,SKU042,189,1738578.87,9198.83,2,2,0,2024,3,12,Spring,Product 042,Home Decor,Table,2024-04-13,4583.86,9198.83,4614.97,0
2024-03-18,SKU043,171,1495526.67,8745.77,2,2,0,2024,3,12,Spring,Product 043,Kitchen,Cushion,2024-02-10,2605.61,8745.77,6140.16,0
2024-03-18,SKU044,78,422157.84,5412.28,2,2,0,2024,3,12,Spring,Product 044,Lighting,Cookware,2023-01-25,488.84,5412.28,4923.44,0
2024-03-18,SKU045,223,1711921.94,7676.78,2,2,0,2024,3,12,Spring,Product 045,Storage,Lamp,2022-03-16,3634.56,7676.78,4042.22,0
2024-03-18,SKU046,86,617096.44,7175.54,2,2,0,2024,3,12,Spring,Product 046,Furniture,Shelf,2024-12-03,1913.03,7175.54,5262.51,0
2024-03-18,SKU047,135,1071659.7,7938.22,2,2,0,2024,3,12,Spring,Product 047,Home Decor,Cabinet,2023-05-06,3416.1,7938.22,4522.12,0
2024-03-18,SKU048,70,96568.5,1379.55,2,2,0,2024,3,12,Spring,Product 048,Kitchen,Rug,2024-09-09,6863.87,1379.55,-5484.32,1
2024-03-18,SKU049,228,1190928.36,5223.37,2,2,0,2024,3,12,Spring,Product 049,Lighting,Organizer,2024-01-16,2063.03,5223.37,3160.34,0
2024-03-18,SKU050,51,45018.72,882.72,2,2,0,2024,3,12,Spring,Product 050,Storage,Sofa,2024-05-06,701.85,882.72,180.87,0
2024-03-25,SKU001,102,373733.1,3664.05,2,2,0,2024,3,13,Spring,Product 001,Furniture,Chair,2022-04-09,1758.45,3664.05,1905.6,0
2024-03-25,SKU002,106,403403.14,3805.69,2,2,0,2024,3,13,Spring,Product 002,Home Decor,Table,2024-05-01,3867.09,3805.69,-61.4,1
2024-03-25,SKU003,49,395833.27,8078.23,2,2,0,2024,3,13,Spring,Product 003,Kitchen,Cushion,2023-12-22,589.48,8078.23,7488.75,0
2024-03-25,SKU004,27,185262.39,6861.57,2,2,0,2024,3,13,Spring,Product 004,Lighting,Cookware,2023-04-28,1445.74,6861.57,5415.83,0
2024-03-25,SKU005,126,1196145.72,9493.22,2,2,0,2024,3,13,Spring,Product 005,Storage,Lamp,2023-04-22,5543.63,9493.22,3949.59,0
2024-03-25,SKU006,53,429620.12,8106.04,2,2,0,2024,3,13,Spring,Product 006,Furniture,Shelf,2024-08-02,6021.91,8106.04,2084.13,0
2024-03-25,SKU007,192,981905.28,5114.09,2,2,0,2024,3,13,Spring,Product 007,Home Decor,Cabinet,2022-04-05,7748.2,5114.09,-2634.11,1
2024-03-25,SKU008,128,1259857.92,9842.64,2,2,0,2024,3,13,Spring,Product 008,Kitchen,Rug,2024-02-07,2775.15,9842.64,7067.49,0
2024-03-25,SKU009,88,205646.32,2336.89,2,2,0,2024,3,13,Spring,Product 009,Lighting,Organizer,2022-08-10,3121.06,2336.89,-784.17,1
2024-03-25,SKU010,162,107480.52,663.46,2,2,0,2024,3,13,Spring,Product 010,Storage,Sofa,2022-04-14,3889.06,663.46,-3225.6,1
2024-03-25,SKU011,16,23112.96,1444.56,2,2,0,2024,3,13,Spring,Product 011,Furniture,Chair,2023-08-03,1718.4,1444.56,-273.84,1
2024-03-25,SKU012,231,2028034.47,8779.37,2,2,0,2024,3,13,Spring,Product 012,Home Decor,Table,2024-12-09,1256.89,8779.37,7522.48,0
2024-03-25,SKU013,108,621840.24,5757.78,2,2,0,2024,3,13,Spring,Product 013,Kitchen,Cushion,2024-03-20,3936.71,5757.78,1821.07,0
2024-03-25,SKU014,193,438254.75,2270.75,2,2,0,2024,3,13,Spring,Product 014,Lighting,Cookware,2024-04-17,2008.55,2270.75,262.2,0
2024-03-25,SKU015,34,211212.08,6212.12,2,2,0,2024,3,13,Spring,Product 015,Storage,Lamp,2024-02-29,5441.06,6212.12,771.06,0
2024-03-25,SKU016,98,212348.36,2166.82,2,2,0,2024,3,13,Spring,Product 016,Furniture,Shelf,2024-05-14,3637.93,2166.82,-1471.11,1
2024-03-25,SKU017,114,966414.48,8477.32,2,2,0,2024,3,13,Spring,Product 017,Home Decor,Cabinet,2023-07-19,6703.26,8477.32,1774.06,0
2024-03-25,SKU018,221,1232165.61,5575.41,2,2,0,2024,3,13,Spring,Product 018,Kitchen,Rug,2022-05-21,5677.05,5575.41,-101.64,1
2024-03-25,SKU019,135,650679.75,4819.85,2,2,0,2024,3,13,Spring,Product 019,Lighting,Organizer,2024-07-12,2670.84,4819.85,2149.01,0
2024-03-25,SKU020,104,405344.16,3897.54,2,2,0,2024,3,13,Spring,Product 020,Storage,Sofa,2023-05-11,6700.01,3897.54,-2802.47,1
2024-03-25,SKU021,65,501233.2,7711.28,2,2,0,2024,3,13,Spring,Product 021,Furniture,Chair,2023-07-05,6486.92,7711.28,1224.36,0
2024-03-25,SKU022,93,427523.79,4597.03,2,2,0,2024,3,13,Spring,Product 022,Home Decor,Table,2023-02-12,3252.96,4597.03,1344.07,0
2024-03-25,SKU023,117,165758.58,1416.74,2,2,0,2024,3,13,Spring,Product 023,Kitchen,Cushion,2022-07-20,2484.54,1416.74,-1067.8,1
2024-03-25,SKU024,117,206957.79,1768.87,2,2,0,2024,3,13,Spring,Product 024,Lighting,Cookware,2024-10-16,5539.34,1768.87,-3770.47,1
2024-03-25,SKU025,31,358298.31,11558.01,2,2,0,2024,3,13,Spring,Product 025,Storage,Lamp,2024-05-09,1333.08,11558.01,10224.93,0
2024-03-25,SKU026,179,1958177.66,10939.54,2,2,0,2024,3,13,Spring,Product 026,Furniture,Shelf,2023-12-10,1799.29,10939.54,9140.25,0
2024-03-25,SKU027,195,1660737.0,8516.6,2,2,0,2024,3,13,Spring,Product 027,Home Decor,Cabinet,2023-03-19,307.06,8516.6,8209.54,0
2024-03-25,SKU028,56,195109.04,3484.09,2,2,0,2024,3,13,Spring,Product 028,Kitchen,Rug,2024-06-24,6348.66,3484.09,-2864.57,1
2024-03-25,SKU029,125,1455306.25,11642.45,2,2,0,2024,3,13,Spring,Product 029,Lighting,Organizer,2023-08-23,5402.59,11642.45,6239.86,0
2024-03-25,SKU030,36,339606.36,9433.51,2,2,0,2024,3,13,Spring,Product 030,Storage,Sofa,2023-05-03,5715.03,9433.51,3718.48,0
2024-03-25,SKU031,150,1307389.5,8715.93,2,2,0,2024,3,13,Spring,Product 031,Furniture,Chair,2023-05-11,6300.65,8715.93,2415.28,0
2024-03-25,SKU032,71,398493.89,5612.59,2,2,0,2024,3,13,Spring,Product 032,Home Decor,Table,2022-09-07,3806.6,5612.59,1805.99,0
2024-03-25,SKU033,162,576396.0,3558.0,2,2,0,2024,3,13,Spring,Product 033,Kitchen,Cushion,2022-04-12,4657.74,3558.0,-1099.74,1
2024-03-25,SKU034,167,253529.38,1518.14,2,2,0,2024,3,13,Spring,Product 034,Lighting,Cookware,2023-09-03,1333.43,1518.14,184.71,0
2024-03-25,SKU035,176,1913153.44,10870.19,2,2,0,2024,3,13,Spring,Product 035,Storage,Lamp,2024-09-03,1137.61,10870.19,9732.58,0
2024-03-25,SKU036,41,233167.0,5687.0,2,2,0,2024,3,13,Spring,Product 036,Furniture,Shelf,2022-03-12,5430.12,5687.0,256.88,0
2024-03-25,SKU037,203,557726.26,2747.42,2,2,0,2024,3,13,Spring,Product 037,Home Decor,Cabinet,2024-08-02,3901.0,2747.42,-1153.58,1
2024-03-25,SKU038,67,264589.7,3949.1,2,2,0,2024,3,13,Spring,Product 038,Kitchen,Rug,2024-06-29,4630.58,3949.1,-681.48,1
2024-03-25,SKU039,22,156616.9,7118.95,2,2,0,2024,3,13,Spring,Product 039,Lighting,Organizer,2022-11-01,6178.74,7118.95,940.21,0
2024-03-25,SKU040,147,360232.32,2450.56,2,2,0,2024,3,13,Spring,Product 040,Storage,Sofa,2023-11-26,5169.07,2450.56,-2718.51,1
2024-03-25,SKU041,115,1188723.95,10336.73,2,2,0,2024,3,13,Spring,Product 041,Furniture,Chair,2022-07-01,4540.24,10336.73,5796.49,0
2024-03-25,SKU042,196,1802970.68,9198.83,2,2,0,2024,3,13,Spring,Product 042,Home Decor,Table,2024-04-13,4583.86,9198.83,4614.97,0
2024-03-25,SKU043,177,1548001.29,8745.77,2,2,0,2024,3,13,Spring,Product 043,Kitchen,Cushion,2024-02-10,2605.61,8745.77,6140.16,0
2024-03-25,SKU044,88,476280.64,5412.28,2,2,0,2024,3,13,Spring,Product 044,Lighting,Cookware,2023-01-25,488.84,5412.28,4923.44,0
2024-03-25,SKU045,218,1673538.04,7676.78,2,2,0,2024,3,13,Spring,Product 045,Storage,Lamp,2022-03-16,3634.56,7676.78,4042.22,0
2024-03-25,SKU046,80,574043.2,7175.54,2,2,0,2024,3,13,Spring,Product 046,Furniture,Shelf,2024-12-03,1913.03,7175.54,5262.51,0
2024-03-25,SKU047,123,976401.06,7938.22,2,2,0,2024,3,13,Spring,Product 047,Home Decor,Cabinet,2023-05-06,3416.1,7938.22,4522.12,0
2024-03-25,SKU048,79,108984.45,1379.55,2,2,0,2024,3,13,Spring,Product 048,Kitchen,Rug,2024-09-09,6863.87,1379.55,-5484.32,1
2024-03-25,SKU049,221,1154364.77,5223.37,2,2,0,2024,3,13,Spring,Product 049,Lighting,Organizer,2024-01-16,2063.03,5223.37,3160.34,0
2024-03-25,SKU050,60,52963.2,882.72,2,2,0,2024,3,13,Spring,Product 050,Storage,Sofa,2024-05-06,701.85,882.72,180.87,0
2024-04-01,SKU001,122,447014.1,3664.05,0,0,0,2024,4,14,Spring,Product 001,Furniture,Chair,2022-04-09,1758.45,3664.05,1905.6,0
2024-04-01,SKU002,79,300649.51,3805.69,0,0,0,2024,4,14,Spring,Product 002,Home Decor,Table,2024-05-01,3867.09,3805.69,-61.4,1
2024-04-01,SKU003,48,387755.04,8078.23,0,0,0,2024,4,14,Spring,Product 003,Kitchen,Cushion,2023-12-22,589.48,8078.23,7488.75,0
2024-04-01,SKU004,35,240154.95,6861.57,0,0,0,2024,4,14,Spring,Product 004,Lighting,Cookware,2023-04-28,1445.74,6861.57,5415.83,0
2024-04-01,SKU005,138,1310064.36,9493.22,0,0,0,2024,4,14,Spring,Product 005,Storage,Lamp,2023-04-22,5543.63,9493.22,3949.59,0
2024-04-01,SKU006,68,551210.72,8106.04,0,0,0,2024,4,14,Spring,Product 006,Furniture,Shelf,2024-08-02,6021.91,8106.04,2084.13,0
2024-04-01,SKU007,199,1017703.91,5114.09,0,0,0,2024,4,14,Spring,Product 007,Home Decor,Cabinet,2022-04-05,7748.2,5114.09,-2634.11,1
2024-04-01,SKU008,128,1259857.92,9842.64,0,0,0,2024,4,14,Spring,Product 008,Kitchen,Rug,2024-02-07,2775.15,9842.64,7067.49,0
2024-04-01,SKU009,82,191624.98,2336.89,0,0,0,2024,4,14,Spring,Product 009,Lighting,Organizer,2022-08-10,3121.06,2336.89,-784.17,1
2024-04-01,SKU010,124,82269.04,663.46,0,0,0,2024,4,14,Spring,Product 010,Storage,Sofa,2022-04-14,3889.06,663.46,-3225.6,1
2024-04-01,SKU011,20,28891.2,1444.56,0,0,0,2024,4,14,Spring,Product 011,Furniture,Chair,2023-08-03,1718.4,1444.56,-273.84,1
2024-04-01,SKU012,223,1957799.51,8779.37,0,0,0,2024,4,14,Spring,Product 012,Home Decor,Table,2024-12-09,1256.89,8779.37,7522.48,0
2024-04-01,SKU013,114,656386.92,5757.78,0,0,0,2024,4,14,Spring,Product 013,Kitchen,Cushion,2024-03-20,3936.71,5757.78,1821.07,0
2024-04-01,SKU014,174,395110.5,2270.75,0,0,0,2024,4,14,Spring,Product 014,Lighting,Cookware,2024-04-17,2008.55,2270.75,262.2,0
2024-04-01,SKU015,29,180151.48,6212.12,0,0,0,2024,4,14,Spring,Product 015,Storage,Lamp,2024-02-29,5441.06,6212.12,771.06,0
2024-04-01,SKU016,109,236183.38,2166.82,0,0,0,2024,4,14,Spring,Product 016,Furniture,Shelf,2024-05-14,3637.93,2166.82,-1471.11,1
2024-04-01,SKU017,125,1059665.0,8477.32,0,0,0,2024,4,14,Spring,Product 017,Home Decor,Cabinet,2023-07-19,6703.26,8477.32,1774.06,0
2024-04-01,SKU018,197,1098355.77,5575.41,0,0,0,2024,4,14,Spring,Product 018,Kitchen,Rug,2022-05-21,5677.05,5575.41,-101.64,1
2024-04-01,SKU019,151,727797.35,4819.85,0,0,0,2024,4,14,Spring,Product 019,Lighting,Organizer,2024-07-12,2670.84,4819.85,2149.01,0
2024-04-01,SKU020,97,378061.38,3897.54,0,0,0,2024,4,14,Spring,Product 020,Storage,Sofa,2023-05-11,6700.01,3897.54,-2802.47,1
2024-04-01,SKU021,54,416409.12,7711.28,0,0,0,2024,4,14,Spring,Product 021,Furniture,Chair,2023-07-05,6486.92,7711.28,1224.36,0
2024-04-01,SKU022,82,376956.46,4597.03,0,0,0,2024,4,14,Spring,Product 022,Home Decor,Table,2023-02-12,3252.96,4597.03,1344.07,0
2024-04-01,SKU023,122,172842.28,1416.74,0,0,0,2024,4,14,Spring,Product 023,Kitchen,Cushion,2022-07-20,2484.54,1416.74,-1067.8,1
2024-04-01,SKU024,95,168042.65,1768.87,0,0,0,2024,4,14,Spring,Product 024,Lighting,Cookware,2024-10-16,5539.34,1768.87,-3770.47,1
2024-04-01,SKU025,24,277392.24,11558.01,0,0,0,2024,4,14,Spring,Product 025,Storage,Lamp,2024-05-09,1333.08,11558.01,10224.93,0
2024-04-01,SKU026,159,1739386.86,10939.54,0,0,0,2024,4,14,Spring,Product 026,Furniture,Shelf,2023-12-10,1799.29,10939.54,9140.25,0
2024-04-01,SKU027,200,1703320.0,8516.6,0,0,0,2024,4,14,Spring,Product 027,Home Decor,Cabinet,2023-03-19,307.06,8516.6,8209.54,0
2024-04-01,SKU028,47,163752.23,3484.09,0,0,0,2024,4,14,Spring,Product 028,Kitchen,Rug,2024-06-24,6348.66,3484.09,-2864.57,1
2024-04-01,SKU029,117,1362166.65,11642.45,0,0,0,2024,4,14,Spring,Product 029,Lighting,Organizer,2023-08-23,5402.59,11642.45,6239.86,0
2024-04-01,SKU030,45,424507.95,9433.51,0,0,0,2024,4,14,Spring,Product 030,Storage,Sofa,2023-05-03,5715.03,9433.51,3718.48,0
2024-04-01,SKU031,158,1377116.94,8715.93,0,0,0,2024,4,14,Spring,Product 031,Furniture,Chair,2023-05-11,6300.65,8715.93,2415.28,0
2024-04-01,SKU032,75,420944.25,5612.59,0,0,0,2024,4,14,Spring,Product 032,Home Decor,Table,2022-09-07,3806.6,5612.59,1805.99,0
2024-04-01,SKU033,164,583512.0,3558.0,0,0,0,2024,4,14,Spring,Product 033,Kitchen,Cushion,2022-04-12,4657.74,3558.0,-1099.74,1
2024-04-01,SKU034,179,271747.06,1518.14,0,0,0,2024,4,14,Spring,Product 034,Lighting,Cookware,2023-09-03,1333.43,1518.14,184.71,0
2024-04-01,SKU035,165,1793581.35,10870.19,0,0,0,2024,4,14,Spring,Product 035,Storage,Lamp,2024-09-03,1137.61,10870.19,9732.58,0
2024-04-01,SKU036,49,278663.0,5687.0,0,0,0,2024,4,14,Spring,Product 036,Furniture,Shelf,2022-03-12,5430.12,5687.0,256.88,0
2024-04-01,SKU037,184,505525.28,2747.42,0,0,0,2024,4,14,Spring,Product 037,Home Decor,Cabinet,2024-08-02,3901.0,2747.42,-1153.58,1
2024-04-01,SKU038,45,177709.5,3949.1,0,0,0,2024,4,14,Spring,Product 038,Kitchen,Rug,2024-06-29,4630.58,3949.1,-681.48,1
2024-04-01,SKU039,30,213568.5,7118.95,0,0,0,2024,4,14,Spring,Product 039,Lighting,Organizer,2022-11-01,6178.74,7118.95,940.21,0
2024-04-01,SKU040,109,267111.04,2450.56,0,0,0,2024,4,14,Spring,Product 040,Storage,Sofa,2023-11-26,5169.07,2450.56,-2718.51,1
2024-04-01,SKU041,95,981989.35,10336.73,0,0,0,2024,4,14,Spring,Product 041,Furniture,Chair,2022-07-01,4540.24,10336.73,5796.49,0
2024-04-01,SKU042,193,1775374.19,9198.83,0,0,0,2024,4,14,Spring,Product 042,Home Decor,Table,2024-04-13,4583.86,9198.83,4614.97,0
2024-04-01,SKU043,172,1504272.44,8745.77,0,0,0,2024,4,14,Spring,Product 043,Kitchen,Cushion,2024-02-10,2605.61,8745.77,6140.16,0
2024-04-01,SKU044,81,438394.68,5412.28,0,0,0,2024,4,14,Spring,Product 044,Lighting,Cookware,2023-01-25,488.84,5412.28,4923.44,0
2024-04-01,SKU045,186,1427881.08,7676.78,0,0,0,2024,4,14,Spring,Product 045,Storage,Lamp,2022-03-16,3634.56,7676.78,4042.22,0
2024-04-01,SKU046,75,538165.5,7175.54,0,0,0,2024,4,14,Spring,Product 046,Furniture,Shelf,2024-12-03,1913.03,7175.54,5262.51,0
2024-04-01,SKU047,123,976401.06,7938.22,0,0,0,2024,4,14,Spring,Product 047,Home Decor,Cabinet,2023-05-06,3416.1,7938.22,4522.12,0
2024-04-01,SKU048,59,81393.45,1379.55,0,0,0,2024,4,14,Spring,Product 048,Kitchen,Rug,2024-09-09,6863.87,1379.55,-5484.32,1
2024-04-01,SKU049,219,1143918.03,5223.37,0,0,0,2024,4,14,Spring,Product 049,Lighting,Organizer,2024-01-16,2063.03,5223.37,3160.34,0
2024-04-01,SKU050,41,36191.52,882.72,0,0,0,2024,4,14,Spring,Product 050,Storage,Sofa,2024-05-06,701.85,882.72,180.87,0
2024-04-08,SKU001,115,421365.75,3664.05,0,0,0,2024,4,15,Spring,Product 001,Furniture,Chair,2022-04-09,1758.45,3664.05,1905.6,0
2024-04-08,SKU002,76,289232.44,3805.69,0,0,0,2024,4,15,Spring,Product 002,Home Decor,Table,2024-05-01,3867.09,3805.69,-61.4,1
2024-04-08,SKU003,47,379676.81,8078.23,0,0,0,2024,4,15,Spring,Product 003,Kitchen,Cushion,2023-12-22,589.48,8078.23,7488.75,0
2024-04-08,SKU004,30,205847.1,6861.57,0,0,0,2024,4,15,Spring,Product 004,Lighting,Cookware,2023-04-28,1445.74,6861.57,5415.83,0
2024-04-08,SKU005,113,1072733.86,9493.22,0,0,0,2024,4,15,Spring,Product 005,Storage,Lamp,2023-04-22,5543.63,9493.22,3949.59,0
2024-04-08,SKU006,61,494468.44,8106.04,0,0,0,2024,4,15,Spring,Product 006,Furniture,Shelf,2024-08-02,6021.91,8106.04,2084.13,0
2024-04-08,SKU007,222,1135327.98,5114.09,0,0,0,2024,4,15,Spring,Product 007,Home Decor,Cabinet,2022-04-05,7748.2,5114.09,-2634.11,1
2024-04-08,SKU008,128,1259857.92,9842.64,0,0,0,2024,4,15,Spring,Product 008,Kitchen,Rug,2024-02-07,2775.15,9842.64,7067.49,0
2024-04-08,SKU009,106,247710.34,2336.89,0,0,0,2024,4,15,Spring,Product 009,Lighting,Organizer,2022-08-10,3121.06,2336.89,-784.17,1
2024-04-08,SKU010,141,93547.86,663.46,0,0,0,2024,4,15,Spring,Product 010,Storage,Sofa,2022-04-14,3889.06,663.46,-3225.6,1
2024-04-08,SKU011,22,31780.32,1444.56,0,0,0,2024,4,15,Spring,Product 011,Furniture,Chair,2023-08-03,1718.4,1444.56,-273.84,1
2024-04-08,SKU012,211,1852447.07,8779.37,0,0,0,2024,4,15,Spring,Product 012,Home Decor,Table,2024-12-09,1256.89,8779.37,7522.48,0
2024-04-08,SKU013,110,633355.8,5757.78,0,0,0,2024,4,15,Spring,Product 013,Kitchen,Cushion,2024-03-20,3936.71,5757.78,1821.07,0
2024-04-08,SKU014,186,422359.5,2270.75,0,0,0,2024,4,15,Spring,Product 014,Lighting,Cookware,2024-04-17,2008.55,2270.75,262.2,0
2024-04-08,SKU015,37,229848.44,6212.12,0,0,0,2024,4,15,Spring,Product 015,Storage,Lamp,2024-02-29,5441.06,6212.12,771.06,0
2024-04-08,SKU016,98,212348.36,2166.82,0,0,0,2024,4,15,Spring,Product 016,Furniture,Shelf,2024-05-14,3637.93,2166.82,-1471.11,1
2024-04-08,SKU017,130,1102051.6,8477.32,0,0,0,2024,4,15,Spring,Product 017,Home Decor,Cabinet,2023-07-19,6703.26,8477.32,1774.06,0
2024-04-08,SKU018,190,1059327.9,5575.41,0,0,0,2024,4,15,Spring,Product 018,Kitchen,Rug,2022-05-21,5677.05,5575.41,-101.64,1
2024-04-08,SKU019,135,650679.75,4819.85,0,0,0,2024,4,15,Spring,Product 019,Lighting,Organizer,2024-07-12,2670.84,4819.85,2149.01,0
2024-04-08,SKU020,105,409241.7,3897.54,0,0,0,2024,4,15,Spring,Product 020,Storage,Sofa,2023-05-11,6700.01,3897.54,-2802.47,1
2024-04-08,SKU021,62,478099.36,7711.28,0,0,0,2024,4,15,Spring,Product 021,Furniture,Chair,2023-07-05,6486.92,7711.28,1224.36,0
2024-04-08,SKU022,100,459703.0,4597.03,0,0,0,2024,4,15,Spring,Product 022,Home Decor,Table,2023-02-12,3252.96,4597.03,1344.07,0
2024-04-08,SKU023,132,187009.68,1416.74,0,0,0,2024,4,15,Spring,Product 023,Kitchen,Cushion,2022-07-20,2484.54,1416.74,-1067.8,1
2024-04-08,SKU024,103,182193.61,1768.87,0,0,0,2024,4,15,Spring,Product 024,Lighting,Cookware,2024-10-16,5539.34,1768.87,-3770.47,1
2024-04-08,SKU025,19,219602.19,11558.01,0,0,0,2024,4,15,Spring,Product 025,Storage,Lamp,2024-05-09,1333.08,11558.01,10224.93,0
2024-04-08,SKU026,196,2144149.84,10939.54,0,0,0,2024,4,15,Spring,Product 026,Furniture,Shelf,2023-12-10,1799.29,10939.54,9140.25,0
2024-04-08,SKU027,181,1541504.6,8516.6,0,0,0,2024,4,15,Spring,Product 027,Home Decor,Cabinet,2023-03-19,307.06,8516.6,8209.54,0
2024-04-08,SKU028,50,174204.5,3484.09,0,0,0,2024,4,15,Spring,Product 028,Kitchen,Rug,2024-06-24,6348.66,3484.09,-2864.57,1
2024-04-08,SKU029,139,1618300.55,11642.45,0,0,0,2024,4,15,Spring,Product 029,Lighting,Organizer,2023-08-23,5402.59,11642.45,6239.86,0
2024-04-08,SKU030,40,377340.4,9433.51,0,0,0,2024,4,15,Spring,Product 030,Storage,Sofa,2023-05-03,5715.03,9433.51,3718.48,0
2024-04-08,SKU031,130,1133070.9,8715.93,0,0,0,2024,4,15,Spring,Product 031,Furniture,Chair,2023-05-11,6300.65,8715.93,2415.28,0
2024-04-08,SKU032,74,415331.66,5612.59,0,0,0,2024,4,15,Spring,Product 032,Home Decor,Table,2022-09-07,3806.6,5612.59,1805.99,0
2024-04-08,SKU033,178,633324.0,3558.0,0,0,0,2024,4,15,Spring,Product 033,Kitchen,Cushion,2022-04-12,4657.74,3558.0,-1099.74,1
2024-04-08,SKU034,174,264156.36,1518.14,0,0,0,2024,4,15,Spring,Product 034,Lighting,Cookware,2023-09-03,1333.43,1518.14,184.71,0
2024-04-08,SKU035,187,2032725.53,10870.19,0,0,0,2024,4,15,Spring,Product 035,Storage,Lamp,2024-09-03,1137.61,10870.19,9732.58,0
2024-04-08,SKU036,44,250228.0,5687.0,0,0,0,2024,4,15,Spring,Product 036,Furniture,Shelf,2022-03-12,5430.12,5687.0,256.88,0
2024-04-08,SKU037,221,607179.82,2747.42,0,0,0,2024,4,15,Spring,Product 037,Home Decor,Cabinet,2024-08-02,3901.0,2747.42,-1153.58,1
2024-04-08,SKU038,74,292233.4,3949.1,0,0,0,2024,4,15,Spring,Product 038,Kitchen,Rug,2024-06-29,4630.58,3949.1,-681.48,1
2024-04-08,SKU039,31,220687.45,7118.95,0,0,0,2024,4,15,Spring,Product 039,Lighting,Organizer,2022-11-01,6178.74,7118.95,940.21,0
2024-04-08,SKU040,126,308770.56,2450.56,0,0,0,2024,4,15,Spring,Product 040,Storage,Sofa,2023-11-26,5169.07,2450.56,-2718.51,1
2024-04-08,SKU041,78,806264.94,10336.73,0,0,0,2024,4,15,Spring,Product 041,Furniture,Chair,2022-07-01,4540.24,10336.73,5796.49,0
2024-04-08,SKU042,194,1784573.02,9198.83,0,0,0,2024,4,15,Spring,Product 042,Home Decor,Table,2024-04-13,4583.86,9198.83,4614.97,0
2024-04-08,SKU043,170,1486780.9,8745.77,0,0,0,2024,4,15,Spring,Product 043,Kitchen,Cushion,2024-02-10,2605.61,8745.77,6140.16,0
2024-04-08,SKU044,76,411333.28,5412.28,0,0,0,2024,4,15,Spring,Product 044,Lighting,Cookware,2023-01-25,488.84,5412.28,4923.44,0
2024-04-08,SKU045,219,1681214.82,7676.78,0,0,0,2024,4,15,Spring,Product 045,Storage,Lamp,2022-03-16,3634.56,7676.78,4042.22,0
2024-04-08,SKU046,68,487936.72,7175.54,0,0,0,2024,4,15,Spring,Product 046,Furniture,Shelf,2024-12-03,1913.03,7175.54,5262.51,0
2024-04-08,SKU047,95,754130.9,7938.22,0,0,0,2024,4,15,Spring,Product 047,Home Decor,Cabinet,2023-05-06,3416.1,7938.22,4522.12,0
2024-04-08,SKU048,65,89670.75,1379.55,0,0,0,2024,4,15,Spring,Product 048,Kitchen,Rug,2024-09-09,6863.87,1379.55,-5484.32,1
2024-04-08,SKU049,199,1039450.63,5223.37,0,0,0,2024,4,15,Spring,Product 049,Lighting,Organizer,2024-01-16,2063.03,5223.37,3160.34,0
2024-04-08,SKU050,43,37956.96,882.72,0,0,0,2024,4,15,Spring,Product 050,Storage,Sofa,2024-05-06,701.85,882.72,180.87,0
2024-04-15,SKU001,103,377397.15,3664.05,0,0,0,2024,4,16,Spring,Product 001,Furniture,Chair,2022-04-09,1758.45,3664.05,1905.6,0
2024-04-15,SKU002,93,353929.17,3805.69,0,0,0,2024,4,16,Spring,Product 002,Home Decor,Table,2024-05-01,3867.09,3805.69,-61.4,1
2024-04-15,SKU003,47,379676.81,8078.23,0,0,0,2024,4,16,Spring,Product 003,Kitchen,Cushion,2023-12-22,589.48,8078.23,7488.75,0
2024-04-15,SKU004,44,301909.08,6861.57,0,0,0,2024,4,16,Spring,Product 004,Lighting,Cookware,2023-04-28,1445.74,6861.57,5415.83,0
2024-04-15,SKU005,140,1329050.8,9493.22,0,0,0,2024,4,16,Spring,Product 005,Storage,Lamp,2023-04-22,5543.63,9493.22,3949.59,0
2024-04-15,SKU006,54,437726.16,8106.04,0,0,0,2024,4,16,Spring,Product 006,Furniture,Shelf,2024-08-02,6021.91,8106.04,2084.13,0
2024-04-15,SKU007,199,1017703.91,5114.09,0,0,0,2024,4,16,Spring,Product 007,Home Decor,Cabinet,2022-04-05,7748.2,5114.09,-2634.11,1
2024-04-15,SKU008,139,1368126.96,9842.64,0,0,0,2024,4,16,Spring,Product 008,Kitchen,Rug,2024-02-07,2775.15,9842.64,7067.49,0
2024-04-15,SKU009,100,233689.0,2336.89,0,0,0,2024,4,16,Spring,Product 009,Lighting,Organizer,2022-08-10,3121.06,2336.89,-784.17,1
2024-04-15,SKU010,121,80278.66,663.46,0,0,0,2024,4,16,Spring,Product 010,Storage,Sofa,2022-04-14,3889.06,663.46,-3225.6,1
2024-04-15,SKU011,19,27446.64,1444.56,0,0,0,2024,4,16,Spring,Product 011,Furniture,Chair,2023-08-03,1718.4,1444.56,-273.84,1
2024-04-15,SKU012,216,1896343.92,8779.37,0,0,0,2024,4,16,Spring,Product 012,Home Decor,Table,2024-12-09,1256.89,8779.37,7522.48,0
2024-04-15,SKU013,128,736995.84,5757.78,0,0,0,2024,4,16,Spring,Product 013,Kitchen,Cushion,2024-03-20,3936.71,5757.78,1821.07,0
2024-04-15,SKU014,198,449608.5,2270.75,0,0,0,2024,4,16,Spring,Product 014,Lighting,Cookware,2024-04-17,2008.55,2270.75,262.2,0
2024-04-15,SKU015,26,161515.12,6212.12,0,0,0,2024,4,16,Spring,Product 015,Storage,Lamp,2024-02-29,5441.06,6212.12,771.06,0
2024-04-15,SKU016,125,270852.5,2166.82,0,0,0,2024,4,16,Spring,Product 016,Furniture,Shelf,2024-05-14,3637.93,2166.82,-1471.11,1
2024-04-15,SKU017,108,915550.56,8477.32,0,0,0,2024,4,16,Spring,Product 017,Home Decor,Cabinet,2023-07-19,6703.26,8477.32,1774.06,0
2024-04-15,SKU018,209,1165260.69,5575.41,0,0,0,2024,4,16,Spring,Product 018,Kitchen,Rug,2022-05-21,5677.05,5575.41,-101.64,1
2024-04-15,SKU019,132,636220.2,4819.85,0,0,0,2024,4,16,Spring,Product 019,Lighting,Organizer,2024-07-12,2670.84,4819.85,2149.01,0
2024-04-15,SKU020,122,475499.88,3897.54,0,0,0,2024,4,16,Spring,Product 020,Storage,Sofa,2023-05-11,6700.01,3897.54,-2802.47,1
2024-04-15,SKU021,80,616902.4,7711.28,0,0,0,2024,4,16,Spring,Product 021,Furniture,Chair,2023-07-05,6486.92,7711.28,1224.36,0
2024-04-15,SKU022,73,335583.19,4597.03,0,0,0,2024,4,16,Spring,Product 022,Home Decor,Table,2023-02-12,3252.96,4597.03,1344.07,0
2024-04-15,SKU023,118,167175.32,1416.74,0,0,0,2024,4,16,Spring,Product 023,Kitchen,Cushion,2022-07-20,2484.54,1416.74,-1067.8,1
2024-04-15,SKU024,113,199882.31,1768.87,0,0,0,2024,4,16,Spring,Product 024,Lighting,Cookware,2024-10-16,5539.34,1768.87,-3770.47,1
2024-04-15,SKU025,17,196486.17,11558.01,0,0,0,2024,4,16,Spring,Product 025,Storage,Lamp,2024-05-09,1333.08,11558.01,10224.93,0
2024-04-15,SKU026,181,1980056.74,10939.54,0,0,0,2024,4,16,Spring,Product 026,Furniture,Shelf,2023-12-10,1799.29,10939.54,9140.25,0
2024-04-15,SKU027,185,1575571.0,8516.6,0,0,0,2024,4,16,Spring,Product 027,Home Decor,Cabinet,2023-03-19,307.06,8516.6,8209.54,0
2024-04-15,SKU028,56,195109.04,3484.09,0,0,0,2024,4,16,Spring,Product 028,Kitchen,Rug,2024-06-24,6348.66,3484.09,-2864.57,1
2024-04-15,SKU029,126,1466948.7,11642.45,0,0,0,2024,4,16,Spring,Product 029,Lighting,Organizer,2023-08-23,5402.59,11642.45,6239.86,0
2024-04-15,SKU030,38,358473.38,9433.51,0,0,0,2024,4,16,Spring,Product 030,Storage,Sofa,2023-05-03,5715.03,9433.51,3718.48,0
2024-04-15,SKU031,165,1438128.45,8715.93,0,0,0,2024,4,16,Spring,Product 031,Furniture,Chair,2023-05-11,6300.65,8715.93,2415.28,0
2024-04-15,SKU032,68,381656.12,5612.59,0,0,0,2024,4,16,Spring,Product 032,Home Decor,Table,2022-09-07,3806.6,5612.59,1805.99,0
2024-04-15,SKU033,148,526584.0,3558.0,0,0,0,2024,4,16,Spring,Product 033,Kitchen,Cushion,2022-04-12,4657.74,3558.0,-1099.74,1
2024-04-15,SKU034,162,245938.68,1518.14,0,0,0,2024,4,16,Spring,Product 034,Lighting,Cookware,2023-09-03,1333.43,1518.14,184.71,0
2024-04-15,SKU035,159,1728360.21,10870.19,0,0,0,2024,4,16,Spring,Product 035,Storage,Lamp,2024-09-03,1137.61,10870.19,9732.58,0
2024-04-15,SKU036,44,250228.0,5687.0,0,0,0,2024,4,16,Spring,Product 036,Furniture,Shelf,2022-03-12,5430.12,5687.0,256.88,0
2024-04-15,SKU037,196,538494.32,2747.42,0,0,0,2024,4,16,Spring,Product 037,Home Decor,Cabinet,2024-08-02,3901.0,2747.42,-1153.58,1
2024-04-15,SKU038,56,221149.6,3949.1,0,0,0,2024,4,16,Spring,Product 038,Kitchen,Rug,2024-06-29,4630.58,3949.1,-681.48,1
2024-04-15,SKU039,17,121022.15,7118.95,0,0,0,2024,4,16,Spring,Product 039,Lighting,Organizer,2022-11-01,6178.74,7118.95,940.21,0
2024-04-15,SKU040,131,321023.36,2450.56,0,0,0,2024,4,16,Spring,Product 040,Storage,Sofa,2023-11-26,5169.07,2450.56,-2718.51,1
2024-04-15,SKU041,99,1023336.27,10336.73,0,0,0,2024,4,16,Spring,Product 041,Furniture,Chair,2022-07-01,4540.24,10336.73,5796.49,0
2024-04-15,SKU042,163,1499409.29,9198.83,0,0,0,2024,4,16,Spring,Product 042,Home Decor,Table,2024-04-13,4583.86,9198.83,4614.97,0
2024-04-15,SKU043,187,1635458.99,8745.77,0,0,0,2024,4,16,Spring,Product 043,Kitchen,Cushion,2024-02-10,2605.61,8745.77,6140.16,0
2024-04-15,SKU044,77,416745.56,5412.28,0,0,0,2024,4,16,Spring,Product 044,Lighting,Cookware,2023-01-25,488.84,5412.28,4923.44,0
2024-04-15,SKU045,212,1627477.36,7676.78,0,0,0,2024,4,16,Spring,Product 045,Storage,Lamp,2022-03-16,3634.56,7676.78,4042.22,0
2024-04-15,SKU046,72,516638.88,7175.54,0,0,0,2024,4,16,Spring,Product 046,Furniture,Shelf,2024-12-03,1913.03,7175.54,5262.51,0
2024-04-15,SKU047,129,1024030.38,7938.22,0,0,0,2024,4,16,Spring,Product 047,Home Decor,Cabinet,2023-05-06,3416.1,7938.22,4522.12,0
2024-04-15,SKU048,74,102086.7,1379.55,0,0,0,2024,4,16,Spring,Product 048,Kitchen,Rug,2024-09-09,6863.87,1379.55,-5484.32,1
2024-04-15,SKU049,193,1008110.41,5223.37,0,0,0,2024,4,16,Spring,Product 049,Lighting,Organizer,2024-01-16,2063.03,5223.37,3160.34,0
2024-04-15,SKU050,49,43253.28,882.72,0,0,0,2024,4,16,Spring,Product 050,Storage,Sofa,2024-05-06,701.85,882.72,180.87,0
2024-04-22,SKU001,112,410373.6,3664.05,0,0,0,2024,4,17,Spring,Product 001,Furniture,Chair,2022-04-09,1758.45,3664.05,1905.6,0
2024-04-22,SKU002,75,285426.75,3805.69,0,0,0,2024,4,17,Spring,Product 002,Home Decor,Table,2024-05-01,3867.09,3805.69,-61.4,1
2024-04-22,SKU003,45,363520.35,8078.23,0,0,0,2024,4,17,Spring,Product 003,Kitchen,Cushion,2023-12-22,589.48,8078.23,7488.75,0
2024-04-22,SKU004,28,192123.96,6861.57,0,0,0,2024,4,17,Spring,Product 004,Lighting,Cookware,2023-04-28,1445.74,6861.57,5415.83,0
2024-04-22,SKU005,113,1072733.86,9493.22,0,0,0,2024,4,17,Spring,Product 005,Storage,Lamp,2023-04-22,5543.63,9493.22,3949.59,0
2024-04-22,SKU006,44,356665.76,8106.04,0,0,0,2024,4,17,Spring,Product 006,Furniture,Shelf,2024-08-02,6021.91,8106.04,2084.13,0
2024-04-22,SKU007,198,1012589.82,5114.09,0,0,0,2024,4,17,Spring,Product 007,Home Decor,Cabinet,2022-04-05,7748.2,5114.09,-2634.11,1
2024-04-22,SKU008,134,1318913.76,9842.64,0,0,0,2024,4,17,Spring,Product 008,Kitchen,Rug,2024-02-07,2775.15,9842.64,7067.49,0
2024-04-22,SKU009,104,243036.56,2336.89,0,0,0,2024,4,17,Spring,Product 009,Lighting,Organizer,2022-08-10,3121.06,2336.89,-784.17,1
2024-04-22,SKU010,121,80278.66,663.46,0,0,0,2024,4,17,Spring,Product 010,Storage,Sofa,2022-04-14,3889.06,663.46,-3225.6,1
2024-04-22,SKU011,31,44781.36,1444.56,0,0,0,2024,4,17,Spring,Product 011,Furniture,Chair,2023-08-03,1718.4,1444.56,-273.84,1
2024-04-22,SKU012,217,1905123.29,8779.37,0,0,0,2024,4,17,Spring,Product 012,Home Decor,Table,2024-12-09,1256.89,8779.37,7522.48,0
2024-04-22,SKU013,102,587293.56,5757.78,0,0,0,2024,4,17,Spring,Product 013,Kitchen,Cushion,2024-03-20,3936.71,5757.78,1821.07,0
2024-04-22,SKU014,151,342883.25,2270.75,0,0,0,2024,4,17,Spring,Product 014,Lighting,Cookware,2024-04-17,2008.55,2270.75,262.2,0
2024-04-22,SKU015,35,217424.2,6212.12,0,0,0,2024,4,17,Spring,Product 015,Storage,Lamp,2024-02-29,5441.06,6212.12,771.06,0
2024-04-22,SKU016,116,251351.12,2166.82,0,0,0,2024,4,17,Spring,Product 016,Furniture,Shelf,2024-05-14,3637.93,2166.82,-1471.11,1
2024-04-22,SKU017,126,1068142.32,8477.32,0,0,0,2024,4,17,Spring,Product 017,Home Decor,Cabinet,2023-07-19,6703.26,8477.32,1774.06,0
2024-04-22,SKU018,209,1165260.69,5575.41,0,0,0,2024,4,17,Spring,Product 018,Kitchen,Rug,2022-05-21,5677.05,5575.41,-101.64,1
2024-04-22,SKU019,139,669959.15,4819.85,0,0,0,2024,4,17,Spring,Product 019,Lighting,Organizer,2024-07-12,2670.84,4819.85,2149.01,0
2024-04-22,SKU020,97,378061.38,3897.54,0,0,0,2024,4,17,Spring,Product 020,Storage,Sofa,2023-05-11,6700.01,3897.54,-2802.47,1
2024-04-22,SKU021,74,570634.72,7711.28,0,0,0,2024,4,17,Spring,Product 021,Furniture,Chair,2023-07-05,6486.92,7711.28,1224.36,0
2024-04-22,SKU022,96,441314.88,4597.03,0,0,0,2024,4,17,Spring,Product 022,Home Decor,Table,2023-02-12,3252.96,4597.03,1344.07,0
2024-04-22,SKU023,102,144507.48,1416.74,0,0,0,2024,4,17,Spring,Product 023,Kitchen,Cushion,2022-07-20,2484.54,1416.74,-1067.8,1
2024-04-22,SKU024,106,187500.22,1768.87,0,0,0,2024,4,17,Spring,Product 024,Lighting,Cookware,2024-10-16,5539.34,1768.87,-3770.47,1
2024-04-22,SKU025,28,323624.28,11558.01,0,0,0,2024,4,17,Spring,Product 025,Storage,Lamp,2024-05-09,1333.08,11558.01,10224.93,0
2024-04-22,SKU026,186,2034754.44,10939.54,0,0,0,2024,4,17,Spring,Product 026,Furniture,Shelf,2023-12-10,1799.29,10939.54,9140.25,0
2024-04-22,SKU027,205,1745903.0,8516.6,0,0,0,2024,4,17,Spring,Product 027,Home Decor,Cabinet,2023-03-19,307.06,8516.6,8209.54,0
2024-04-22,SKU028,44,153299.96,3484.09,0,0,0,2024,4,17,Spring,Product 028,Kitchen,Rug,2024-06-24,6348.66,3484.09,-2864.57,1
2024-04-22,SKU029,125,1455306.25,11642.45,0,0,0,2024,4,17,Spring,Product 029,Lighting,Organizer,2023-08-23,5402.59,11642.45,6239.86,0
2024-04-22,SKU030,36,339606.36,9433.51,0,0,0,2024,4,17,Spring,Product 030,Storage,Sofa,2023-05-03,5715.03,9433.51,3718.48,0
2024-04-22,SKU031,121,1054627.53,8715.93,0,0,0,2024,4,17,Spring,Product 031,Furniture,Chair,2023-05-11,6300.65,8715.93,2415.28,0
2024-04-22,SKU032,78,437782.02,5612.59,0,0,0,2024,4,17,Spring,Product 032,Home Decor,Table,2022-09-07,3806.6,5612.59,1805.99,0
2024-04-22,SKU033,119,423402.0,3558.0,0,0,0,2024,4,17,Spring,Product 033,Kitchen,Cushion,2022-04-12,4657.74,3558.0,-1099.74,1
2024-04-22,SKU034,160,242902.4,1518.14,0,0,0,2024,4,17,Spring,Product 034,Lighting,Cookware,2023-09-03,1333.43,1518.14,184.71,0
2024-04-22,SKU035,201,2184908.19,10870.19,0,0,0,2024,4,17,Spring,Product 035,Storage,Lamp,2024-09-03,1137.61,10870.19,9732.58,0
2024-04-22,SKU036,33,187671.0,5687.0,0,0,0,2024,4,17,Spring,Product 036,Furniture,Shelf,2022-03-12,5430.12,5687.0,256.88,0
2024-04-22,SKU037,183,502777.86,2747.42,0,0,0,2024,4,17,Spring,Product 037,Home Decor,Cabinet,2024-08-02,3901.0,2747.42,-1153.58,1
2024-04-22,SKU038,52,205353.2,3949.1,0,0,0,2024,4,17,Spring,Product 038,Kitchen,Rug,2024-06-29,4630.58,3949.1,-681.48,1
2024-04-22,SKU039,29,206449.55,7118.95,0,0,0,2024,4,17,Spring,Product 039,Lighting,Organizer,2022-11-01,6178.74,7118.95,940.21,0
2024-04-22,SKU040,117,286715.52,2450.56,0,0,0,2024,4,17,Spring,Product 040,Storage,Sofa,2023-11-26,5169.07,2450.56,-2718.51,1
2024-04-22,SKU041,73,754581.29,10336.73,0,0,0,2024,4,17,Spring,Product 041,Furniture,Chair,2022-07-01,4540.24,10336.73,5796.49,0
2024-04-22,SKU042,199,1830567.17,9198.83,0,0,0,2024,4,17,Spring,Product 042,Home Decor,Table,2024-04-13,4583.86,9198.83,4614.97,0
2024-04-22,SKU043,192,1679187.84,8745.77,0,0,0,2024,4,17,Spring,Product 043,Kitchen,Cushion,2024-02-10,2605.61,8745.77,6140.16,0
2024-04-22,SKU044,84,454631.52,5412.28,0,0,0,2024,4,17,Spring,Product 044,Lighting,Cookware,2023-01-25,488.84,5412.28,4923.44,0
2024-04-22,SKU045,213,1635154.14,7676.78,0,0,0,2024,4,17,Spring,Product 045,Storage,Lamp,2022-03-16,3634.56,7676.78,4042.22,0
2024-04-22,SKU046,87,624271.98,7175.54,0,0,0,2024,4,17,Spring,Product 046,Furniture,Shelf,2024-12-03,1913.03,7175.54,5262.51,0
2024-04-22,SKU047,130,1031968.6,7938.22,0,0,0,2024,4,17,Spring,Product 047,Home Decor,Cabinet,2023-05-06,3416.1,7938.22,4522.12,0
2024-04-22,SKU048,54,74495.7,1379.55,0,0,0,2024,4,17,Spring,Product 048,Kitchen,Rug,2024-09-09,6863.87,1379.55,-5484.32,1
2024-04-22,SKU049,222,1159588.14,5223.37,0,0,0,2024,4,17,Spring,Product 049,Lighting,Organizer,2024-01-16,2063.03,5223.37,3160.34,0
2024-04-22,SKU050,55,48549.6,882.72,0,0,0,2024,4,17,Spring,Product 050,Storage,Sofa,2024-05-06,701.85,882.72,180.87,0
2024-04-29,SKU001,110,403045.5,3664.05,0,0,0,2024,4,18,Summer,Product 001,Furniture,Chair,2022-04-09,1758.45,3664.05,1905.6,0
2024-04-29,SKU002,91,346317.79,3805.69,0,0,0,2024,4,18,Summer,Product 002,Home Decor,Table,2024-05-01,3867.09,3805.69,-61.4,1
2024-04-29,SKU003,45,363520.35,8078.23,0,0,0,2024,4,18,Summer,Product 003,Kitchen,Cushion,2023-12-22,589.48,8078.23,7488.75,0
2024-04-29,SKU004,37,253878.09,6861.57,0,0,0,2024,4,18,Summer,Product 004,Lighting,Cookware,2023-04-28,1445.74,6861.57,5415.83,0
2024-04-29,SKU005,122,1158172.84,9493.22,0,0,0,2024,4,18,Summer,Product 005,Storage,Lamp,2023-04-22,5543.63,9493.22,3949.59,0
2024-04-29,SKU006,54,437726.16,8106.04,0,0,0,2024,4,18,Summer,Product 006,Furniture,Shelf,2024-08-02,6021.91,8106.04,2084.13,0
2024-04-29,SKU007,188,961448.92,5114.09,0,0,0,2024,4,18,Summer,Product 007,Home Decor,Cabinet,2022-04-05,7748.2,5114.09,-2634.11,1
2024-04-29,SKU008,139,1368126.96,9842.64,0,0,0,2024,4,18,Summer,Product 008,Kitchen,Rug,2024-02-07,2775.15,9842.64,7067.49,0
2024-04-29,SKU009,80,186951.2,2336.89,0,0,0,2024,4,18,Summer,Product 009,Lighting,Organizer,2022-08-10,3121.06,2336.89,-784.17,1
2024-04-29,SKU010,144,95538.24,663.46,0,0,0,2024,4,18,Summer,Product 010,Storage,Sofa,2022-04-14,3889.06,663.46,-3225.6,1
2024-04-29,SKU011,20,28891.2,1444.56,0,0,0,2024,4,18,Summer,Product 011,Furniture,Chair,2023-08-03,1718.4,1444.56,-273.84,1
2024-04-29,SKU012,209,1834888.33,8779.37,0,0,0,2024,4,18,Summer,Product 012,Home Decor,Table,2024-12-09,1256.89,8779.37,7522.48,0
2024-04-29,SKU013,108,621840.24,5757.78,0,0,0,2024,4,18,Summer,Product 013,Kitchen,Cushion,2024-03-20,3936.71,5757.78,1821.07,0
2024-04-29,SKU014,170,386027.5,2270.75,0,0,0,2024,4,18,Summer,Product 014,Lighting,Cookware,2024-04-17,2008.55,2270.75,262.2,0
2024-04-29,SKU015,30,186363.6,6212.12,0,0,0,2024,4,18,Summer,Product 015,Storage,Lamp,2024-02-29,5441.06,6212.12,771.06,0
2024-04-29,SKU016,93,201514.26,2166.82,0,0,0,2024,4,18,Summer,Product 016,Furniture,Shelf,2024-05-14,3637.93,2166.82,-1471.11,1
2024-04-29,SKU017,129,1093574.28,8477.32,0,0,0,2024,4,18,Summer,Product 017,Home Decor,Cabinet,2023-07-19,6703.26,8477.32,1774.06,0
2024-04-29,SKU018,204,1137383.64,5575.41,0,0,0,2024,4,18,Summer,Product 018,Kitchen,Rug,2022-05-21,5677.05,5575.41,-101.64,1
2024-04-29,SKU019,134,645859.9,4819.85,0,0,0,2024,4,18,Summer,Product 019,Lighting,Organizer,2024-07-12,2670.84,4819.85,2149.01,0
2024-04-29,SKU020,90,350778.6,3897.54,0,0,0,2024,4,18,Summer,Product 020,Storage,Sofa,2023-05-11,6700.01,3897.54,-2802.47,1
2024-04-29,SKU021,79,609191.12,7711.28,0,0,0,2024,4,18,Summer,Product 021,Furniture,Chair,2023-07-05,6486.92,7711.28,1224.36,0
2024-04-29,SKU022,87,399941.61,4597.03,0,0,0,2024,4,18,Summer,Product 022,Home Decor,Table,2023-02-12,3252.96,4597.03,1344.07,0
2024-04-29,SKU023,102,144507.48,1416.74,0,0,0,2024,4,18,Summer,Product 023,Kitchen,Cushion,2022-07-20,2484.54,1416.74,-1067.8,1
2024-04-29,SKU024,103,182193.61,1768.87,0,0,0,2024,4,18,Summer,Product 024,Lighting,Cookware,2024-10-16,5539.34,1768.87,-3770.47,1
2024-04-29,SKU025,19,219602.19,11558.01,0,0,0,2024,4,18,Summer,Product 025,Storage,Lamp,2024-05-09,1333.08,11558.01,10224.93,0
2024-04-29,SKU026,174,1903479.96,10939.54,0,0,0,2024,4,18,Summer,Product 026,Furniture,Shelf,2023-12-10,1799.29,10939.54,9140.25,0
2024-04-29,SKU027,188,1601120.8,8516.6,0,0,0,2024,4,18,Summer,Product 027,Home Decor,Cabinet,2023-03-19,307.06,8516.6,8209.54,0
2024-04-29,SKU028,40,139363.6,3484.09,0,0,0,2024,4,18,Summer,Product 028,Kitchen,Rug,2024-06-24,6348.66,3484.09,-2864.57,1
2024-04-29,SKU029,117,1362166.65,11642.45,0,0,0,2024,4,18,Summer,Product 029,Lighting,Organizer,2023-08-23,5402.59,11642.45,6239.86,0
2024-04-29,SKU030,35,330172.85,9433.51,0,0,0,2024,4,18,Summer,Product 030,Storage,Sofa,2023-05-03,5715.03,9433.51,3718.48,0
2024-04-29,SKU031,159,1385832.87,8715.93,0,0,0,2024,4,18,Summer,Product 031,Furniture,Chair,2023-05-11,6300.65,8715.93,2415.28,0
2024-04-29,SKU032,73,409719.07,5612.59,0,0,0,2024,4,18,Summer,Product 032,Home Decor,Table,2022-09-07,3806.6,5612.59,1805.99,0
2024-04-29,SKU033,138,491004.0,3558.0,0,0,0,2024,4,18,Summer,Product 033,Kitchen,Cushion,2022-04-12,4657.74,3558.0,-1099.74,1
2024-04-29,SKU034,170,258083.8,1518.14,0,0,0,2024,4,18,Summer,Product 034,Lighting,Cookware,2023-09-03,1333.43,1518.14,184.71,0
2024-04-29,SKU035,169,1837062.11,10870.19,0,0,0,2024,4,18,Summer,Product 035,Storage,Lamp,2024-09-03,1137.61,10870.19,9732.58,0
2024-04-29,SKU036,28,159236.0,5687.0,0,0,0,2024,4,18,Summer,Product 036,Furniture,Shelf,2022-03-12,5430.12,5687.0,256.88,0
2024-04-29,SKU037,204,560473.68,2747.42,0,0,0,2024,4,18,Summer,Product 037,Home Decor,Cabinet,2024-08-02,3901.0,2747.42,-1153.58,1
2024-04-29,SKU038,56,221149.6,3949.1,0,0,0,2024,4,18,Summer,Product 038,Kitchen,Rug,2024-06-29,4630.58,3949.1,-681.48,1
2024-04-29,SKU039,21,149497.95,7118.95,0,0,0,2024,4,18,Summer,Product 039,Lighting,Organizer,2022-11-01,6178.74,7118.95,940.21,0
2024-04-29,SKU040,119,291616.64,2450.56,0,0,0,2024,4,18,Summer,Product 040,Storage,Sofa,2023-11-26,5169.07,2450.56,-2718.51,1
2024-04-29,SKU041,98,1012999.54,10336.73,0,0,0,2024,4,18,Summer,Product 041,Furniture,Chair,2022-07-01,4540.24,10336.73,5796.49,0
2024-04-29,SKU042,201,1848964.83,9198.83,0,0,0,2024,4,18,Summer,Product 042,Home Decor,Table,2024-04-13,4583.86,9198.83,4614.97,0
2024-04-29,SKU043,174,1521763.98,8745.77,0,0,0,2024,4,18,Summer,Product 043,Kitchen,Cushion,2024-02-10,2605.61,8745.77,6140.16,0
2024-04-29,SKU044,79,427570.12,5412.28,0,0,0,2024,4,18,Summer,Product 044,Lighting,Cookware,2023-01-25,488.84,5412.28,4923.44,0
2024-04-29,SKU045,209,1604447.02,7676.78,0,0,0,2024,4,18,Summer,Product 045,Storage,Lamp,2022-03-16,3634.56,7676.78,4042.22,0
2024-04-29,SKU046,70,502287.8,7175.54,0,0,0,2024,4,18,Summer,Product 046,Furniture,Shelf,2024-12-03,1913.03,7175.54,5262.51,0
2024-04-29,SKU047,123,976401.06,7938.22,0,0,0,2024,4,18,Summer,Product 047,Home Decor,Cabinet,2023-05-06,3416.1,7938.22,4522.12,0
2024-04-29,SKU048,60,82773.0,1379.55,0,0,0,2024,4,18,Summer,Product 048,Kitchen,Rug,2024-09-09,6863.87,1379.55,-5484.32,1
2024-04-29,SKU049,219,1143918.03,5223.37,0,0,0,2024,4,18,Summer,Product 049,Lighting,Organizer,2024-01-16,2063.03,5223.37,3160.34,0
2024-04-29,SKU050,50,44136.0,882.72,0,0,0,2024,4,18,Summer,Product 050,Storage,Sofa,2024-05-06,701.85,882.72,180.87,0
2024-05-06,SKU001,117,428693.85,3664.05,0,0,0,2024,5,19,Summer,Product 001,Furniture,Chair,2022-04-09,1758.45,3664.05,1905.6,0
2024-05-06,SKU002,88,334900.72,3805.69,0,0,0,2024,5,19,Summer,Product 002,Home Decor,Table,2024-05-01,3867.09,3805.69,-61.4,1
2024-05-06,SKU003,37,298894.51,8078.23,0,0,0,2024,5,19,Summer,Product 003,Kitchen,Cushion,2023-12-22,589.48,8078.23,7488.75,0
2024-05-06,SKU004,47,322493.79,6861.57,0,0,0,2024,5,19,Summer,Product 004,Lighting,Cookware,2023-04-28,1445.74,6861.57,5415.83,0
2024-05-06,SKU005,142,1348037.24,9493.22,0,0,0,2024,5,19,Summer,Product 005,Storage,Lamp,2023-04-22,5543.63,9493.22,3949.59,0
2024-05-06,SKU006,45,364771.8,8106.04,0,0,0,2024,5,19,Summer,Product 006,Furniture,Shelf,2024-08-02,6021.91,8106.04,2084.13,0
2024-05-06,SKU007,174,889851.66,5114.09,0,0,0,2024,5,19,Summer,Product 007,Home Decor,Cabinet,2022-04-05,7748.2,5114.09,-2634.11,1
2024-05-06,SKU008,131,1289385.84,9842.64,0,0,0,2024,5,19,Summer,Product 008,Kitchen,Rug,2024-02-07,2775.15,9842.64,7067.49,0
2024-05-06,SKU009,70,163582.3,2336.89,0,0,0,2024,5,19,Summer,Product 009,Lighting,Organizer,2022-08-10,3121.06,2336.89,-784.17,1
2024-05-06,SKU010,117,77624.82,663.46,0,0,0,2024,5,19,Summer,Product 010,Storage,Sofa,2022-04-14,3889.06,663.46,-3225.6,1
2024-05-06,SKU011,30,43336.8,1444.56,0,0,0,2024,5,19,Summer,Product 011,Furniture,Chair,2023-08-03,1718.4,1444.56,-273.84,1
2024-05-06,SKU012,210,1843667.7,8779.37,0,0,0,2024,5,19,Summer,Product 012,Home Decor,Table,2024-12-09,1256.89,8779.37,7522.48,0
2024-05-06,SKU013,120,690933.6,5757.78,0,0,0,2024,5,19,Summer,Product 013,Kitchen,Cushion,2024-03-20,3936.71,5757.78,1821.07,0
2024-05-06,SKU014,163,370132.25,2270.75,0,0,0,2024,5,19,Summer,Product 014,Lighting,Cookware,2024-04-17,2008.55,2270.75,262.2,0
2024-05-06,SKU015,26,161515.12,6212.12,0,0,0,2024,5,19,Summer,Product 015,Storage,Lamp,2024-02-29,5441.06,6212.12,771.06,0
2024-05-06,SKU016,95,205847.9,2166.82,0,0,0,2024,5,19,Summer,Product 016,Furniture,Shelf,2024-05-14,3637.93,2166.82,-1471.11,1
2024-05-06,SKU017,109,924027.88,8477.32,0,0,0,2024,5,19,Summer,Product 017,Home Decor,Cabinet,2023-07-19,6703.26,8477.32,1774.06,0
2024-05-06,SKU018,220,1226590.2,5575.41,0,0,0,2024,5,19,Summer,Product 018,Kitchen,Rug,2022-05-21,5677.05,5575.41,-101.64,1
2024-05-06,SKU019,141,679598.85,4819.85,0,0,0,2024,5,19,Summer,Product 019,Lighting,Organizer,2024-07-12,2670.84,4819.85,2149.01,0
2024-05-06,SKU020,100,389754.0,3897.54,0,0,0,2024,5,19,Summer,Product 020,Storage,Sofa,2023-05-11,6700.01,3897.54,-2802.47,1
2024-05-06,SKU021,67,516655.76,7711.28,0,0,0,2024,5,19,Summer,Product 021,Furniture,Chair,2023-07-05,6486.92,7711.28,1224.36,0
2024-05-06,SKU022,83,381553.49,4597.03,0,0,0,2024,5,19,Summer,Product 022,Home Decor,Table,2023-02-12,3252.96,4597.03,1344.07,0
2024-05-06,SKU023,120,170008.8,1416.74,0,0,0,2024,5,19,Summer,Product 023,Kitchen,Cushion,2022-07-20,2484.54,1416.74,-1067.8,1
2024-05-06,SKU024,108,191037.96,1768.87,0,0,0,2024,5,19,Summer,Product 024,Lighting,Cookware,2024-10-16,5539.34,1768.87,-3770.47,1
2024-05-06,SKU025,20,231160.2,11558.01,0,0,0,2024,5,19,Summer,Product 025,Storage,Lamp,2024-05-09,1333.08,11558.01,10224.93,0
2024-05-06,SKU026,190,2078512.6,10939.54,0,0,0,2024,5,19,Summer,Product 026,Furniture,Shelf,2023-12-10,1799.29,10939.54,9140.25,0
2024-05-06,SKU027,194,1652220.4,8516.6,0,0,0,2024,5,19,Summer,Product 027,Home Decor,Cabinet,2023-03-19,307.06,8516.6,8209.54,0
2024-05-06,SKU028,45,156784.05,3484.09,0,0,0,2024,5,19,Summer,Product 028,Kitchen,Rug,2024-06-24,6348.66,3484.09,-2864.57,1
2024-05-06,SKU029,116,1350524.2,11642.45,0,0,0,2024,5,19,Summer,Product 029,Lighting,Organizer,2023-08-23,5402.59,11642.45,6239.86,0
2024-05-06,SKU030,41,386773.91,9433.51,0,0,0,2024,5,19,Summer,Product 030,Storage,Sofa,2023-05-03,5715.03,9433.51,3718.48,0
2024-05-06,SKU031,152,1324821.36,8715.93,0,0,0,2024,5,19,Summer,Product 031,Furniture,Chair,2023-05-11,6300.65,8715.93,2415.28,0
2024-05-06,SKU032,57,319917.63,5612.59,0,0,0,2024,5,19,Summer,Product 032,Home Decor,Table,2022-09-07,3806.6,5612.59,1805.99,0
2024-05-06,SKU033,155,551490.0,3558.0,0,0,0,2024,5,19,Summer,Product 033,Kitchen,Cushion,2022-04-12,4657.74,3558.0,-1099.74,1
2024-05-06,SKU034,153,232275.42,1518.14,0,0,0,2024,5,19,Summer,Product 034,Lighting,Cookware,2023-09-03,1333.43,1518.14,184.71,0
2024-05-06,SKU035,159,1728360.21,10870.19,0,0,0,2024,5,19,Summer,Product 035,Storage,Lamp,2024-09-03,1137.61,10870.19,9732.58,0
2024-05-06,SKU036,24,136488.0,5687.0,0,0,0,2024,5,19,Summer,Product 036,Furniture,Shelf,2022-03-12,5430.12,5687.0,256.88,0
2024-05-06,SKU037,194,532999.48,2747.42,0,0,0,2024,5,19,Summer,Product 037,Home Decor,Cabinet,2024-08-02,3901.0,2747.42,-1153.58,1
2024-05-06,SKU038,62,244844.2,3949.1,0,0,0,2024,5,19,Summer,Product 038,Kitchen,Rug,2024-06-29,4630.58,3949.1,-681.48,1
2024-05-06,SKU039,29,206449.55,7118.95,0,0,0,2024,5,19,Summer,Product 039,Lighting,Organizer,2022-11-01,6178.74,7118.95,940.21,0
2024-05-06,SKU040,125,306320.0,2450.56,0,0,0,2024,5,19,Summer,Product 040,Storage,Sofa,2023-11-26,5169.07,2450.56,-2718.51,1
2024-05-06,SKU041,101,1044009.73,10336.73,0,0,0,2024,5,19,Summer,Product 041,Furniture,Chair,2022-07-01,4540.24,10336.73,5796.49,0
2024-05-06,SKU042,166,1527005.78,9198.83,0,0,0,2024,5,19,Summer,Product 042,Home Decor,Table,2024-04-13,4583.86,9198.83,4614.97,0
2024-05-06,SKU043,179,1565492.83,8745.77,0,0,0,2024,5,19,Summer,Product 043,Kitchen,Cushion,2024-02-10,2605.61,8745.77,6140.16,0
2024-05-06,SKU044,84,454631.52,5412.28,0,0,0,2024,5,19,Summer,Product 044,Lighting,Cookware,2023-01-25,488.84,5412.28,4923.44,0
2024-05-06,SKU045,198,1520002.44,7676.78,0,0,0,2024,5,19,Summer,Product 045,Storage,Lamp,2022-03-16,3634.56,7676.78,4042.22,0
2024-05-06,SKU046,73,523814.42,7175.54,0,0,0,2024,5,19,Summer,Product 046,Furniture,Shelf,2024-12-03,1913.03,7175.54,5262.51,0
2024-05-06,SKU047,112,889080.64,7938.22,0,0,0,2024,5,19,Summer,Product 047,Home Decor,Cabinet,2023-05-06,3416.1,7938.22,4522.12,0
2024-05-06,SKU048,71,97948.05,1379.55,0,0,0,2024,5,19,Summer,Product 048,Kitchen,Rug,2024-09-09,6863.87,1379.55,-5484.32,1
2024-05-06,SKU049,200,1044674.0,5223.37,0,0,0,2024,5,19,Summer,Product 049,Lighting,Organizer,2024-01-16,2063.03,5223.37,3160.34,0
2024-05-06,SKU050,45,39722.4,882.72,0,0,0,2024,5,19,Summer,Product 050,Storage,Sofa,2024-05-06,701.85,882.72,180.87,0
2024-05-13,SKU001,115,421365.75,3664.05,0,0,0,2024,5,20,Summer,Product 001,Furniture,Chair,2022-04-09,1758.45,3664.05,1905.6,0
2024-05-13,SKU002,86,327289.34,3805.69,0,0,0,2024,5,20,Summer,Product 002,Home Decor,Table,2024-05-01,3867.09,3805.69,-61.4,1
2024-05-13,SKU003,41,331207.43,8078.23,0,0,0,2024,5,20,Summer,Product 003,Kitchen,Cushion,2023-12-22,589.48,8078.23,7488.75,0
2024-05-13,SKU004,54,370524.78,6861.57,0,0,0,2024,5,20,Summer,Product 004,Lighting,Cookware,2023-04-28,1445.74,6861.57,5415.83,0
2024-05-13,SKU005,122,1158172.84,9493.22,0,0,0,2024,5,20,Summer,Product 005,Storage,Lamp,2023-04-22,5543.63,9493.22,3949.59,0
2024-05-13,SKU006,52,421514.08,8106.04,0,0,0,2024,5,20,Summer,Product 006,Furniture,Shelf,2024-08-02,6021.91,8106.04,2084.13,0
2024-05-13,SKU007,184,940992.56,5114.09,0,0,0,2024,5,20,Summer,Product 007,Home Decor,Cabinet,2022-04-05,7748.2,5114.09,-2634.11,1
2024-05-13,SKU008,128,1259857.92,9842.64,0,0,0,2024,5,20,Summer,Product 008,Kitchen,Rug,2024-02-07,2775.15,9842.64,7067.49,0
2024-05-13,SKU009,83,193961.87,2336.89,0,0,0,2024,5,20,Summer,Product 009,Lighting,Organizer,2022-08-10,3121.06,2336.89,-784.17,1
2024-05-13,SKU010,145,96201.7,663.46,0,0,0,2024,5,20,Summer,Product 010,Storage,Sofa,2022-04-14,3889.06,663.46,-3225.6,1
2024-05-13,SKU011,28,40447.68,1444.56,0,0,0,2024,5,20,Summer,Product 011,Furniture,Chair,2023-08-03,1718.4,1444.56,-273.84,1
2024-05-13,SKU012,188,1650521.56,8779.37,0,0,0,2024,5,20,Summer,Product 012,Home Decor,Table,2024-12-09,1256.89,8779.37,7522.48,0
2024-05-13,SKU013,103,593051.34,5757.78,0,0,0,2024,5,20,Summer,Product 013,Kitchen,Cushion,2024-03-20,3936.71,5757.78,1821.07,0
2024-05-13,SKU014,146,331529.5,2270.75,0,0,0,2024,5,20,Summer,Product 014,Lighting,Cookware,2024-04-17,2008.55,2270.75,262.2,0
2024-05-13,SKU015,31,192575.72,6212.12,0,0,0,2024,5,20,Summer,Product 015,Storage,Lamp,2024-02-29,5441.06,6212.12,771.06,0
2024-05-13,SKU016,129,279519.78,2166.82,0,0,0,2024,5,20,Summer,Product 016,Furniture,Shelf,2024-05-14,3637.93,2166.82,-1471.11,1
2024-05-13,SKU017,109,924027.88,8477.32,0,0,0,2024,5,20,Summer,Product 017,Home Decor,Cabinet,2023-07-19,6703.26,8477.32,1774.06,0
2024-05-13,SKU018,203,1131808.23,5575.41,0,0,0,2024,5,20,Summer,Product 018,Kitchen,Rug,2022-05-21,5677.05,5575.41,-101.64,1
2024-05-13,SKU019,151,727797.35,4819.85,0,0,0,2024,5,20,Summer,Product 019,Lighting,Organizer,2024-07-12,2670.84,4819.85,2149.01,0
2024-05-13,SKU020,110,428729.4,3897.54,0,0,0,2024,5,20,Summer,Product 020,Storage,Sofa,2023-05-11,6700.01,3897.54,-2802.47,1
2024-05-13,SKU021,70,539789.6,7711.28,0,0,0,2024,5,20,Summer,Product 021,Furniture,Chair,2023-07-05,6486.92,7711.28,1224.36,0
2024-05-13,SKU022,84,386150.52,4597.03,0,0,0,2024,5,20,Summer,Product 022,Home Decor,Table,2023-02-12,3252.96,4597.03,1344.07,0
2024-05-13,SKU023,129,182759.46,1416.74,0,0,0,2024,5,20,Summer,Product 023,Kitchen,Cushion,2022-07-20,2484.54,1416.74,-1067.8,1
2024-05-13,SKU024,109,192806.83,1768.87,0,0,0,2024,5,20,Summer,Product 024,Lighting,Cookware,2024-10-16,5539.34,1768.87,-3770.47,1
2024-05-13,SKU025,21,242718.21,11558.01,0,0,0,2024,5,20,Summer,Product 025,Storage,Lamp,2024-05-09,1333.08,11558.01,10224.93,0
2024-05-13,SKU026,162,1772205.48,10939.54,0,0,0,2024,5,20,Summer,Product 026,Furniture,Shelf,2023-12-10,1799.29,10939.54,9140.25,0
2024-05-13,SKU027,196,1669253.6,8516.6,0,0,0,2024,5,20,Summer,Product 027,Home Decor,Cabinet,2023-03-19,307.06,8516.6,8209.54,0
2024-05-13,SKU028,53,184656.77,3484.09,0,0,0,2024,5,20,Summer,Product 028,Kitchen,Rug,2024-06-24,6348.66,3484.09,-2864.57,1
2024-05-13,SKU029,117,1362166.65,11642.45,0,0,0,2024,5,20,Summer,Product 029,Lighting,Organizer,2023-08-23,5402.59,11642.45,6239.86,0
2024-05-13,SKU030,42,396207.42,9433.51,0,0,0,2024,5,20,Summer,Product 030,Storage,Sofa,2023-05-03,5715.03,9433.51,3718.48,0
2024-05-13,SKU031,143,1246377.99,8715.93,0,0,0,2024,5,20,Summer,Product 031,Furniture,Chair,2023-05-11,6300.65,8715.93,2415.28,0
2024-05-13,SKU032,101,566871.59,5612.59,0,0,0,2024,5,20,Summer,Product 032,Home Decor,Table,2022-09-07,3806.6,5612.59,1805.99,0
2024-05-13,SKU033,150,533700.0,3558.0,0,0,0,2024,5,20,Summer,Product 033,Kitchen,Cushion,2022-04-12,4657.74,3558.0,-1099.74,1
2024-05-13,SKU034,163,247456.82,1518.14,0,0,0,2024,5,20,Summer,Product 034,Lighting,Cookware,2023-09-03,1333.43,1518.14,184.71,0
2024-05-13,SKU035,158,1717490.02,10870.19,0,0,0,2024,5,20,Summer,Product 035,Storage,Lamp,2024-09-03,1137.61,10870.19,9732.58,0
2024-05-13,SKU036,39,221793.0,5687.0,0,0,0,2024,5,20,Summer,Product 036,Furniture,Shelf,2022-03-12,5430.12,5687.0,256.88,0
2024-05-13,SKU037,198,543989.16,2747.42,0,0,0,2024,5,20,Summer,Product 037,Home Decor,Cabinet,2024-08-02,3901.0,2747.42,-1153.58,1
2024-05-13,SKU038,66,260640.6,3949.1,0,0,0,2024,5,20,Summer,Product 038,Kitchen,Rug,2024-06-29,4630.58,3949.1,-681.48,1
2024-05-13,SKU039,27,192211.65,7118.95,0,0,0,2024,5,20,Summer,Product 039,Lighting,Organizer,2022-11-01,6178.74,7118.95,940.21,0
2024-05-13,SKU040,108,264660.48,2450.56,0,0,0,2024,5,20,Summer,Product 040,Storage,Sofa,2023-11-26,5169.07,2450.56,-2718.51,1
2024-05-13,SKU041,78,806264.94,10336.73,0,0,0,2024,5,20,Summer,Product 041,Furniture,Chair,2022-07-01,4540.24,10336.73,5796.49,0
2024-05-13,SKU042,191,1756976.53,9198.83,0,0,0,2024,5,20,Summer,Product 042,Home Decor,Table,2024-04-13,4583.86,9198.83,4614.97,0
2024-05-13,SKU043,181,1582984.37,8745.77,0,0,0,2024,5,20,Summer,Product 043,Kitchen,Cushion,2024-02-10,2605.61,8745.77,6140.16,0
2024-05-13,SKU044,70,378859.6,5412.28,0,0,0,2024,5,20,Summer,Product 044,Lighting,Cookware,2023-01-25,488.84,5412.28,4923.44,0
2024-05-13,SKU045,213,1635154.14,7676.78,0,0,0,2024,5,20,Summer,Product 045,Storage,Lamp,2022-03-16,3634.56,7676.78,4042.22,0
2024-05-13,SKU046,78,559692.12,7175.54,0,0,0,2024,5,20,Summer,Product 046,Furniture,Shelf,2024-12-03,1913.03,7175.54,5262.51,0
2024-05-13,SKU047,102,809698.44,7938.22,0,0,0,2024,5,20,Summer,Product 047,Home Decor,Cabinet,2023-05-06,3416.1,7938.22,4522.12,0
2024-05-13,SKU048,69,95188.95,1379.55,0,0,0,2024,5,20,Summer,Product 048,Kitchen,Rug,2024-09-09,6863.87,1379.55,-5484.32,1
2024-05-13,SKU049,192,1002887.04,5223.37,0,0,0,2024,5,20,Summer,Product 049,Lighting,Organizer,2024-01-16,2063.03,5223.37,3160.34,0
2024-05-13,SKU050,58,51197.76,882.72,0,0,0,2024,5,20,Summer,Product 050,Storage,Sofa,2024-05-06,701.85,882.72,180.87,0
2024-05-20,SKU001,115,421365.75,3664.05,0,0,0,2024,5,21,Summer,Product 001,Furniture,Chair,2022-04-09,1758.45,3664.05,1905.6,0
2024-05-20,SKU002,78,296843.82,3805.69,0,0,0,2024,5,21,Summer,Product 002,Home Decor,Table,2024-05-01,3867.09,3805.69,-61.4,1
2024-05-20,SKU003,50,403911.5,8078.23,0,0,0,2024,5,21,Summer,Product 003,Kitchen,Cushion,2023-12-22,589.48,8078.23,7488.75,0
2024-05-20,SKU004,40,274462.8,6861.57,0,0,0,2024,5,21,Summer,Product 004,Lighting,Cookware,2023-04-28,1445.74,6861.57,5415.83,0
2024-05-20,SKU005,118,1120199.96,9493.22,0,0,0,2024,5,21,Summer,Product 005,Storage,Lamp,2023-04-22,5543.63,9493.22,3949.59,0
2024-05-20,SKU006,58,470150.32,8106.04,0,0,0,2024,5,21,Summer,Product 006,Furniture,Shelf,2024-08-02,6021.91,8106.04,2084.13,0
2024-05-20,SKU007,209,1068844.81,5114.09,0,0,0,2024,5,21,Summer,Product 007,Home Decor,Cabinet,2022-04-05,7748.2,5114.09,-2634.11,1
2024-05-20,SKU008,137,1348441.68,9842.64,0,0,0,2024,5,21,Summer,Product 008,Kitchen,Rug,2024-02-07,2775.15,9842.64,7067.49,0
2024-05-20,SKU009,83,193961.87,2336.89,0,0,0,2024,5,21,Summer,Product 009,Lighting,Organizer,2022-08-10,3121.06,2336.89,-784.17,1
2024-05-20,SKU010,141,93547.86,663.46,0,0,0,2024,5,21,Summer,Product 010,Storage,Sofa,2022-04-14,3889.06,663.46,-3225.6,1
2024-05-20,SKU011,17,24557.52,1444.56,0,0,0,2024,5,21,Summer,Product 011,Furniture,Chair,2023-08-03,1718.4,1444.56,-273.84,1
2024-05-20,SKU012,183,1606624.71,8779.37,0,0,0,2024,5,21,Summer,Product 012,Home Decor,Table,2024-12-09,1256.89,8779.37,7522.48,0
2024-05-20,SKU013,113,650629.14,5757.78,0,0,0,2024,5,21,Summer,Product 013,Kitchen,Cushion,2024-03-20,3936.71,5757.78,1821.07,0
2024-05-20,SKU014,168,381486.0,2270.75,0,0,0,2024,5,21,Summer,Product 014,Lighting,Cookware,2024-04-17,2008.55,2270.75,262.2,0
2024-05-20,SKU015,36,223636.32,6212.12,0,0,0,2024,5,21,Summer,Product 015,Storage,Lamp,2024-02-29,5441.06,6212.12,771.06,0
2024-05-20,SKU016,122,264352.04,2166.82,0,0,0,2024,5,21,Summer,Product 016,Furniture,Shelf,2024-05-14,3637.93,2166.82,-1471.11,1
2024-05-20,SKU017,122,1034233.04,8477.32,0,0,0,2024,5,21,Summer,Product 017,Home Decor,Cabinet,2023-07-19,6703.26,8477.32,1774.06,0
2024-05-20,SKU018,185,1031450.85,5575.41,0,0,0,2024,5,21,Summer,Product 018,Kitchen,Rug,2022-05-21,5677.05,5575.41,-101.64,1
2024-05-20,SKU019,131,631400.35,4819.85,0,0,0,2024,5,21,Summer,Product 019,Lighting,Organizer,2024-07-12,2670.84,4819.85,2149.01,0
2024-05-20,SKU020,120,467704.8,3897.54,0,0,0,2024,5,21,Summer,Product 020,Storage,Sofa,2023-05-11,6700.01,3897.54,-2802.47,1
2024-05-20,SKU021,61,470388.08,7711.28,0,0,0,2024,5,21,Summer,Product 021,Furniture,Chair,2023-07-05,6486.92,7711.28,1224.36,0
2024-05-20,SKU022,82,376956.46,4597.03,0,0,0,2024,5,21,Summer,Product 022,Home Decor,Table,2023-02-12,3252.96,4597.03,1344.07,0
2024-05-20,SKU023,101,143090.74,1416.74,0,0,0,2024,5,21,Summer,Product 023,Kitchen,Cushion,2022-07-20,2484.54,1416.74,-1067.8,1
2024-05-20,SKU024,104,183962.48,1768.87,0,0,0,2024,5,21,Summer,Product 024,Lighting,Cookware,2024-10-16,5539.34,1768.87,-3770.47,1
2024-05-20,SKU025,15,173370.15,11558.01,0,0,0,2024,5,21,Summer,Product 025,Storage,Lamp,2024-05-09,1333.08,11558.01,10224.93,0
2024-05-20,SKU026,180,1969117.2,10939.54,0,0,0,2024,5,21,Summer,Product 026,Furniture,Shelf,2023-12-10,1799.29,10939.54,9140.25,0
2024-05-20,SKU027,193,1643703.8,8516.6,0,0,0,2024,5,21,Summer,Product 027,Home Decor,Cabinet,2023-03-19,307.06,8516.6,8209.54,0
2024-05-20,SKU028,40,139363.6,3484.09,0,0,0,2024,5,21,Summer,Product 028,Kitchen,Rug,2024-06-24,6348.66,3484.09,-2864.57,1
2024-05-20,SKU029,134,1560088.3,11642.45,0,0,0,2024,5,21,Summer,Product 029,Lighting,Organizer,2023-08-23,5402.59,11642.45,6239.86,0
2024-05-20,SKU030,47,443374.97,9433.51,0,0,0,2024,5,21,Summer,Product 030,Storage,Sofa,2023-05-03,5715.03,9433.51,3718.48,0
2024-05-20,SKU031,150,1307389.5,8715.93,0,0,0,2024,5,21,Summer,Product 031,Furniture,Chair,2023-05-11,6300.65,8715.93,2415.28,0
2024-05-20,SKU032,72,404106.48,5612.59,0,0,0,2024,5,21,Summer,Product 032,Home Decor,Table,2022-09-07,3806.6,5612.59,1805.99,0
2024-05-20,SKU033,120,426960.0,3558.0,0,0,0,2024,5,21,Summer,Product 033,Kitchen,Cushion,2022-04-12,4657.74,3558.0,-1099.74,1
2024-05-20,SKU034,147,223166.58,1518.14,0,0,0,2024,5,21,Summer,Product 034,Lighting,Cookware,2023-09-03,1333.43,1518.14,184.71,0
2024-05-20,SKU035,174,1891413.06,10870.19,0,0,0,2024,5,21,Summer,Product 035,Storage,Lamp,2024-09-03,1137.61,10870.19,9732.58,0
2024-05-20,SKU036,30,170610.0,5687.0,0,0,0,2024,5,21,Summer,Product 036,Furniture,Shelf,2022-03-12,5430.12,5687.0,256.88,0
2024-05-20,SKU037,190,522009.8,2747.42,0,0,0,2024,5,21,Summer,Product 037,Home Decor,Cabinet,2024-08-02,3901.0,2747.42,-1153.58,1
2024-05-20,SKU038,54,213251.4,3949.1,0,0,0,2024,5,21,Summer,Product 038,Kitchen,Rug,2024-06-29,4630.58,3949.1,-681.48,1
2024-05-20,SKU039,25,177973.75,7118.95,0,0,0,2024,5,21,Summer,Product 039,Lighting,Organizer,2022-11-01,6178.74,7118.95,940.21,0
2024-05-20,SKU040,119,291616.64,2450.56,0,0,0,2024,5,21,Summer,Product 040,Storage,Sofa,2023-11-26,5169.07,2450.56,-2718.51,1
2024-05-20,SKU041,79,816601.67,10336.73,0,0,0,2024,5,21,Summer,Product 041,Furniture,Chair,2022-07-01,4540.24,10336.73,5796.49,0
2024-05-20,SKU042,172,1582198.76,9198.83,0,0,0,2024,5,21,Summer,Product 042,Home Decor,Table,2024-04-13,4583.86,9198.83,4614.97,0
2024-05-20,SKU043,178,1556747.06,8745.77,0,0,0,2024,5,21,Summer,Product 043,Kitchen,Cushion,2024-02-10,2605.61,8745.77,6140.16,0
2024-05-20,SKU044,77,416745.56,5412.28,0,0,0,2024,5,21,Summer,Product 044,Lighting,Cookware,2023-01-25,488.84,5412.28,4923.44,0
2024-05-20,SKU045,187,1435557.86,7676.78,0,0,0,2024,5,21,Summer,Product 045,Storage,Lamp,2022-03-16,3634.56,7676.78,4042.22,0
2024-05-20,SKU046,76,545341.04,7175.54,0,0,0,2024,5,21,Summer,Product 046,Furniture,Shelf,2024-12-03,1913.03,7175.54,5262.51,0
2024-05-20,SKU047,127,1008153.94,7938.22,0,0,0,2024,5,21,Summer,Product 047,Home Decor,Cabinet,2023-05-06,3416.1,7938.22,4522.12,0
2024-05-20,SKU048,66,91050.3,1379.55,0,0,0,2024,5,21,Summer,Product 048,Kitchen,Rug,2024-09-09,6863.87,1379.55,-5484.32,1
2024-05-20,SKU049,178,929759.86,5223.37,0,0,0,2024,5,21,Summer,Product 049,Lighting,Organizer,2024-01-16,2063.03,5223.37,3160.34,0
2024-05-20,SKU050,37,32660.64,882.72,0,0,0,2024,5,21,Summer,Product 050,Storage,Sofa,2024-05-06,701.85,882.72,180.87,0
2024-05-27,SKU001,108,395717.4,3664.05,2,2,0,2024,5,22,Summer,Product 001,Furniture,Chair,2022-04-09,1758.45,3664.05,1905.6,0
2024-05-27,SKU002,77,293038.13,3805.69,2,2,0,2024,5,22,Summer,Product 002,Home Decor,Table,2024-05-01,3867.09,3805.69,-61.4,1
2024-05-27,SKU003,60,484693.8,8078.23,2,2,0,2024,5,22,Summer,Product 003,Kitchen,Cushion,2023-12-22,589.48,8078.23,7488.75,0
2024-05-27,SKU004,28,192123.96,6861.57,2,2,0,2024,5,22,Summer,Product 004,Lighting,Cookware,2023-04-28,1445.74,6861.57,5415.83,0
2024-05-27,SKU005,124,1177159.28,9493.22,2,2,0,2024,5,22,Summer,Product 005,Storage,Lamp,2023-04-22,5543.63,9493.22,3949.59,0
2024-05-27,SKU006,46,372877.84,8106.04,2,2,0,2024,5,22,Summer,Product 006,Furniture,Shelf,2024-08-02,6021.91,8106.04,2084.13,0
2024-05-27,SKU007,242,1237609.78,5114.09,2,2,0,2024,5,22,Summer,Product 007,Home Decor,Cabinet,2022-04-05,7748.2,5114.09,-2634.11,1
2024-05-27,SKU008,140,1377969.6,9842.64,2,2,0,2024,5,22,Summer,Product 008,Kitchen,Rug,2024-02-07,2775.15,9842.64,7067.49,0
2024-05-27,SKU009,74,172929.86,2336.89,2,2,0,2024,5,22,Summer,Product 009,Lighting,Organizer,2022-08-10,3121.06,2336.89,-784.17,1
2024-05-27,SKU010,158,104826.68,663.46,2,2,0,2024,5,22,Summer,Product 010,Storage,Sofa,2022-04-14,3889.06,663.46,-3225.6,1
2024-05-27,SKU011,26,37558.56,1444.56,2,2,0,2024,5,22,Summer,Product 011,Furniture,Chair,2023-08-03,1718.4,1444.56,-273.84,1
2024-05-27,SKU012,204,1790991.48,8779.37,2,2,0,2024,5,22,Summer,Product 012,Home Decor,Table,2024-12-09,1256.89,8779.37,7522.48,0
2024-05-27,SKU013,134,771542.52,5757.78,2,2,0,2024,5,22,Summer,Product 013,Kitchen,Cushion,2024-03-20,3936.71,5757.78,1821.07,0
2024-05-27,SKU014,199,451879.25,2270.75,2,2,0,2024,5,22,Summer,Product 014,Lighting,Cookware,2024-04-17,2008.55,2270.75,262.2,0
2024-05-27,SKU015,32,198787.84,6212.12,2,2,0,2024,5,22,Summer,Product 015,Storage,Lamp,2024-02-29,5441.06,6212.12,771.06,0
2024-05-27,SKU016,108,234016.56,2166.82,2,2,0,2024,5,22,Summer,Product 016,Furniture,Shelf,2024-05-14,3637.93,2166.82,-1471.11,1
2024-05-27,SKU017,118,1000323.76,8477.32,2,2,0,2024,5,22,Summer,Product 017,Home Decor,Cabinet,2023-07-19,6703.26,8477.32,1774.06,0
2024-05-27,SKU018,199,1109506.59,5575.41,2,2,0,2024,5,22,Summer,Product 018,Kitchen,Rug,2022-05-21,5677.05,5575.41,-101.64,1
2024-05-27,SKU019,147,708517.95,4819.85,2,2,0,2024,5,22,Summer,Product 019,Lighting,Organizer,2024-07-12,2670.84,4819.85,2149.01,0
2024-05-27,SKU020,117,456012.18,3897.54,2,2,0,2024,5,22,Summer,Product 020,Storage,Sofa,2023-05-11,6700.01,3897.54,-2802.47,1
2024-05-27,SKU021,73,562923.44,7711.28,2,2,0,2024,5,22,Summer,Product 021,Furniture,Chair,2023-07-05,6486.92,7711.28,1224.36,0
2024-05-27,SKU022,78,358568.34,4597.03,2,2,0,2024,5,22,Summer,Product 022,Home Decor,Table,2023-02-12,3252.96,4597.03,1344.07,0
2024-05-27,SKU023,123,174259.02,1416.74,2,2,0,2024,5,22,Summer,Product 023,Kitchen,Cushion,2022-07-20,2484.54,1416.74,-1067.8,1
2024-05-27,SKU024,118,208726.66,1768.87,2,2,0,2024,5,22,Summer,Product 024,Lighting,Cookware,2024-10-16,5539.34,1768.87,-3770.47,1
2024-05-27,SKU025,16,184928.16,11558.01,2,2,0,2024,5,22,Summer,Product 025,Storage,Lamp,2024-05-09,1333.08,11558.01,10224.93,0
2024-05-27,SKU026,201,2198847.54,10939.54,2,2,0,2024,5,22,Summer,Product 026,Furniture,Shelf,2023-12-10,1799.29,10939.54,9140.25,0
2024-05-27,SKU027,210,1788486.0,8516.6,2,2,0,2024,5,22,Summer,Product 027,Home Decor,Cabinet,2023-03-19,307.06,8516.6,8209.54,0
2024-05-27,SKU028,52,181172.68,3484.09,2,2,0,2024,5,22,Summer,Product 028,Kitchen,Rug,2024-06-24,6348.66,3484.09,-2864.57,1
2024-05-27,SKU029,132,1536803.4,11642.45,2,2,0,2024,5,22,Summer,Product 029,Lighting,Organizer,2023-08-23,5402.59,11642.45,6239.86,0
2024-05-27,SKU030,40,377340.4,9433.51,2,2,0,2024,5,22,Summer,Product 030,Storage,Sofa,2023-05-03,5715.03,9433.51,3718.48,0
2024-05-27,SKU031,160,1394548.8,8715.93,2,2,0,2024,5,22,Summer,Product 031,Furniture,Chair,2023-05-11,6300.65,8715.93,2415.28,0
2024-05-27,SKU032,84,471457.56,5612.59,2,2,0,2024,5,22,Summer,Product 032,Home Decor,Table,2022-09-07,3806.6,5612.59,1805.99,0
2024-05-27,SKU033,145,515910.0,3558.0,2,2,0,2024,5,22,Summer,Product 033,Kitchen,Cushion,2022-04-12,4657.74,3558.0,-1099.74,1
2024-05-27,SKU034,170,258083.8,1518.14,2,2,0,2024,5,22,Summer,Product 034,Lighting,Cookware,2023-09-03,1333.43,1518.14,184.71,0
2024-05-27,SKU035,176,1913153.44,10870.19,2,2,0,2024,5,22,Summer,Product 035,Storage,Lamp,2024-09-03,1137.61,10870.19,9732.58,0
2024-05-27,SKU036,45,255915.0,5687.0,2,2,0,2024,5,22,Summer,Product 036,Furniture,Shelf,2022-03-12,5430.12,5687.0,256.88,0
2024-05-27,SKU037,207,568715.94,2747.42,2,2,0,2024,5,22,Summer,Product 037,Home Decor,Cabinet,2024-08-02,3901.0,2747.42,-1153.58,1
2024-05-27,SKU038,67,264589.7,3949.1,2,2,0,2024,5,22,Summer,Product 038,Kitchen,Rug,2024-06-29,4630.58,3949.1,-681.48,1
2024-05-27,SKU039,27,192211.65,7118.95,2,2,0,2024,5,22,Summer,Product 039,Lighting,Organizer,2022-11-01,6178.74,7118.95,940.21,0
2024-05-27,SKU040,135,330825.6,2450.56,2,2,0,2024,5,22,Summer,Product 040,Storage,Sofa,2023-11-26,5169.07,2450.56,-2718.51,1
2024-05-27,SKU041,100,1033673.0,10336.73,2,2,0,2024,5,22,Summer,Product 041,Furniture,Chair,2022-07-01,4540.24,10336.73,5796.49,0
2024-05-27,SKU042,212,1950151.96,9198.83,2,2,0,2024,5,22,Summer,Product 042,Home Decor,Table,2024-04-13,4583.86,9198.83,4614.97,0
2024-05-27,SKU043,191,1670442.07,8745.77,2,2,0,2024,5,22,Summer,Product 043,Kitchen,Cushion,2024-02-10,2605.61,8745.77,6140.16,0
2024-05-27,SKU044,85,460043.8,5412.28,2,2,0,2024,5,22,Summer,Product 044,Lighting,Cookware,2023-01-25,488.84,5412.28,4923.44,0
2024-05-27,SKU045,230,1765659.4,7676.78,2,2,0,2024,5,22,Summer,Product 045,Storage,Lamp,2022-03-16,3634.56,7676.78,4042.22,0
2024-05-27,SKU046,80,574043.2,7175.54,2,2,0,2024,5,22,Summer,Product 046,Furniture,Shelf,2024-12-03,1913.03,7175.54,5262.51,0
2024-05-27,SKU047,132,1047845.04,7938.22,2,2,0,2024,5,22,Summer,Product 047,Home Decor,Cabinet,2023-05-06,3416.1,7938.22,4522.12,0
2024-05-27,SKU048,76,104845.8,1379.55,2,2,0,2024,5,22,Summer,Product 048,Kitchen,Rug,2024-09-09,6863.87,1379.55,-5484.32,1
2024-05-27,SKU049,196,1023780.52,5223.37,2,2,0,2024,5,22,Summer,Product 049,Lighting,Organizer,2024-01-16,2063.03,5223.37,3160.34,0
2024-05-27,SKU050,50,44136.0,882.72,2,2,0,2024,5,22,Summer,Product 050,Storage,Sofa,2024-05-06,701.85,882.72,180.87,0
2024-06-03,SKU001,126,461670.3,3664.05,2,2,0,2024,6,23,Summer,Product 001,Furniture,Chair,2022-04-09,1758.45,3664.05,1905.6,0
2024-06-03,SKU002,76,289232.44,3805.69,2,2,0,2024,6,23,Summer,Product 002,Home Decor,Table,2024-05-01,3867.09,3805.69,-61.4,1
2024-06-03,SKU003,52,420067.96,8078.23,2,2,0,2024,6,23,Summer,Product 003,Kitchen,Cushion,2023-12-22,589.48,8078.23,7488.75,0
2024-06-03,SKU004,41,281324.37,6861.57,2,2,0,2024,6,23,Summer,Product 004,Lighting,Cookware,2023-04-28,1445.74,6861.57,5415.83,0
2024-06-03,SKU005,157,1490435.54,9493.22,2,2,0,2024,6,23,Summer,Product 005,Storage,Lamp,2023-04-22,5543.63,9493.22,3949.59,0
2024-06-03,SKU006,33,267499.32,8106.04,2,2,0,2024,6,23,Summer,Product 006,Furniture,Shelf,2024-08-02,6021.91,8106.04,2084.13,0
2024-06-03,SKU007,196,1002361.64,5114.09,2,2,0,2024,6,23,Summer,Product 007,Home Decor,Cabinet,2022-04-05,7748.2,5114.09,-2634.11,1
2024-06-03,SKU008,125,1230330.0,9842.64,2,2,0,2024,6,23,Summer,Product 008,Kitchen,Rug,2024-02-07,2775.15,9842.64,7067.49,0
2024-06-03,SKU009,94,219667.66,2336.89,2,2,0,2024,6,23,Summer,Product 009,Lighting,Organizer,2022-08-10,3121.06,2336.89,-784.17,1
2024-06-03,SKU010,151,100182.46,663.46,2,2,0,2024,6,23,Summer,Product 010,Storage,Sofa,2022-04-14,3889.06,663.46,-3225.6,1
2024-06-03,SKU011,24,34669.44,1444.56,2,2,0,2024,6,23,Summer,Product 011,Furniture,Chair,2023-08-03,1718.4,1444.56,-273.84,1
2024-06-03,SKU012,205,1799770.85,8779.37,2,2,0,2024,6,23,Summer,Product 012,Home Decor,Table,2024-12-09,1256.89,8779.37,7522.48,0
2024-06-03,SKU013,112,644871.36,5757.78,2,2,0,2024,6,23,Summer,Product 013,Kitchen,Cushion,2024-03-20,3936.71,5757.78,1821.07,0
2024-06-03,SKU014,174,395110.5,2270.75,2,2,0,2024,6,23,Summer,Product 014,Lighting,Cookware,2024-04-17,2008.55,2270.75,262.2,0
2024-06-03,SKU015,41,254696.92,6212.12,2,2,0,2024,6,23,Summer,Product 015,Storage,Lamp,2024-02-29,5441.06,6212.12,771.06,0
2024-06-03,SKU016,110,238350.2,2166.82,2,2,0,2024,6,23,Summer,Product 016,Furniture,Shelf,2024-05-14,3637.93,2166.82,-1471.11,1
2024-06-03,SKU017,121,1025755.72,8477.32,2,2,0,2024,6,23,Summer,Product 017,Home Decor,Cabinet,2023-07-19,6703.26,8477.32,1774.06,0
2024-06-03,SKU018,194,1081629.54,5575.41,2,2,0,2024,6,23,Summer,Product 018,Kitchen,Rug,2022-05-21,5677.05,5575.41,-101.64,1
2024-06-03,SKU019,122,588021.7,4819.85,2,2,0,2024,6,23,Summer,Product 019,Lighting,Organizer,2024-07-12,2670.84,4819.85,2149.01,0
2024-06-03,SKU020,104,405344.16,3897.54,2,2,0,2024,6,23,Summer,Product 020,Storage,Sofa,2023-05-11,6700.01,3897.54,-2802.47,1
2024-06-03,SKU021,59,454965.52,7711.28,2,2,0,2024,6,23,Summer,Product 021,Furniture,Chair,2023-07-05,6486.92,7711.28,1224.36,0
2024-06-03,SKU022,63,289612.89,4597.03,2,2,0,2024,6,23,Summer,Product 022,Home Decor,Table,2023-02-12,3252.96,4597.03,1344.07,0
2024-06-03,SKU023,116,164341.84,1416.74,2,2,0,2024,6,23,Summer,Product 023,Kitchen,Cushion,2022-07-20,2484.54,1416.74,-1067.8,1
2024-06-03,SKU024,97,171580.39,1768.87,2,2,0,2024,6,23,Summer,Product 024,Lighting,Cookware,2024-10-16,5539.34,1768.87,-3770.47,1
2024-06-03,SKU025,21,242718.21,11558.01,2,2,0,2024,6,23,Summer,Product 025,Storage,Lamp,2024-05-09,1333.08,11558.01,10224.93,0
2024-06-03,SKU026,183,2001935.82,10939.54,2,2,0,2024,6,23,Summer,Product 026,Furniture,Shelf,2023-12-10,1799.29,10939.54,9140.25,0
2024-06-03,SKU027,179,1524471.4,8516.6,2,2,0,2024,6,23,Summer,Product 027,Home Decor,Cabinet,2023-03-19,307.06,8516.6,8209.54,0
2024-06-03,SKU028,32,111490.88,3484.09,2,2,0,2024,6,23,Summer,Product 028,Kitchen,Rug,2024-06-24,6348.66,3484.09,-2864.57,1
2024-06-03,SKU029,129,1501876.05,11642.45,2,2,0,2024,6,23,Summer,Product 029,Lighting,Organizer,2023-08-23,5402.59,11642.45,6239.86,0
2024-06-03,SKU030,29,273571.79,9433.51,2,2,0,2024,6,23,Summer,Product 030,Storage,Sofa,2023-05-03,5715.03,9433.51,3718.48,0
2024-06-03,SKU031,151,1316105.43,8715.93,2,2,0,2024,6,23,Summer,Product 031,Furniture,Chair,2023-05-11,6300.65,8715.93,2415.28,0
2024-06-03,SKU032,83,465844.97,5612.59,2,2,0,2024,6,23,Summer,Product 032,Home Decor,Table,2022-09-07,3806.6,5612.59,1805.99,0
2024-06-03,SKU033,146,519468.0,3558.0,2,2,0,2024,6,23,Summer,Product 033,Kitchen,Cushion,2022-04-12,4657.74,3558.0,-1099.74,1
2024-06-03,SKU034,171,259601.94,1518.14,2,2,0,2024,6,23,Summer,Product 034,Lighting,Cookware,2023-09-03,1333.43,1518.14,184.71,0
2024-06-03,SKU035,166,1804451.54,10870.19,2,2,0,2024,6,23,Summer,Product 035,Storage,Lamp,2024-09-03,1137.61,10870.19,9732.58,0
2024-06-03,SKU036,43,244541.0,5687.0,2,2,0,2024,6,23,Summer,Product 036,Furniture,Shelf,2022-03-12,5430.12,5687.0,256.88,0
2024-06-03,SKU037,203,557726.26,2747.42,2,2,0,2024,6,23,Summer,Product 037,Home Decor,Cabinet,2024-08-02,3901.0,2747.42,-1153.58,1
2024-06-03,SKU038,63,248793.3,3949.1,2,2,0,2024,6,23,Summer,Product 038,Kitchen,Rug,2024-06-29,4630.58,3949.1,-681.48,1
2024-06-03,SKU039,25,177973.75,7118.95,2,2,0,2024,6,23,Summer,Product 039,Lighting,Organizer,2022-11-01,6178.74,7118.95,940.21,0
2024-06-03,SKU040,128,313671.68,2450.56,2,2,0,2024,6,23,Summer,Product 040,Storage,Sofa,2023-11-26,5169.07,2450.56,-2718.51,1
2024-06-03,SKU041,89,919968.97,10336.73,2,2,0,2024,6,23,Summer,Product 041,Furniture,Chair,2022-07-01,4540.24,10336.73,5796.49,0
2024-06-03,SKU042,158,1453415.14,9198.83,2,2,0,2024,6,23,Summer,Product 042,Home Decor,Table,2024-04-13,4583.86,9198.83,4614.97,0
2024-06-03,SKU043,169,1478035.13,8745.77,2,2,0,2024,6,23,Summer,Product 043,Kitchen,Cushion,2024-02-10,2605.61,8745.77,6140.16,0
2024-06-03,SKU044,78,422157.84,5412.28,2,2,0,2024,6,23,Summer,Product 044,Lighting,Cookware,2023-01-25,488.84,5412.28,4923.44,0
2024-06-03,SKU045,213,1635154.14,7676.78,2,2,0,2024,6,23,Summer,Product 045,Storage,Lamp,2022-03-16,3634.56,7676.78,4042.22,0
2024-06-03,SKU046,67,480761.18,7175.54,2,2,0,2024,6,23,Summer,Product 046,Furniture,Shelf,2024-12-03,1913.03,7175.54,5262.51,0
2024-06-03,SKU047,113,897018.86,7938.22,2,2,0,2024,6,23,Summer,Product 047,Home Decor,Cabinet,2023-05-06,3416.1,7938.22,4522.12,0
2024-06-03,SKU048,68,93809.4,1379.55,2,2,0,2024,6,23,Summer,Product 048,Kitchen,Rug,2024-09-09,6863.87,1379.55,-5484.32,1
2024-06-03,SKU049,194,1013333.78,5223.37,2,2,0,2024,6,23,Summer,Product 049,Lighting,Organizer,2024-01-16,2063.03,5223.37,3160.34,0
2024-06-03,SKU050,52,45901.44,882.72,2,2,0,2024,6,23,Summer,Product 050,Storage,Sofa,2024-05-06,701.85,882.72,180.87,0
2024-06-10,SKU001,106,388389.3,3664.05,2,2,0,2024,6,24,Summer,Product 001,Furniture,Chair,2022-04-09,1758.45,3664.05,1905.6,0
2024-06-10,SKU002,82,312066.58,3805.69,2,2,0,2024,6,24,Summer,Product 002,Home Decor,Table,2024-05-01,3867.09,3805.69,-61.4,1
2024-06-10,SKU003,47,379676.81,8078.23,2,2,0,2024,6,24,Summer,Product 003,Kitchen,Cushion,2023-12-22,589.48,8078.23,7488.75,0
2024-06-10,SKU004,40,274462.8,6861.57,2,2,0,2024,6,24,Summer,Product 004,Lighting,Cookware,2023-04-28,1445.74,6861.57,5415.83,0
2024-06-10,SKU005,138,1310064.36,9493.22,2,2,0,2024,6,24,Summer,Product 005,Storage,Lamp,2023-04-22,5543.63,9493.22,3949.59,0
2024-06-10,SKU006,41,332347.64,8106.04,2,2,0,2024,6,24,Summer,Product 006,Furniture,Shelf,2024-08-02,6021.91,8106.04,2084.13,0
2024-06-10,SKU007,203,1038160.27,5114.09,2,2,0,2024,6,24,Summer,Product 007,Home Decor,Cabinet,2022-04-05,7748.2,5114.09,-2634.11,1
2024-06-10,SKU008,106,1043319.84,9842.64,2,2,0,2024,6,24,Summer,Product 008,Kitchen,Rug,2024-02-07,2775.15,9842.64,7067.49,0
2024-06-10,SKU009,93,217330.77,2336.89,2,2,0,2024,6,24,Summer,Product 009,Lighting,Organizer,2022-08-10,3121.06,2336.89,-784.17,1
2024-06-10,SKU010,141,93547.86,663.46,2,2,0,2024,6,24,Summer,Product 010,Storage,Sofa,2022-04-14,3889.06,663.46,-3225.6,1
2024-06-10,SKU011,19,27446.64,1444.56,2,2,0,2024,6,24,Summer,Product 011,Furniture,Chair,2023-08-03,1718.4,1444.56,-273.84,1
2024-06-10,SKU012,230,2019255.1,8779.37,2,2,0,2024,6,24,Summer,Product 012,Home Decor,Table,2024-12-09,1256.89,8779.37,7522.48,0
2024-06-10,SKU013,92,529715.76,5757.78,2,2,0,2024,6,24,Summer,Product 013,Kitchen,Cushion,2024-03-20,3936.71,5757.78,1821.07,0
2024-06-10,SKU014,175,397381.25,2270.75,2,2,0,2024,6,24,Summer,Product 014,Lighting,Cookware,2024-04-17,2008.55,2270.75,262.2,0
2024-06-10,SKU015,36,223636.32,6212.12,2,2,0,2024,6,24,Summer,Product 015,Storage,Lamp,2024-02-29,5441.06,6212.12,771.06,0
2024-06-10,SKU016,107,231849.74,2166.82,2,2,0,2024,6,24,Summer,Product 016,Furniture,Shelf,2024-05-14,3637.93,2166.82,-1471.11,1
2024-06-10,SKU017,110,932505.2,8477.32,2,2,0,2024,6,24,Summer,Product 017,Home Decor,Cabinet,2023-07-19,6703.26,8477.32,1774.06,0
2024-06-10,SKU018,191,1064903.31,5575.41,2,2,0,2024,6,24,Summer,Product 018,Kitchen,Rug,2022-05-21,5677.05,5575.41,-101.64,1
2024-06-10,SKU019,137,660319.45,4819.85,2,2,0,2024,6,24,Summer,Product 019,Lighting,Organizer,2024-07-12,2670.84,4819.85,2149.01,0
2024-06-10,SKU020,127,494987.58,3897.54,2,2,0,2024,6,24,Summer,Product 020,Storage,Sofa,2023-05-11,6700.01,3897.54,-2802.47,1
2024-06-10,SKU021,76,586057.28,7711.28,2,2,0,2024,6,24,Summer,Product 021,Furniture,Chair,2023-07-05,6486.92,7711.28,1224.36,0
2024-06-10,SKU022,91,418329.73,4597.03,2,2,0,2024,6,24,Summer,Product 022,Home Decor,Table,2023-02-12,3252.96,4597.03,1344.07,0
2024-06-10,SKU023,114,161508.36,1416.74,2,2,0,2024,6,24,Summer,Product 023,Kitchen,Cushion,2022-07-20,2484.54,1416.74,-1067.8,1
2024-06-10,SKU024,95,168042.65,1768.87,2,2,0,2024,6,24,Summer,Product 024,Lighting,Cookware,2024-10-16,5539.34,1768.87,-3770.47,1
2024-06-10,SKU025,16,184928.16,11558.01,2,2,0,2024,6,24,Summer,Product 025,Storage,Lamp,2024-05-09,1333.08,11558.01,10224.93,0
2024-06-10,SKU026,175,1914419.5,10939.54,2,2,0,2024,6,24,Summer,Product 026,Furniture,Shelf,2023-12-10,1799.29,10939.54,9140.25,0
2024-06-10,SKU027,219,1865135.4,8516.6,2,2,0,2024,6,24,Summer,Product 027,Home Decor,Cabinet,2023-03-19,307.06,8516.6,8209.54,0
2024-06-10,SKU028,48,167236.32,3484.09,2,2,0,2024,6,24,Summer,Product 028,Kitchen,Rug,2024-06-24,6348.66,3484.09,-2864.57,1
2024-06-10,SKU029,142,1653227.9,11642.45,2,2,0,2024,6,24,Summer,Product 029,Lighting,Organizer,2023-08-23,5402.59,11642.45,6239.86,0
2024-06-10,SKU030,47,443374.97,9433.51,2,2,0,2024,6,24,Summer,Product 030,Storage,Sofa,2023-05-03,5715.03,9433.51,3718.48,0
2024-06-10,SKU031,150,1307389.5,8715.93,2,2,0,2024,6,24,Summer,Product 031,Furniture,Chair,2023-05-11,6300.65,8715.93,2415.28,0
2024-06-10,SKU032,65,364818.35,5612.59,2,2,0,2024,6,24,Summer,Product 032,Home Decor,Table,2022-09-07,3806.6,5612.59,1805.99,0
2024-06-10,SKU033,152,540816.0,3558.0,2,2,0,2024,6,24,Summer,Product 033,Kitchen,Cushion,2022-04-12,4657.74,3558.0,-1099.74,1
2024-06-10,SKU034,165,250493.1,1518.14,2,2,0,2024,6,24,Summer,Product 034,Lighting,Cookware,2023-09-03,1333.43,1518.14,184.71,0
2024-06-10,SKU035,195,2119687.05,10870.19,2,2,0,2024,6,24,Summer,Product 035,Storage,Lamp,2024-09-03,1137.61,10870.19,9732.58,0
2024-06-10,SKU036,41,233167.0,5687.0,2,2,0,2024,6,24,Summer,Product 036,Furniture,Shelf,2022-03-12,5430.12,5687.0,256.88,0
2024-06-10,SKU037,186,511020.12,2747.42,2,2,0,2024,6,24,Summer,Product 037,Home Decor,Cabinet,2024-08-02,3901.0,2747.42,-1153.58,1
2024-06-10,SKU038,65,256691.5,3949.1,2,2,0,2024,6,24,Summer,Product 038,Kitchen,Rug,2024-06-29,4630.58,3949.1,-681.48,1
2024-06-10,SKU039,24,170854.8,7118.95,2,2,0,2024,6,24,Summer,Product 039,Lighting,Organizer,2022-11-01,6178.74,7118.95,940.21,0
2024-06-10,SKU040,128,313671.68,2450.56,2,2,0,2024,6,24,Summer,Product 040,Storage,Sofa,2023-11-26,5169.07,2450.56,-2718.51,1
2024-06-10,SKU041,90,930305.7,10336.73,2,2,0,2024,6,24,Summer,Product 041,Furniture,Chair,2022-07-01,4540.24,10336.73,5796.49,0
2024-06-10,SKU042,195,1793771.85,9198.83,2,2,0,2024,6,24,Summer,Product 042,Home Decor,Table,2024-04-13,4583.86,9198.83,4614.97,0
2024-06-10,SKU043,179,1565492.83,8745.77,2,2,0,2024,6,24,Summer,Product 043,Kitchen,Cushion,2024-02-10,2605.61,8745.77,6140.16,0
2024-06-10,SKU044,81,438394.68,5412.28,2,2,0,2024,6,24,Summer,Product 044,Lighting,Cookware,2023-01-25,488.84,5412.28,4923.44,0
2024-06-10,SKU045,239,1834750.42,7676.78,2,2,0,2024,6,24,Summer,Product 045,Storage,Lamp,2022-03-16,3634.56,7676.78,4042.22,0
2024-06-10,SKU046,76,545341.04,7175.54,2,2,0,2024,6,24,Summer,Product 046,Furniture,Shelf,2024-12-03,1913.03,7175.54,5262.51,0
2024-06-10,SKU047,102,809698.44,7938.22,2,2,0,2024,6,24,Summer,Product 047,Home Decor,Cabinet,2023-05-06,3416.1,7938.22,4522.12,0
2024-06-10,SKU048,67,92429.85,1379.55,2,2,0,2024,6,24,Summer,Product 048,Kitchen,Rug,2024-09-09,6863.87,1379.55,-5484.32,1
2024-06-10,SKU049,190,992440.3,5223.37,2,2,0,2024,6,24,Summer,Product 049,Lighting,Organizer,2024-01-16,2063.03,5223.37,3160.34,0
2024-06-10,SKU050,49,43253.28,882.72,2,2,0,2024,6,24,Summer,Product 050,Storage,Sofa,2024-05-06,701.85,882.72,180.87,0
2024-06-17,SKU001,100,366405.0,3664.05,2,2,0,2024,6,25,Summer,Product 001,Furniture,Chair,2022-04-09,1758.45,3664.05,1905.6,0
2024-06-17,SKU002,62,235952.78,3805.69,2,2,0,2024,6,25,Summer,Product 002,Home Decor,Table,2024-05-01,3867.09,3805.69,-61.4,1
2024-06-17,SKU003,57,460459.11,8078.23,2,2,0,2024,6,25,Summer,Product 003,Kitchen,Cushion,2023-12-22,589.48,8078.23,7488.75,0
2024-06-17,SKU004,37,253878.09,6861.57,2,2,0,2024,6,25,Summer,Product 004,Lighting,Cookware,2023-04-28,1445.74,6861.57,5415.83,0
2024-06-17,SKU005,149,1414489.78,9493.22,2,2,0,2024,6,25,Summer,Product 005,Storage,Lamp,2023-04-22,5543.63,9493.22,3949.59,0
2024-06-17,SKU006,42,340453.68,8106.04,2,2,0,2024,6,25,Summer,Product 006,Furniture,Shelf,2024-08-02,6021.91,8106.04,2084.13,0
2024-06-17,SKU007,219,1119985.71,5114.09,2,2,0,2024,6,25,Summer,Product 007,Home Decor,Cabinet,2022-04-05,7748.2,5114.09,-2634.11,1
2024-06-17,SKU008,134,1318913.76,9842.64,2,2,0,2024,6,25,Summer,Product 008,Kitchen,Rug,2024-02-07,2775.15,9842.64,7067.49,0
2024-06-17,SKU009,64,149560.96,2336.89,2,2,0,2024,6,25,Summer,Product 009,Lighting,Organizer,2022-08-10,3121.06,2336.89,-784.17,1
2024-06-17,SKU010,153,101509.38,663.46,2,2,0,2024,6,25,Summer,Product 010,Storage,Sofa,2022-04-14,3889.06,663.46,-3225.6,1
2024-06-17,SKU011,16,23112.96,1444.56,2,2,0,2024,6,25,Summer,Product 011,Furniture,Chair,2023-08-03,1718.4,1444.56,-273.84,1
2024-06-17,SKU012,213,1870005.81,8779.37,2,2,0,2024,6,25,Summer,Product 012,Home Decor,Table,2024-12-09,1256.89,8779.37,7522.48,0
2024-06-17,SKU013,107,616082.46,5757.78,2,2,0,2024,6,25,Summer,Product 013,Kitchen,Cushion,2024-03-20,3936.71,5757.78,1821.07,0
2024-06-17,SKU014,176,399652.0,2270.75,2,2,0,2024,6,25,Summer,Product 014,Lighting,Cookware,2024-04-17,2008.55,2270.75,262.2,0
2024-06-17,SKU015,29,180151.48,6212.12,2,2,0,2024,6,25,Summer,Product 015,Storage,Lamp,2024-02-29,5441.06,6212.12,771.06,0
2024-06-17,SKU016,106,229682.92,2166.82,2,2,0,2024,6,25,Summer,Product 016,Furniture,Shelf,2024-05-14,3637.93,2166.82,-1471.11,1
2024-06-17,SKU017,102,864686.64,8477.32,2,2,0,2024,6,25,Summer,Product 017,Home Decor,Cabinet,2023-07-19,6703.26,8477.32,1774.06,0
2024-06-17,SKU018,198,1103931.18,5575.41,2,2,0,2024,6,25,Summer,Product 018,Kitchen,Rug,2022-05-21,5677.05,5575.41,-101.64,1
2024-06-17,SKU019,110,530183.5,4819.85,2,2,0,2024,6,25,Summer,Product 019,Lighting,Organizer,2024-07-12,2670.84,4819.85,2149.01,0
2024-06-17,SKU020,122,475499.88,3897.54,2,2,0,2024,6,25,Summer,Product 020,Storage,Sofa,2023-05-11,6700.01,3897.54,-2802.47,1
2024-06-17,SKU021,56,431831.68,7711.28,2,2,0,2024,6,25,Summer,Product 021,Furniture,Chair,2023-07-05,6486.92,7711.28,1224.36,0
2024-06-17,SKU022,94,432120.82,4597.03,2,2,0,2024,6,25,Summer,Product 022,Home Decor,Table,2023-02-12,3252.96,4597.03,1344.07,0
2024-06-17,SKU023,124,175675.76,1416.74,2,2,0,2024,6,25,Summer,Product 023,Kitchen,Cushion,2022-07-20,2484.54,1416.74,-1067.8,1
2024-06-17,SKU024,114,201651.18,1768.87,2,2,0,2024,6,25,Summer,Product 024,Lighting,Cookware,2024-10-16,5539.34,1768.87,-3770.47,1
2024-06-17,SKU025,18,208044.18,11558.01,2,2,0,2024,6,25,Summer,Product 025,Storage,Lamp,2024-05-09,1333.08,11558.01,10224.93,0
2024-06-17,SKU026,211,2308242.94,10939.54,2,2,0,2024,6,25,Summer,Product 026,Furniture,Shelf,2023-12-10,1799.29,10939.54,9140.25,0
2024-06-17,SKU027,200,1703320.0,8516.6,2,2,0,2024,6,25,Summer,Product 027,Home Decor,Cabinet,2023-03-19,307.06,8516.6,8209.54,0
2024-06-17,SKU028,52,181172.68,3484.09,2,2,0,2024,6,25,Summer,Product 028,Kitchen,Rug,2024-06-24,6348.66,3484.09,-2864.57,1
2024-06-17,SKU029,128,1490233.6,11642.45,2,2,0,2024,6,25,Summer,Product 029,Lighting,Organizer,2023-08-23,5402.59,11642.45,6239.86,0
2024-06-17,SKU030,28,264138.28,9433.51,2,2,0,2024,6,25,Summer,Product 030,Storage,Sofa,2023-05-03,5715.03,9433.51,3718.48,0
2024-06-17,SKU031,152,1324821.36,8715.93,2,2,0,2024,6,25,Summer,Product 031,Furniture,Chair,2023-05-11,6300.65,8715.93,2415.28,0
2024-06-17,SKU032,74,415331.66,5612.59,2,2,0,2024,6,25,Summer,Product 032,Home Decor,Table,2022-09-07,3806.6,5612.59,1805.99,0
2024-06-17,SKU033,158,562164.0,3558.0,2,2,0,2024,6,25,Summer,Product 033,Kitchen,Cushion,2022-04-12,4657.74,3558.0,-1099.74,1
2024-06-17,SKU034,170,258083.8,1518.14,2,2,0,2024,6,25,Summer,Product 034,Lighting,Cookware,2023-09-03,1333.43,1518.14,184.71,0
2024-06-17,SKU035,159,1728360.21,10870.19,2,2,0,2024,6,25,Summer,Product 035,Storage,Lamp,2024-09-03,1137.61,10870.19,9732.58,0
2024-06-17,SKU036,27,153549.0,5687.0,2,2,0,2024,6,25,Summer,Product 036,Furniture,Shelf,2022-03-12,5430.12,5687.0,256.88,0
2024-06-17,SKU037,191,524757.22,2747.42,2,2,0,2024,6,25,Summer,Product 037,Home Decor,Cabinet,2024-08-02,3901.0,2747.42,-1153.58,1
2024-06-17,SKU038,50,197455.0,3949.1,2,2,0,2024,6,25,Summer,Product 038,Kitchen,Rug,2024-06-29,4630.58,3949.1,-681.48,1
2024-06-17,SKU039,25,177973.75,7118.95,2,2,0,2024,6,25,Summer,Product 039,Lighting,Organizer,2022-11-01,6178.74,7118.95,940.21,0
2024-06-17,SKU040,124,303869.44,2450.56,2,2,0,2024,6,25,Summer,Product 040,Storage,Sofa,2023-11-26,5169.07,2450.56,-2718.51,1
2024-06-17,SKU041,89,919968.97,10336.73,2,2,0,2024,6,25,Summer,Product 041,Furniture,Chair,2022-07-01,4540.24,10336.73,5796.49,0
2024-06-17,SKU042,184,1692584.72,9198.83,2,2,0,2024,6,25,Summer,Product 042,Home Decor,Table,2024-04-13,4583.86,9198.83,4614.97,0
2024-06-17,SKU043,169,1478035.13,8745.77,2,2,0,2024,6,25,Summer,Product 043,Kitchen,Cushion,2024-02-10,2605.61,8745.77,6140.16,0
2024-06-17,SKU044,77,416745.56,5412.28,2,2,0,2024,6,25,Summer,Product 044,Lighting,Cookware,2023-01-25,488.84,5412.28,4923.44,0
2024-06-17,SKU045,217,1665861.26,7676.78,2,2,0,2024,6,25,Summer,Product 045,Storage,Lamp,2022-03-16,3634.56,7676.78,4042.22,0
2024-06-17,SKU046,64,459234.56,7175.54,2,2,0,2024,6,25,Summer,Product 046,Furniture,Shelf,2024-12-03,1913.03,7175.54,5262.51,0
2024-06-17,SKU047,133,1055783.26,7938.22,2,2,0,2024,6,25,Summer,Product 047,Home Decor,Cabinet,2023-05-06,3416.1,7938.22,4522.12,0
2024-06-17,SKU048,74,102086.7,1379.55,2,2,0,2024,6,25,Summer,Product 048,Kitchen,Rug,2024-09-09,6863.87,1379.55,-5484.32,1
2024-06-17,SKU049,187,976770.19,5223.37,2,2,0,2024,6,25,Summer,Product 049,Lighting,Organizer,2024-01-16,2063.03,5223.37,3160.34,0
2024-06-17,SKU050,50,44136.0,882.72,2,2,0,2024,6,25,Summer,Product 050,Storage,Sofa,2024-05-06,701.85,882.72,180.87,0
2024-06-24,SKU001,124,454342.2,3664.05,2,2,0,2024,6,26,Summer,Product 001,Furniture,Chair,2022-04-09,1758.45,3664.05,1905.6,0
2024-06-24,SKU002,80,304455.2,3805.69,2,2,0,2024,6,26,Summer,Product 002,Home Decor,Table,2024-05-01,3867.09,3805.69,-61.4,1
2024-06-24,SKU003,30,242346.9,8078.23,2,2,0,2024,6,26,Summer,Product 003,Kitchen,Cushion,2023-12-22,589.48,8078.23,7488.75,0
2024-06-24,SKU004,34,233293.38,6861.57,2,2,0,2024,6,26,Summer,Product 004,Lighting,Cookware,2023-04-28,1445.74,6861.57,5415.83,0
2024-06-24,SKU005,145,1376516.9,9493.22,2,2,0,2024,6,26,Summer,Product 005,Storage,Lamp,2023-04-22,5543.63,9493.22,3949.59,0
2024-06-24,SKU006,59,478256.36,8106.04,2,2,0,2024,6,26,Summer,Product 006,Furniture,Shelf,2024-08-02,6021.91,8106.04,2084.13,0
2024-06-24,SKU007,204,1043274.36,5114.09,2,2,0,2024,6,26,Summer,Product 007,Home Decor,Cabinet,2022-04-05,7748.2,5114.09,-2634.11,1
2024-06-24,SKU008,144,1417340.16,9842.64,2,2,0,2024,6,26,Summer,Product 008,Kitchen,Rug,2024-02-07,2775.15,9842.64,7067.49,0
2024-06-24,SKU009,84,196298.76,2336.89,2,2,0,2024,6,26,Summer,Product 009,Lighting,Organizer,2022-08-10,3121.06,2336.89,-784.17,1
2024-06-24,SKU010,129,85586.34,663.46,2,2,0,2024,6,26,Summer,Product 010,Storage,Sofa,2022-04-14,3889.06,663.46,-3225.6,1
2024-06-24,SKU011,19,27446.64,1444.56,2,2,0,2024,6,26,Summer,Product 011,Furniture,Chair,2023-08-03,1718.4,1444.56,-273.84,1
2024-06-24,SKU012,202,1773432.74,8779.37,2,2,0,2024,6,26,Summer,Product 012,Home Decor,Table,2024-12-09,1256.89,8779.37,7522.48,0
2024-06-24,SKU013,107,616082.46,5757.78,2,2,0,2024,6,26,Summer,Product 013,Kitchen,Cushion,2024-03-20,3936.71,5757.78,1821.07,0
2024-06-24,SKU014,184,417818.0,2270.75,2,2,0,2024,6,26,Summer,Product 014,Lighting,Cookware,2024-04-17,2008.55,2270.75,262.2,0
2024-06-24,SKU015,29,180151.48,6212.12,2,2,0,2024,6,26,Summer,Product 015,Storage,Lamp,2024-02-29,5441.06,6212.12,771.06,0
2024-06-24,SKU016,108,234016.56,2166.82,2,2,0,2024,6,26,Summer,Product 016,Furniture,Shelf,2024-05-14,3637.93,2166.82,-1471.11,1
2024-06-24,SKU017,125,1059665.0,8477.32,2,2,0,2024,6,26,Summer,Product 017,Home Decor,Cabinet,2023-07-19,6703.26,8477.32,1774.06,0
2024-06-24,SKU018,197,1098355.77,5575.41,2,2,0,2024,6,26,Summer,Product 018,Kitchen,Rug,2022-05-21,5677.05,5575.41,-101.64,1
2024-06-24,SKU019,117,563922.45,4819.85,2,2,0,2024,6,26,Summer,Product 019,Lighting,Organizer,2024-07-12,2670.84,4819.85,2149.01,0
2024-06-24,SKU020,113,440422.02,3897.54,2,2,0,2024,6,26,Summer,Product 020,Storage,Sofa,2023-05-11,6700.01,3897.54,-2802.47,1
2024-06-24,SKU021,56,431831.68,7711.28,2,2,0,2024,6,26,Summer,Product 021,Furniture,Chair,2023-07-05,6486.92,7711.28,1224.36,0
2024-06-24,SKU022,76,349374.28,4597.03,2,2,0,2024,6,26,Summer,Product 022,Home Decor,Table,2023-02-12,3252.96,4597.03,1344.07,0
2024-06-24,SKU023,118,167175.32,1416.74,2,2,0,2024,6,26,Summer,Product 023,Kitchen,Cushion,2022-07-20,2484.54,1416.74,-1067.8,1
2024-06-24,SKU024,105,185731.35,1768.87,2,2,0,2024,6,26,Summer,Product 024,Lighting,Cookware,2024-10-16,5539.34,1768.87,-3770.47,1
2024-06-24,SKU025,25,288950.25,11558.01,2,2,0,2024,6,26,Summer,Product 025,Storage,Lamp,2024-05-09,1333.08,11558.01,10224.93,0
2024-06-24,SKU026,182,1990996.28,10939.54,2,2,0,2024,6,26,Summer,Product 026,Furniture,Shelf,2023-12-10,1799.29,10939.54,9140.25,0
2024-06-24,SKU027,178,1515954.8,8516.6,2,2,0,2024,6,26,Summer,Product 027,Home Decor,Cabinet,2023-03-19,307.06,8516.6,8209.54,0
2024-06-24,SKU028,52,181172.68,3484.09,2,2,0,2024,6,26,Summer,Product 028,Kitchen,Rug,2024-06-24,6348.66,3484.09,-2864.57,1
2024-06-24,SKU029,127,1478591.15,11642.45,2,2,0,2024,6,26,Summer,Product 029,Lighting,Organizer,2023-08-23,5402.59,11642.45,6239.86,0
2024-06-24,SKU030,30,283005.3,9433.51,2,2,0,2024,6,26,Summer,Product 030,Storage,Sofa,2023-05-03,5715.03,9433.51,3718.48,0
2024-06-24,SKU031,164,1429412.52,8715.93,2,2,0,2024,6,26,Summer,Product 031,Furniture,Chair,2023-05-11,6300.65,8715.93,2415.28,0
2024-06-24,SKU032,71,398493.89,5612.59,2,2,0,2024,6,26,Summer,Product 032,Home Decor,Table,2022-09-07,3806.6,5612.59,1805.99,0
2024-06-24,SKU033,146,519468.0,3558.0,2,2,0,2024,6,26,Summer,Product 033,Kitchen,Cushion,2022-04-12,4657.74,3558.0,-1099.74,1
2024-06-24,SKU034,181,274783.34,1518.14,2,2,0,2024,6,26,Summer,Product 034,Lighting,Cookware,2023-09-03,1333.43,1518.14,184.71,0
2024-06-24,SKU035,177,1924023.63,10870.19,2,2,0,2024,6,26,Summer,Product 035,Storage,Lamp,2024-09-03,1137.61,10870.19,9732.58,0
2024-06-24,SKU036,39,221793.0,5687.0,2,2,0,2024,6,26,Summer,Product 036,Furniture,Shelf,2022-03-12,5430.12,5687.0,256.88,0
2024-06-24,SKU037,211,579705.62,2747.42,2,2,0,2024,6,26,Summer,Product 037,Home Decor,Cabinet,2024-08-02,3901.0,2747.42,-1153.58,1
2024-06-24,SKU038,74,292233.4,3949.1,2,2,0,2024,6,26,Summer,Product 038,Kitchen,Rug,2024-06-29,4630.58,3949.1,-681.48,1
2024-06-24,SKU039,21,149497.95,7118.95,2,2,0,2024,6,26,Summer,Product 039,Lighting,Organizer,2022-11-01,6178.74,7118.95,940.21,0
2024-06-24,SKU040,97,237704.32,2450.56,2,2,0,2024,6,26,Summer,Product 040,Storage,Sofa,2023-11-26,5169.07,2450.56,-2718.51,1
2024-06-24,SKU041,88,909632.24,10336.73,2,2,0,2024,6,26,Summer,Product 041,Furniture,Chair,2022-07-01,4540.24,10336.73,5796.49,0
2024-06-24,SKU042,159,1462613.97,9198.83,2,2,0,2024,6,26,Summer,Product 042,Home Decor,Table,2024-04-13,4583.86,9198.83,4614.97,0
2024-06-24,SKU043,172,1504272.44,8745.77,2,2,0,2024,6,26,Summer,Product 043,Kitchen,Cushion,2024-02-10,2605.61,8745.77,6140.16,0
2024-06-24,SKU044,90,487105.2,5412.28,2,2,0,2024,6,26,Summer,Product 044,Lighting,Cookware,2023-01-25,488.84,5412.28,4923.44,0
2024-06-24,SKU045,204,1566063.12,7676.78,2,2,0,2024,6,26,Summer,Product 045,Storage,Lamp,2022-03-16,3634.56,7676.78,4042.22,0
2024-06-24,SKU046,65,466410.1,7175.54,2,2,0,2024,6,26,Summer,Product 046,Furniture,Shelf,2024-12-03,1913.03,7175.54,5262.51,0
2024-06-24,SKU047,128,1016092.16,7938.22,2,2,0,2024,6,26,Summer,Product 047,Home Decor,Cabinet,2023-05-06,3416.1,7938.22,4522.12,0
2024-06-24,SKU048,57,78634.35,1379.55,2,2,0,2024,6,26,Summer,Product 048,Kitchen,Rug,2024-09-09,6863.87,1379.55,-5484.32,1
2024-06-24,SKU049,200,1044674.0,5223.37,2,2,0,2024,6,26,Summer,Product 049,Lighting,Organizer,2024-01-16,2063.03,5223.37,3160.34,0
2024-06-24,SKU050,47,41487.84,882.72,2,2,0,2024,6,26,Summer,Product 050,Storage,Sofa,2024-05-06,701.85,882.72,180.87,0
2024-07-01,SKU001,84,307780.2,3664.05,0,0,0,2024,7,27,Monsoon,Product 001,Furniture,Chair,2022-04-09,1758.45,3664.05,1905.6,0
2024-07-01,SKU002,81,308260.89,3805.69,0,0,0,2024,7,27,Monsoon,Product 002,Home Decor,Table,2024-05-01,3867.09,3805.69,-61.4,1
2024-07-01,SKU003,43,347363.89,8078.23,0,0,0,2024,7,27,Monsoon,Product 003,Kitchen,Cushion,2023-12-22,589.48,8078.23,7488.75,0
2024-07-01,SKU004,28,192123.96,6861.57,0,0,0,2024,7,27,Monsoon,Product 004,Lighting,Cookware,2023-04-28,1445.74,6861.57,5415.83,0
2024-07-01,SKU005,105,996788.1,9493.22,0,0,0,2024,7,27,Monsoon,Product 005,Storage,Lamp,2023-04-22,5543.63,9493.22,3949.59,0
2024-07-01,SKU006,54,437726.16,8106.04,0,0,0,2024,7,27,Monsoon,Product 006,Furniture,Shelf,2024-08-02,6021.91,8106.04,2084.13,0
2024-07-01,SKU007,187,956334.83,5114.09,0,0,0,2024,7,27,Monsoon,Product 007,Home Decor,Cabinet,2022-04-05,7748.2,5114.09,-2634.11,1
2024-07-01,SKU008,112,1102375.68,9842.64,0,0,0,2024,7,27,Monsoon,Product 008,Kitchen,Rug,2024-02-07,2775.15,9842.64,7067.49,0
2024-07-01,SKU009,78,182277.42,2336.89,0,0,0,2024,7,27,Monsoon,Product 009,Lighting,Organizer,2022-08-10,3121.06,2336.89,-784.17,1
2024-07-01,SKU010,103,68336.38,663.46,0,0,0,2024,7,27,Monsoon,Product 010,Storage,Sofa,2022-04-14,3889.06,663.46,-3225.6,1
2024-07-01,SKU011,19,27446.64,1444.56,0,0,0,2024,7,27,Monsoon,Product 011,Furniture,Chair,2023-08-03,1718.4,1444.56,-273.84,1
2024-07-01,SKU012,173,1518831.01,8779.37,0,0,0,2024,7,27,Monsoon,Product 012,Home Decor,Table,2024-12-09,1256.89,8779.37,7522.48,0
2024-07-01,SKU013,94,541231.32,5757.78,0,0,0,2024,7,27,Monsoon,Product 013,Kitchen,Cushion,2024-03-20,3936.71,5757.78,1821.07,0
2024-07-01,SKU014,137,311092.75,2270.75,0,0,0,2024,7,27,Monsoon,Product 014,Lighting,Cookware,2024-04-17,2008.55,2270.75,262.2,0
2024-07-01,SKU015,27,167727.24,6212.12,0,0,0,2024,7,27,Monsoon,Product 015,Storage,Lamp,2024-02-29,5441.06,6212.12,771.06,0
2024-07-01,SKU016,93,201514.26,2166.82,0,0,0,2024,7,27,Monsoon,Product 016,Furniture,Shelf,2024-05-14,3637.93,2166.82,-1471.11,1
2024-07-01,SKU017,112,949459.84,8477.32,0,0,0,2024,7,27,Monsoon,Product 017,Home Decor,Cabinet,2023-07-19,6703.26,8477.32,1774.06,0
2024-07-01,SKU018,163,908791.83,5575.41,0,0,0,2024,7,27,Monsoon,Product 018,Kitchen,Rug,2022-05-21,5677.05,5575.41,-101.64,1
2024-07-01,SKU019,113,544643.05,4819.85,0,0,0,2024,7,27,Monsoon,Product 019,Lighting,Organizer,2024-07-12,2670.84,4819.85,2149.01,0
2024-07-01,SKU020,94,366368.76,3897.54,0,0,0,2024,7,27,Monsoon,Product 020,Storage,Sofa,2023-05-11,6700.01,3897.54,-2802.47,1
2024-07-01,SKU021,60,462676.8,7711.28,0,0,0,2024,7,27,Monsoon,Product 021,Furniture,Chair,2023-07-05,6486.92,7711.28,1224.36,0
2024-07-01,SKU022,58,266627.74,4597.03,0,0,0,2024,7,27,Monsoon,Product 022,Home Decor,Table,2023-02-12,3252.96,4597.03,1344.07,0
2024-07-01,SKU023,109,154424.66,1416.74,0,0,0,2024,7,27,Monsoon,Product 023,Kitchen,Cushion,2022-07-20,2484.54,1416.74,-1067.8,1
2024-07-01,SKU024,100,176887.0,1768.87,0,0,0,2024,7,27,Monsoon,Product 024,Lighting,Cookware,2024-10-16,5539.34,1768.87,-3770.47,1
2024-07-01,SKU025,24,277392.24,11558.01,0,0,0,2024,7,27,Monsoon,Product 025,Storage,Lamp,2024-05-09,1333.08,11558.01,10224.93,0
2024-07-01,SKU026,163,1783145.02,10939.54,0,0,0,2024,7,27,Monsoon,Product 026,Furniture,Shelf,2023-12-10,1799.29,10939.54,9140.25,0
2024-07-01,SKU027,149,1268973.4,8516.6,0,0,0,2024,7,27,Monsoon,Product 027,Home Decor,Cabinet,2023-03-19,307.06,8516.6,8209.54,0
2024-07-01,SKU028,42,146331.78,3484.09,0,0,0,2024,7,27,Monsoon,Product 028,Kitchen,Rug,2024-06-24,6348.66,3484.09,-2864.57,1
2024-07-01,SKU029,118,1373809.1,11642.45,0,0,0,2024,7,27,Monsoon,Product 029,Lighting,Organizer,2023-08-23,5402.59,11642.45,6239.86,0
2024-07-01,SKU030,36,339606.36,9433.51,0,0,0,2024,7,27,Monsoon,Product 030,Storage,Sofa,2023-05-03,5715.03,9433.51,3718.48,0
2024-07-01,SKU031,133,1159218.69,8715.93,0,0,0,2024,7,27,Monsoon,Product 031,Furniture,Chair,2023-05-11,6300.65,8715.93,2415.28,0
2024-07-01,SKU032,66,370430.94,5612.59,0,0,0,2024,7,27,Monsoon,Product 032,Home Decor,Table,2022-09-07,3806.6,5612.59,1805.99,0
2024-07-01,SKU033,134,476772.0,3558.0,0,0,0,2024,7,27,Monsoon,Product 033,Kitchen,Cushion,2022-04-12,4657.74,3558.0,-1099.74,1
2024-07-01,SKU034,148,224684.72,1518.14,0,0,0,2024,7,27,Monsoon,Product 034,Lighting,Cookware,2023-09-03,1333.43,1518.14,184.71,0
2024-07-01,SKU035,143,1554437.17,10870.19,0,0,0,2024,7,27,Monsoon,Product 035,Storage,Lamp,2024-09-03,1137.61,10870.19,9732.58,0
2024-07-01,SKU036,21,119427.0,5687.0,0,0,0,2024,7,27,Monsoon,Product 036,Furniture,Shelf,2022-03-12,5430.12,5687.0,256.88,0
2024-07-01,SKU037,166,456071.72,2747.42,0,0,0,2024,7,27,Monsoon,Product 037,Home Decor,Cabinet,2024-08-02,3901.0,2747.42,-1153.58,1
2024-07-01,SKU038,52,205353.2,3949.1,0,0,0,2024,7,27,Monsoon,Product 038,Kitchen,Rug,2024-06-29,4630.58,3949.1,-681.48,1
2024-07-01,SKU039,21,149497.95,7118.95,0,0,0,2024,7,27,Monsoon,Product 039,Lighting,Organizer,2022-11-01,6178.74,7118.95,940.21,0
2024-07-01,SKU040,103,252407.68,2450.56,0,0,0,2024,7,27,Monsoon,Product 040,Storage,Sofa,2023-11-26,5169.07,2450.56,-2718.51,1
2024-07-01,SKU041,62,640877.26,10336.73,0,0,0,2024,7,27,Monsoon,Product 041,Furniture,Chair,2022-07-01,4540.24,10336.73,5796.49,0
2024-07-01,SKU042,142,1306233.86,9198.83,0,0,0,2024,7,27,Monsoon,Product 042,Home Decor,Table,2024-04-13,4583.86,9198.83,4614.97,0
2024-07-01,SKU043,136,1189424.72,8745.77,0,0,0,2024,7,27,Monsoon,Product 043,Kitchen,Cushion,2024-02-10,2605.61,8745.77,6140.16,0
2024-07-01,SKU044,71,384271.88,5412.28,0,0,0,2024,7,27,Monsoon,Product 044,Lighting,Cookware,2023-01-25,488.84,5412.28,4923.44,0
2024-07-01,SKU045,177,1358790.06,7676.78,0,0,0,2024,7,27,Monsoon,Product 045,Storage,Lamp,2022-03-16,3634.56,7676.78,4042.22,0
2024-07-01,SKU046,63,452059.02,7175.54,0,0,0,2024,7,27,Monsoon,Product 046,Furniture,Shelf,2024-12-03,1913.03,7175.54,5262.51,0
2024-07-01,SKU047,119,944648.18,7938.22,0,0,0,2024,7,27,Monsoon,Product 047,Home Decor,Cabinet,2023-05-06,3416.1,7938.22,4522.12,0
2024-07-01,SKU048,64,88291.2,1379.55,0,0,0,2024,7,27,Monsoon,Product 048,Kitchen,Rug,2024-09-09,6863.87,1379.55,-5484.32,1
2024-07-01,SKU049,167,872302.79,5223.37,0,0,0,2024,7,27,Monsoon,Product 049,Lighting,Organizer,2024-01-16,2063.03,5223.37,3160.34,0
2024-07-01,SKU050,44,38839.68,882.72,0,0,0,2024,7,27,Monsoon,Product 050,Storage,Sofa,2024-05-06,701.85,882.72,180.87,0
2024-07-08,SKU001,101,370069.05,3664.05,0,0,0,2024,7,28,Monsoon,Product 001,Furniture,Chair,2022-04-09,1758.45,3664.05,1905.6,0
2024-07-08,SKU002,74,281621.06,3805.69,0,0,0,2024,7,28,Monsoon,Product 002,Home Decor,Table,2024-05-01,3867.09,3805.69,-61.4,1
2024-07-08,SKU003,32,258503.36,8078.23,0,0,0,2024,7,28,Monsoon,Product 003,Kitchen,Cushion,2023-12-22,589.48,8078.23,7488.75,0
2024-07-08,SKU004,33,226431.81,6861.57,0,0,0,2024,7,28,Monsoon,Product 004,Lighting,Cookware,2023-04-28,1445.74,6861.57,5415.83,0
2024-07-08,SKU005,114,1082227.08,9493.22,0,0,0,2024,7,28,Monsoon,Product 005,Storage,Lamp,2023-04-22,5543.63,9493.22,3949.59,0
2024-07-08,SKU006,42,340453.68,8106.04,0,0,0,2024,7,28,Monsoon,Product 006,Furniture,Shelf,2024-08-02,6021.91,8106.04,2084.13,0
2024-07-08,SKU007,179,915422.11,5114.09,0,0,0,2024,7,28,Monsoon,Product 007,Home Decor,Cabinet,2022-04-05,7748.2,5114.09,-2634.11,1
2024-07-08,SKU008,120,1181116.8,9842.64,0,0,0,2024,7,28,Monsoon,Product 008,Kitchen,Rug,2024-02-07,2775.15,9842.64,7067.49,0
2024-07-08,SKU009,63,147224.07,2336.89,0,0,0,2024,7,28,Monsoon,Product 009,Lighting,Organizer,2022-08-10,3121.06,2336.89,-784.17,1
2024-07-08,SKU010,113,74970.98,663.46,0,0,0,2024,7,28,Monsoon,Product 010,Storage,Sofa,2022-04-14,3889.06,663.46,-3225.6,1
2024-07-08,SKU011,27,39003.12,1444.56,0,0,0,2024,7,28,Monsoon,Product 011,Furniture,Chair,2023-08-03,1718.4,1444.56,-273.84,1
2024-07-08,SKU012,174,1527610.38,8779.37,0,0,0,2024,7,28,Monsoon,Product 012,Home Decor,Table,2024-12-09,1256.89,8779.37,7522.48,0
2024-07-08,SKU013,95,546989.1,5757.78,0,0,0,2024,7,28,Monsoon,Product 013,Kitchen,Cushion,2024-03-20,3936.71,5757.78,1821.07,0
2024-07-08,SKU014,158,358778.5,2270.75,0,0,0,2024,7,28,Monsoon,Product 014,Lighting,Cookware,2024-04-17,2008.55,2270.75,262.2,0
2024-07-08,SKU015,30,186363.6,6212.12,0,0,0,2024,7,28,Monsoon,Product 015,Storage,Lamp,2024-02-29,5441.06,6212.12,771.06,0
2024-07-08,SKU016,99,214515.18,2166.82,0,0,0,2024,7,28,Monsoon,Product 016,Furniture,Shelf,2024-05-14,3637.93,2166.82,-1471.11,1
2024-07-08,SKU017,109,924027.88,8477.32,0,0,0,2024,7,28,Monsoon,Product 017,Home Decor,Cabinet,2023-07-19,6703.26,8477.32,1774.06,0
2024-07-08,SKU018,181,1009149.21,5575.41,0,0,0,2024,7,28,Monsoon,Product 018,Kitchen,Rug,2022-05-21,5677.05,5575.41,-101.64,1
2024-07-08,SKU019,115,554282.75,4819.85,0,0,0,2024,7,28,Monsoon,Product 019,Lighting,Organizer,2024-07-12,2670.84,4819.85,2149.01,0
2024-07-08,SKU020,96,374163.84,3897.54,0,0,0,2024,7,28,Monsoon,Product 020,Storage,Sofa,2023-05-11,6700.01,3897.54,-2802.47,1
2024-07-08,SKU021,53,408697.84,7711.28,0,0,0,2024,7,28,Monsoon,Product 021,Furniture,Chair,2023-07-05,6486.92,7711.28,1224.36,0
2024-07-08,SKU022,74,340180.22,4597.03,0,0,0,2024,7,28,Monsoon,Product 022,Home Decor,Table,2023-02-12,3252.96,4597.03,1344.07,0
2024-07-08,SKU023,88,124673.12,1416.74,0,0,0,2024,7,28,Monsoon,Product 023,Kitchen,Cushion,2022-07-20,2484.54,1416.74,-1067.8,1
2024-07-08,SKU024,83,146816.21,1768.87,0,0,0,2024,7,28,Monsoon,Product 024,Lighting,Cookware,2024-10-16,5539.34,1768.87,-3770.47,1
2024-07-08,SKU025,23,265834.23,11558.01,0,0,0,2024,7,28,Monsoon,Product 025,Storage,Lamp,2024-05-09,1333.08,11558.01,10224.93,0
2024-07-08,SKU026,138,1509656.52,10939.54,0,0,0,2024,7,28,Monsoon,Product 026,Furniture,Shelf,2023-12-10,1799.29,10939.54,9140.25,0
2024-07-08,SKU027,168,1430788.8,8516.6,0,0,0,2024,7,28,Monsoon,Product 027,Home Decor,Cabinet,2023-03-19,307.06,8516.6,8209.54,0
2024-07-08,SKU028,37,128911.33,3484.09,0,0,0,2024,7,28,Monsoon,Product 028,Kitchen,Rug,2024-06-24,6348.66,3484.09,-2864.57,1
2024-07-08,SKU029,101,1175887.45,11642.45,0,0,0,2024,7,28,Monsoon,Product 029,Lighting,Organizer,2023-08-23,5402.59,11642.45,6239.86,0
2024-07-08,SKU030,27,254704.77,9433.51,0,0,0,2024,7,28,Monsoon,Product 030,Storage,Sofa,2023-05-03,5715.03,9433.51,3718.48,0
2024-07-08,SKU031,120,1045911.6,8715.93,0,0,0,2024,7,28,Monsoon,Product 031,Furniture,Chair,2023-05-11,6300.65,8715.93,2415.28,0
2024-07-08,SKU032,69,387268.71,5612.59,0,0,0,2024,7,28,Monsoon,Product 032,Home Decor,Table,2022-09-07,3806.6,5612.59,1805.99,0
2024-07-08,SKU033,136,483888.0,3558.0,0,0,0,2024,7,28,Monsoon,Product 033,Kitchen,Cushion,2022-04-12,4657.74,3558.0,-1099.74,1
2024-07-08,SKU034,120,182176.8,1518.14,0,0,0,2024,7,28,Monsoon,Product 034,Lighting,Cookware,2023-09-03,1333.43,1518.14,184.71,0
2024-07-08,SKU035,159,1728360.21,10870.19,0,0,0,2024,7,28,Monsoon,Product 035,Storage,Lamp,2024-09-03,1137.61,10870.19,9732.58,0
2024-07-08,SKU036,21,119427.0,5687.0,0,0,0,2024,7,28,Monsoon,Product 036,Furniture,Shelf,2022-03-12,5430.12,5687.0,256.88,0
2024-07-08,SKU037,181,497283.02,2747.42,0,0,0,2024,7,28,Monsoon,Product 037,Home Decor,Cabinet,2024-08-02,3901.0,2747.42,-1153.58,1
2024-07-08,SKU038,46,181658.6,3949.1,0,0,0,2024,7,28,Monsoon,Product 038,Kitchen,Rug,2024-06-29,4630.58,3949.1,-681.48,1
2024-07-08,SKU039,18,128141.1,7118.95,0,0,0,2024,7,28,Monsoon,Product 039,Lighting,Organizer,2022-11-01,6178.74,7118.95,940.21,0
2024-07-08,SKU040,116,284264.96,2450.56,0,0,0,2024,7,28,Monsoon,Product 040,Storage,Sofa,2023-11-26,5169.07,2450.56,-2718.51,1
2024-07-08,SKU041,63,651213.99,10336.73,0,0,0,2024,7,28,Monsoon,Product 041,Furniture,Chair,2022-07-01,4540.24,10336.73,5796.49,0
2024-07-08,SKU042,145,1333830.35,9198.83,0,0,0,2024,7,28,Monsoon,Product 042,Home Decor,Table,2024-04-13,4583.86,9198.83,4614.97,0
2024-07-08,SKU043,172,1504272.44,8745.77,0,0,0,2024,7,28,Monsoon,Product 043,Kitchen,Cushion,2024-02-10,2605.61,8745.77,6140.16,0
2024-07-08,SKU044,71,384271.88,5412.28,0,0,0,2024,7,28,Monsoon,Product 044,Lighting,Cookware,2023-01-25,488.84,5412.28,4923.44,0
2024-07-08,SKU045,150,1151517.0,7676.78,0,0,0,2024,7,28,Monsoon,Product 045,Storage,Lamp,2022-03-16,3634.56,7676.78,4042.22,0
2024-07-08,SKU046,58,416181.32,7175.54,0,0,0,2024,7,28,Monsoon,Product 046,Furniture,Shelf,2024-12-03,1913.03,7175.54,5262.51,0
2024-07-08,SKU047,84,666810.48,7938.22,0,0,0,2024,7,28,Monsoon,Product 047,Home Decor,Cabinet,2023-05-06,3416.1,7938.22,4522.12,0
2024-07-08,SKU048,66,91050.3,1379.55,0,0,0,2024,7,28,Monsoon,Product 048,Kitchen,Rug,2024-09-09,6863.87,1379.55,-5484.32,1
2024-07-08,SKU049,165,861856.05,5223.37,0,0,0,2024,7,28,Monsoon,Product 049,Lighting,Organizer,2024-01-16,2063.03,5223.37,3160.34,0
2024-07-08,SKU050,42,37074.24,882.72,0,0,0,2024,7,28,Monsoon,Product 050,Storage,Sofa,2024-05-06,701.85,882.72,180.87,0
2024-07-15,SKU001,75,274803.75,3664.05,0,0,0,2024,7,29,Monsoon,Product 001,Furniture,Chair,2022-04-09,1758.45,3664.05,1905.6,0
2024-07-15,SKU002,84,319677.96,3805.69,0,0,0,2024,7,29,Monsoon,Product 002,Home Decor,Table,2024-05-01,3867.09,3805.69,-61.4,1
2024-07-15,SKU003,28,226190.44,8078.23,0,0,0,2024,7,29,Monsoon,Product 003,Kitchen,Cushion,2023-12-22,589.48,8078.23,7488.75,0
2024-07-15,SKU004,35,240154.95,6861.57,0,0,0,2024,7,29,Monsoon,Product 004,Lighting,Cookware,2023-04-28,1445.74,6861.57,5415.83,0
2024-07-15,SKU005,109,1034760.98,9493.22,0,0,0,2024,7,29,Monsoon,Product 005,Storage,Lamp,2023-04-22,5543.63,9493.22,3949.59,0
2024-07-15,SKU006,47,380983.88,8106.04,0,0,0,2024,7,29,Monsoon,Product 006,Furniture,Shelf,2024-08-02,6021.91,8106.04,2084.13,0
2024-07-15,SKU007,180,920536.2,5114.09,0,0,0,2024,7,29,Monsoon,Product 007,Home Decor,Cabinet,2022-04-05,7748.2,5114.09,-2634.11,1
2024-07-15,SKU008,108,1063005.12,9842.64,0,0,0,2024,7,29,Monsoon,Product 008,Kitchen,Rug,2024-02-07,2775.15,9842.64,7067.49,0
2024-07-15,SKU009,85,198635.65,2336.89,0,0,0,2024,7,29,Monsoon,Product 009,Lighting,Organizer,2022-08-10,3121.06,2336.89,-784.17,1
2024-07-15,SKU010,111,73644.06,663.46,0,0,0,2024,7,29,Monsoon,Product 010,Storage,Sofa,2022-04-14,3889.06,663.46,-3225.6,1
2024-07-15,SKU011,12,17334.72,1444.56,0,0,0,2024,7,29,Monsoon,Product 011,Furniture,Chair,2023-08-03,1718.4,1444.56,-273.84,1
2024-07-15,SKU012,190,1668080.3,8779.37,0,0,0,2024,7,29,Monsoon,Product 012,Home Decor,Table,2024-12-09,1256.89,8779.37,7522.48,0
2024-07-15,SKU013,86,495169.08,5757.78,0,0,0,2024,7,29,Monsoon,Product 013,Kitchen,Cushion,2024-03-20,3936.71,5757.78,1821.07,0
2024-07-15,SKU014,151,342883.25,2270.75,0,0,0,2024,7,29,Monsoon,Product 014,Lighting,Cookware,2024-04-17,2008.55,2270.75,262.2,0
2024-07-15,SKU015,31,192575.72,6212.12,0,0,0,2024,7,29,Monsoon,Product 015,Storage,Lamp,2024-02-29,5441.06,6212.12,771.06,0
2024-07-15,SKU016,78,169011.96,2166.82,0,0,0,2024,7,29,Monsoon,Product 016,Furniture,Shelf,2024-05-14,3637.93,2166.82,-1471.11,1
2024-07-15,SKU017,106,898595.92,8477.32,0,0,0,2024,7,29,Monsoon,Product 017,Home Decor,Cabinet,2023-07-19,6703.26,8477.32,1774.06,0
2024-07-15,SKU018,169,942244.29,5575.41,0,0,0,2024,7,29,Monsoon,Product 018,Kitchen,Rug,2022-05-21,5677.05,5575.41,-101.64,1
2024-07-15,SKU019,101,486804.85,4819.85,0,0,0,2024,7,29,Monsoon,Product 019,Lighting,Organizer,2024-07-12,2670.84,4819.85,2149.01,0
2024-07-15,SKU020,112,436524.48,3897.54,0,0,0,2024,7,29,Monsoon,Product 020,Storage,Sofa,2023-05-11,6700.01,3897.54,-2802.47,1
2024-07-15,SKU021,63,485810.64,7711.28,0,0,0,2024,7,29,Monsoon,Product 021,Furniture,Chair,2023-07-05,6486.92,7711.28,1224.36,0
2024-07-15,SKU022,68,312598.04,4597.03,0,0,0,2024,7,29,Monsoon,Product 022,Home Decor,Table,2023-02-12,3252.96,4597.03,1344.07,0
2024-07-15,SKU023,102,144507.48,1416.74,0,0,0,2024,7,29,Monsoon,Product 023,Kitchen,Cushion,2022-07-20,2484.54,1416.74,-1067.8,1
2024-07-15,SKU024,92,162736.04,1768.87,0,0,0,2024,7,29,Monsoon,Product 024,Lighting,Cookware,2024-10-16,5539.34,1768.87,-3770.47,1
2024-07-15,SKU025,16,184928.16,11558.01,0,0,0,2024,7,29,Monsoon,Product 025,Storage,Lamp,2024-05-09,1333.08,11558.01,10224.93,0
2024-07-15,SKU026,157,1717507.78,10939.54,0,0,0,2024,7,29,Monsoon,Product 026,Furniture,Shelf,2023-12-10,1799.29,10939.54,9140.25,0
2024-07-15,SKU027,167,1422272.2,8516.6,0,0,0,2024,7,29,Monsoon,Product 027,Home Decor,Cabinet,2023-03-19,307.06,8516.6,8209.54,0
2024-07-15,SKU028,39,135879.51,3484.09,0,0,0,2024,7,29,Monsoon,Product 028,Kitchen,Rug,2024-06-24,6348.66,3484.09,-2864.57,1
2024-07-15,SKU029,86,1001250.7,11642.45,0,0,0,2024,7,29,Monsoon,Product 029,Lighting,Organizer,2023-08-23,5402.59,11642.45,6239.86,0
2024-07-15,SKU030,27,254704.77,9433.51,0,0,0,2024,7,29,Monsoon,Product 030,Storage,Sofa,2023-05-03,5715.03,9433.51,3718.48,0
2024-07-15,SKU031,126,1098207.18,8715.93,0,0,0,2024,7,29,Monsoon,Product 031,Furniture,Chair,2023-05-11,6300.65,8715.93,2415.28,0
2024-07-15,SKU032,75,420944.25,5612.59,0,0,0,2024,7,29,Monsoon,Product 032,Home Decor,Table,2022-09-07,3806.6,5612.59,1805.99,0
2024-07-15,SKU033,122,434076.0,3558.0,0,0,0,2024,7,29,Monsoon,Product 033,Kitchen,Cushion,2022-04-12,4657.74,3558.0,-1099.74,1
2024-07-15,SKU034,127,192803.78,1518.14,0,0,0,2024,7,29,Monsoon,Product 034,Lighting,Cookware,2023-09-03,1333.43,1518.14,184.71,0
2024-07-15,SKU035,132,1434865.08,10870.19,0,0,0,2024,7,29,Monsoon,Product 035,Storage,Lamp,2024-09-03,1137.61,10870.19,9732.58,0
2024-07-15,SKU036,49,278663.0,5687.0,0,0,0,2024,7,29,Monsoon,Product 036,Furniture,Shelf,2022-03-12,5430.12,5687.0,256.88,0
2024-07-15,SKU037,178,489040.76,2747.42,0,0,0,2024,7,29,Monsoon,Product 037,Home Decor,Cabinet,2024-08-02,3901.0,2747.42,-1153.58,1
2024-07-15,SKU038,54,213251.4,3949.1,0,0,0,2024,7,29,Monsoon,Product 038,Kitchen,Rug,2024-06-29,4630.58,3949.1,-681.48,1
2024-07-15,SKU039,18,128141.1,7118.95,0,0,0,2024,7,29,Monsoon,Product 039,Lighting,Organizer,2022-11-01,6178.74,7118.95,940.21,0
2024-07-15,SKU040,102,249957.12,2450.56,0,0,0,2024,7,29,Monsoon,Product 040,Storage,Sofa,2023-11-26,5169.07,2450.56,-2718.51,1
2024-07-15,SKU041,70,723571.1,10336.73,0,0,0,2024,7,29,Monsoon,Product 041,Furniture,Chair,2022-07-01,4540.24,10336.73,5796.49,0
2024-07-15,SKU042,147,1352228.01,9198.83,0,0,0,2024,7,29,Monsoon,Product 042,Home Decor,Table,2024-04-13,4583.86,9198.83,4614.97,0
2024-07-15,SKU043,141,1233153.57,8745.77,0,0,0,2024,7,29,Monsoon,Product 043,Kitchen,Cushion,2024-02-10,2605.61,8745.77,6140.16,0
2024-07-15,SKU044,78,422157.84,5412.28,0,0,0,2024,7,29,Monsoon,Product 044,Lighting,Cookware,2023-01-25,488.84,5412.28,4923.44,0
2024-07-15,SKU045,157,1205254.46,7676.78,0,0,0,2024,7,29,Monsoon,Product 045,Storage,Lamp,2022-03-16,3634.56,7676.78,4042.22,0
2024-07-15,SKU046,60,430532.4,7175.54,0,0,0,2024,7,29,Monsoon,Product 046,Furniture,Shelf,2024-12-03,1913.03,7175.54,5262.51,0
2024-07-15,SKU047,102,809698.44,7938.22,0,0,0,2024,7,29,Monsoon,Product 047,Home Decor,Cabinet,2023-05-06,3416.1,7938.22,4522.12,0
2024-07-15,SKU048,58,80013.9,1379.55,0,0,0,2024,7,29,Monsoon,Product 048,Kitchen,Rug,2024-09-09,6863.87,1379.55,-5484.32,1
2024-07-15,SKU049,188,981993.56,5223.37,0,0,0,2024,7,29,Monsoon,Product 049,Lighting,Organizer,2024-01-16,2063.03,5223.37,3160.34,0
2024-07-15,SKU050,50,44136.0,882.72,0,0,0,2024,7,29,Monsoon,Product 050,Storage,Sofa,2024-05-06,701.85,882.72,180.87,0
2024-07-22,SKU001,96,351748.8,3664.05,0,0,0,2024,7,30,Monsoon,Product 001,Furniture,Chair,2022-04-09,1758.45,3664.05,1905.6,0
2024-07-22,SKU002,59,224535.71,3805.69,0,0,0,2024,7,30,Monsoon,Product 002,Home Decor,Table,2024-05-01,3867.09,3805.69,-61.4,1
2024-07-22,SKU003,42,339285.66,8078.23,0,0,0,2024,7,30,Monsoon,Product 003,Kitchen,Cushion,2023-12-22,589.48,8078.23,7488.75,0
2024-07-22,SKU004,32,219570.24,6861.57,0,0,0,2024,7,30,Monsoon,Product 004,Lighting,Cookware,2023-04-28,1445.74,6861.57,5415.83,0
2024-07-22,SKU005,114,1082227.08,9493.22,0,0,0,2024,7,30,Monsoon,Product 005,Storage,Lamp,2023-04-22,5543.63,9493.22,3949.59,0
2024-07-22,SKU006,48,389089.92,8106.04,0,0,0,2024,7,30,Monsoon,Product 006,Furniture,Shelf,2024-08-02,6021.91,8106.04,2084.13,0
2024-07-22,SKU007,172,879623.48,5114.09,0,0,0,2024,7,30,Monsoon,Product 007,Home Decor,Cabinet,2022-04-05,7748.2,5114.09,-2634.11,1
2024-07-22,SKU008,134,1318913.76,9842.64,0,0,0,2024,7,30,Monsoon,Product 008,Kitchen,Rug,2024-02-07,2775.15,9842.64,7067.49,0
2024-07-22,SKU009,82,191624.98,2336.89,0,0,0,2024,7,30,Monsoon,Product 009,Lighting,Organizer,2022-08-10,3121.06,2336.89,-784.17,1
2024-07-22,SKU010,119,78951.74,663.46,0,0,0,2024,7,30,Monsoon,Product 010,Storage,Sofa,2022-04-14,3889.06,663.46,-3225.6,1
2024-07-22,SKU011,14,20223.84,1444.56,0,0,0,2024,7,30,Monsoon,Product 011,Furniture,Chair,2023-08-03,1718.4,1444.56,-273.84,1
2024-07-22,SKU012,198,1738315.26,8779.37,0,0,0,2024,7,30,Monsoon,Product 012,Home Decor,Table,2024-12-09,1256.89,8779.37,7522.48,0
2024-07-22,SKU013,107,616082.46,5757.78,0,0,0,2024,7,30,Monsoon,Product 013,Kitchen,Cushion,2024-03-20,3936.71,5757.78,1821.07,0
2024-07-22,SKU014,154,349695.5,2270.75,0,0,0,2024,7,30,Monsoon,Product 014,Lighting,Cookware,2024-04-17,2008.55,2270.75,262.2,0
2024-07-22,SKU015,26,161515.12,6212.12,0,0,0,2024,7,30,Monsoon,Product 015,Storage,Lamp,2024-02-29,5441.06,6212.12,771.06,0
2024-07-22,SKU016,92,199347.44,2166.82,0,0,0,2024,7,30,Monsoon,Product 016,Furniture,Shelf,2024-05-14,3637.93,2166.82,-1471.11,1
2024-07-22,SKU017,104,881641.28,8477.32,0,0,0,2024,7,30,Monsoon,Product 017,Home Decor,Cabinet,2023-07-19,6703.26,8477.32,1774.06,0
2024-07-22,SKU018,158,880914.78,5575.41,0,0,0,2024,7,30,Monsoon,Product 018,Kitchen,Rug,2022-05-21,5677.05,5575.41,-101.64,1
2024-07-22,SKU019,108,520543.8,4819.85,0,0,0,2024,7,30,Monsoon,Product 019,Lighting,Organizer,2024-07-12,2670.84,4819.85,2149.01,0
2024-07-22,SKU020,97,378061.38,3897.54,0,0,0,2024,7,30,Monsoon,Product 020,Storage,Sofa,2023-05-11,6700.01,3897.54,-2802.47,1
2024-07-22,SKU021,55,424120.4,7711.28,0,0,0,2024,7,30,Monsoon,Product 021,Furniture,Chair,2023-07-05,6486.92,7711.28,1224.36,0
2024-07-22,SKU022,70,321792.1,4597.03,0,0,0,2024,7,30,Monsoon,Product 022,Home Decor,Table,2023-02-12,3252.96,4597.03,1344.07,0
2024-07-22,SKU023,109,154424.66,1416.74,0,0,0,2024,7,30,Monsoon,Product 023,Kitchen,Cushion,2022-07-20,2484.54,1416.74,-1067.8,1
2024-07-22,SKU024,92,162736.04,1768.87,0,0,0,2024,7,30,Monsoon,Product 024,Lighting,Cookware,2024-10-16,5539.34,1768.87,-3770.47,1
2024-07-22,SKU025,14,161812.14,11558.01,0,0,0,2024,7,30,Monsoon,Product 025,Storage,Lamp,2024-05-09,1333.08,11558.01,10224.93,0
2024-07-22,SKU026,137,1498716.98,10939.54,0,0,0,2024,7,30,Monsoon,Product 026,Furniture,Shelf,2023-12-10,1799.29,10939.54,9140.25,0
2024-07-22,SKU027,154,1311556.4,8516.6,0,0,0,2024,7,30,Monsoon,Product 027,Home Decor,Cabinet,2023-03-19,307.06,8516.6,8209.54,0
2024-07-22,SKU028,46,160268.14,3484.09,0,0,0,2024,7,30,Monsoon,Product 028,Kitchen,Rug,2024-06-24,6348.66,3484.09,-2864.57,1
2024-07-22,SKU029,134,1560088.3,11642.45,0,0,0,2024,7,30,Monsoon,Product 029,Lighting,Organizer,2023-08-23,5402.59,11642.45,6239.86,0
2024-07-22,SKU030,32,301872.32,9433.51,0,0,0,2024,7,30,Monsoon,Product 030,Storage,Sofa,2023-05-03,5715.03,9433.51,3718.48,0
2024-07-22,SKU031,122,1063343.46,8715.93,0,0,0,2024,7,30,Monsoon,Product 031,Furniture,Chair,2023-05-11,6300.65,8715.93,2415.28,0
2024-07-22,SKU032,53,297467.27,5612.59,0,0,0,2024,7,30,Monsoon,Product 032,Home Decor,Table,2022-09-07,3806.6,5612.59,1805.99,0
2024-07-22,SKU033,125,444750.0,3558.0,0,0,0,2024,7,30,Monsoon,Product 033,Kitchen,Cushion,2022-04-12,4657.74,3558.0,-1099.74,1
2024-07-22,SKU034,132,200394.48,1518.14,0,0,0,2024,7,30,Monsoon,Product 034,Lighting,Cookware,2023-09-03,1333.43,1518.14,184.71,0
2024-07-22,SKU035,159,1728360.21,10870.19,0,0,0,2024,7,30,Monsoon,Product 035,Storage,Lamp,2024-09-03,1137.61,10870.19,9732.58,0
2024-07-22,SKU036,31,176297.0,5687.0,0,0,0,2024,7,30,Monsoon,Product 036,Furniture,Shelf,2022-03-12,5430.12,5687.0,256.88,0
2024-07-22,SKU037,169,464313.98,2747.42,0,0,0,2024,7,30,Monsoon,Product 037,Home Decor,Cabinet,2024-08-02,3901.0,2747.42,-1153.58,1
2024-07-22,SKU038,60,236946.0,3949.1,0,0,0,2024,7,30,Monsoon,Product 038,Kitchen,Rug,2024-06-29,4630.58,3949.1,-681.48,1
2024-07-22,SKU039,16,113903.2,7118.95,0,0,0,2024,7,30,Monsoon,Product 039,Lighting,Organizer,2022-11-01,6178.74,7118.95,940.21,0
2024-07-22,SKU040,109,267111.04,2450.56,0,0,0,2024,7,30,Monsoon,Product 040,Storage,Sofa,2023-11-26,5169.07,2450.56,-2718.51,1
2024-07-22,SKU041,66,682224.18,10336.73,0,0,0,2024,7,30,Monsoon,Product 041,Furniture,Chair,2022-07-01,4540.24,10336.73,5796.49,0
2024-07-22,SKU042,158,1453415.14,9198.83,0,0,0,2024,7,30,Monsoon,Product 042,Home Decor,Table,2024-04-13,4583.86,9198.83,4614.97,0
2024-07-22,SKU043,160,1399323.2,8745.77,0,0,0,2024,7,30,Monsoon,Product 043,Kitchen,Cushion,2024-02-10,2605.61,8745.77,6140.16,0
2024-07-22,SKU044,78,422157.84,5412.28,0,0,0,2024,7,30,Monsoon,Product 044,Lighting,Cookware,2023-01-25,488.84,5412.28,4923.44,0
2024-07-22,SKU045,181,1389497.18,7676.78,0,0,0,2024,7,30,Monsoon,Product 045,Storage,Lamp,2022-03-16,3634.56,7676.78,4042.22,0
2024-07-22,SKU046,69,495112.26,7175.54,0,0,0,2024,7,30,Monsoon,Product 046,Furniture,Shelf,2024-12-03,1913.03,7175.54,5262.51,0
2024-07-22,SKU047,108,857327.76,7938.22,0,0,0,2024,7,30,Monsoon,Product 047,Home Decor,Cabinet,2023-05-06,3416.1,7938.22,4522.12,0
2024-07-22,SKU048,58,80013.9,1379.55,0,0,0,2024,7,30,Monsoon,Product 048,Kitchen,Rug,2024-09-09,6863.87,1379.55,-5484.32,1
2024-07-22,SKU049,174,908866.38,5223.37,0,0,0,2024,7,30,Monsoon,Product 049,Lighting,Organizer,2024-01-16,2063.03,5223.37,3160.34,0
2024-07-22,SKU050,29,25598.88,882.72,0,0,0,2024,7,30,Monsoon,Product 050,Storage,Sofa,2024-05-06,701.85,882.72,180.87,0
2024-07-29,SKU001,94,344420.7,3664.05,0,0,0,2024,7,31,Monsoon,Product 001,Furniture,Chair,2022-04-09,1758.45,3664.05,1905.6,0
2024-07-29,SKU002,51,194090.19,3805.69,0,0,0,2024,7,31,Monsoon,Product 002,Home Decor,Table,2024-05-01,3867.09,3805.69,-61.4,1
2024-07-29,SKU003,45,363520.35,8078.23,0,0,0,2024,7,31,Monsoon,Product 003,Kitchen,Cushion,2023-12-22,589.48,8078.23,7488.75,0
2024-07-29,SKU004,32,219570.24,6861.57,0,0,0,2024,7,31,Monsoon,Product 004,Lighting,Cookware,2023-04-28,1445.74,6861.57,5415.83,0
2024-07-29,SKU005,108,1025267.76,9493.22,0,0,0,2024,7,31,Monsoon,Product 005,Storage,Lamp,2023-04-22,5543.63,9493.22,3949.59,0
2024-07-29,SKU006,45,364771.8,8106.04,0,0,0,2024,7,31,Monsoon,Product 006,Furniture,Shelf,2024-08-02,6021.91,8106.04,2084.13,0
2024-07-29,SKU007,160,818254.4,5114.09,0,0,0,2024,7,31,Monsoon,Product 007,Home Decor,Cabinet,2022-04-05,7748.2,5114.09,-2634.11,1
2024-07-29,SKU008,100,984264.0,9842.64,0,0,0,2024,7,31,Monsoon,Product 008,Kitchen,Rug,2024-02-07,2775.15,9842.64,7067.49,0
2024-07-29,SKU009,85,198635.65,2336.89,0,0,0,2024,7,31,Monsoon,Product 009,Lighting,Organizer,2022-08-10,3121.06,2336.89,-784.17,1
2024-07-29,SKU010,110,72980.6,663.46,0,0,0,2024,7,31,Monsoon,Product 010,Storage,Sofa,2022-04-14,3889.06,663.46,-3225.6,1
2024-07-29,SKU011,12,17334.72,1444.56,0,0,0,2024,7,31,Monsoon,Product 011,Furniture,Chair,2023-08-03,1718.4,1444.56,-273.84,1
2024-07-29,SKU012,163,1431037.31,8779.37,0,0,0,2024,7,31,Monsoon,Product 012,Home Decor,Table,2024-12-09,1256.89,8779.37,7522.48,0
2024-07-29,SKU013,104,598809.12,5757.78,0,0,0,2024,7,31,Monsoon,Product 013,Kitchen,Cushion,2024-03-20,3936.71,5757.78,1821.07,0
2024-07-29,SKU014,132,299739.0,2270.75,0,0,0,2024,7,31,Monsoon,Product 014,Lighting,Cookware,2024-04-17,2008.55,2270.75,262.2,0
2024-07-29,SKU015,24,149090.88,6212.12,0,0,0,2024,7,31,Monsoon,Product 015,Storage,Lamp,2024-02-29,5441.06,6212.12,771.06,0
2024-07-29,SKU016,90,195013.8,2166.82,0,0,0,2024,7,31,Monsoon,Product 016,Furniture,Shelf,2024-05-14,3637.93,2166.82,-1471.11,1
2024-07-29,SKU017,98,830777.36,8477.32,0,0,0,2024,7,31,Monsoon,Product 017,Home Decor,Cabinet,2023-07-19,6703.26,8477.32,1774.06,0
2024-07-29,SKU018,172,958970.52,5575.41,0,0,0,2024,7,31,Monsoon,Product 018,Kitchen,Rug,2022-05-21,5677.05,5575.41,-101.64,1
2024-07-29,SKU019,115,554282.75,4819.85,0,0,0,2024,7,31,Monsoon,Product 019,Lighting,Organizer,2024-07-12,2670.84,4819.85,2149.01,0
2024-07-29,SKU020,102,397549.08,3897.54,0,0,0,2024,7,31,Monsoon,Product 020,Storage,Sofa,2023-05-11,6700.01,3897.54,-2802.47,1
2024-07-29,SKU021,55,424120.4,7711.28,0,0,0,2024,7,31,Monsoon,Product 021,Furniture,Chair,2023-07-05,6486.92,7711.28,1224.36,0
2024-07-29,SKU022,59,271224.77,4597.03,0,0,0,2024,7,31,Monsoon,Product 022,Home Decor,Table,2023-02-12,3252.96,4597.03,1344.07,0
2024-07-29,SKU023,105,148757.7,1416.74,0,0,0,2024,7,31,Monsoon,Product 023,Kitchen,Cushion,2022-07-20,2484.54,1416.74,-1067.8,1
2024-07-29,SKU024,88,155660.56,1768.87,0,0,0,2024,7,31,Monsoon,Product 024,Lighting,Cookware,2024-10-16,5539.34,1768.87,-3770.47,1
2024-07-29,SKU025,18,208044.18,11558.01,0,0,0,2024,7,31,Monsoon,Product 025,Storage,Lamp,2024-05-09,1333.08,11558.01,10224.93,0
2024-07-29,SKU026,144,1575293.76,10939.54,0,0,0,2024,7,31,Monsoon,Product 026,Furniture,Shelf,2023-12-10,1799.29,10939.54,9140.25,0
2024-07-29,SKU027,151,1286006.6,8516.6,0,0,0,2024,7,31,Monsoon,Product 027,Home Decor,Cabinet,2023-03-19,307.06,8516.6,8209.54,0
2024-07-29,SKU028,30,104522.7,3484.09,0,0,0,2024,7,31,Monsoon,Product 028,Kitchen,Rug,2024-06-24,6348.66,3484.09,-2864.57,1
2024-07-29,SKU029,100,1164245.0,11642.45,0,0,0,2024,7,31,Monsoon,Product 029,Lighting,Organizer,2023-08-23,5402.59,11642.45,6239.86,0
2024-07-29,SKU030,38,358473.38,9433.51,0,0,0,2024,7,31,Monsoon,Product 030,Storage,Sofa,2023-05-03,5715.03,9433.51,3718.48,0
2024-07-29,SKU031,98,854161.14,8715.93,0,0,0,2024,7,31,Monsoon,Product 031,Furniture,Chair,2023-05-11,6300.65,8715.93,2415.28,0
2024-07-29,SKU032,46,258179.14,5612.59,0,0,0,2024,7,31,Monsoon,Product 032,Home Decor,Table,2022-09-07,3806.6,5612.59,1805.99,0
2024-07-29,SKU033,112,398496.0,3558.0,0,0,0,2024,7,31,Monsoon,Product 033,Kitchen,Cushion,2022-04-12,4657.74,3558.0,-1099.74,1
2024-07-29,SKU034,117,177622.38,1518.14,0,0,0,2024,7,31,Monsoon,Product 034,Lighting,Cookware,2023-09-03,1333.43,1518.14,184.71,0
2024-07-29,SKU035,144,1565307.36,10870.19,0,0,0,2024,7,31,Monsoon,Product 035,Storage,Lamp,2024-09-03,1137.61,10870.19,9732.58,0
2024-07-29,SKU036,25,142175.0,5687.0,0,0,0,2024,7,31,Monsoon,Product 036,Furniture,Shelf,2022-03-12,5430.12,5687.0,256.88,0
2024-07-29,SKU037,179,491788.18,2747.42,0,0,0,2024,7,31,Monsoon,Product 037,Home Decor,Cabinet,2024-08-02,3901.0,2747.42,-1153.58,1
2024-07-29,SKU038,52,205353.2,3949.1,0,0,0,2024,7,31,Monsoon,Product 038,Kitchen,Rug,2024-06-29,4630.58,3949.1,-681.48,1
2024-07-29,SKU039,15,106784.25,7118.95,0,0,0,2024,7,31,Monsoon,Product 039,Lighting,Organizer,2022-11-01,6178.74,7118.95,940.21,0
2024-07-29,SKU040,109,267111.04,2450.56,0,0,0,2024,7,31,Monsoon,Product 040,Storage,Sofa,2023-11-26,5169.07,2450.56,-2718.51,1
2024-07-29,SKU041,71,733907.83,10336.73,0,0,0,2024,7,31,Monsoon,Product 041,Furniture,Chair,2022-07-01,4540.24,10336.73,5796.49,0
2024-07-29,SKU042,143,1315432.69,9198.83,0,0,0,2024,7,31,Monsoon,Product 042,Home Decor,Table,2024-04-13,4583.86,9198.83,4614.97,0
2024-07-29,SKU043,160,1399323.2,8745.77,0,0,0,2024,7,31,Monsoon,Product 043,Kitchen,Cushion,2024-02-10,2605.61,8745.77,6140.16,0
2024-07-29,SKU044,66,357210.48,5412.28,0,0,0,2024,7,31,Monsoon,Product 044,Lighting,Cookware,2023-01-25,488.84,5412.28,4923.44,0
2024-07-29,SKU045,172,1320406.16,7676.78,0,0,0,2024,7,31,Monsoon,Product 045,Storage,Lamp,2022-03-16,3634.56,7676.78,4042.22,0
2024-07-29,SKU046,62,444883.48,7175.54,0,0,0,2024,7,31,Monsoon,Product 046,Furniture,Shelf,2024-12-03,1913.03,7175.54,5262.51,0
2024-07-29,SKU047,99,785883.78,7938.22,0,0,0,2024,7,31,Monsoon,Product 047,Home Decor,Cabinet,2023-05-06,3416.1,7938.22,4522.12,0
2024-07-29,SKU048,55,75875.25,1379.55,0,0,0,2024,7,31,Monsoon,Product 048,Kitchen,Rug,2024-09-09,6863.87,1379.55,-5484.32,1
2024-07-29,SKU049,176,919313.12,5223.37,0,0,0,2024,7,31,Monsoon,Product 049,Lighting,Organizer,2024-01-16,2063.03,5223.37,3160.34,0
2024-07-29,SKU050,39,34426.08,882.72,0,0,0,2024,7,31,Monsoon,Product 050,Storage,Sofa,2024-05-06,701.85,882.72,180.87,0
2024-08-05,SKU001,82,300452.1,3664.05,0,0,0,2024,8,32,Monsoon,Product 001,Furniture,Chair,2022-04-09,1758.45,3664.05,1905.6,0
2024-08-05,SKU002,65,247369.85,3805.69,0,0,0,2024,8,32,Monsoon,Product 002,Home Decor,Table,2024-05-01,3867.09,3805.69,-61.4,1
2024-08-05,SKU003,35,282738.05,8078.23,0,0,0,2024,8,32,Monsoon,Product 003,Kitchen,Cushion,2023-12-22,589.48,8078.23,7488.75,0
2024-08-05,SKU004,33,226431.81,6861.57,0,0,0,2024,8,32,Monsoon,Product 004,Lighting,Cookware,2023-04-28,1445.74,6861.57,5415.83,0
2024-08-05,SKU005,95,901855.9,9493.22,0,0,0,2024,8,32,Monsoon,Product 005,Storage,Lamp,2023-04-22,5543.63,9493.22,3949.59,0
2024-08-05,SKU006,25,202651.0,8106.04,0,0,0,2024,8,32,Monsoon,Product 006,Furniture,Shelf,2024-08-02,6021.91,8106.04,2084.13,0
2024-08-05,SKU007,141,721086.69,5114.09,0,0,0,2024,8,32,Monsoon,Product 007,Home Decor,Cabinet,2022-04-05,7748.2,5114.09,-2634.11,1
2024-08-05,SKU008,97,954736.08,9842.64,0,0,0,2024,8,32,Monsoon,Product 008,Kitchen,Rug,2024-02-07,2775.15,9842.64,7067.49,0
2024-08-05,SKU009,66,154234.74,2336.89,0,0,0,2024,8,32,Monsoon,Product 009,Lighting,Organizer,2022-08-10,3121.06,2336.89,-784.17,1
2024-08-05,SKU010,103,68336.38,663.46,0,0,0,2024,8,32,Monsoon,Product 010,Storage,Sofa,2022-04-14,3889.06,663.46,-3225.6,1
2024-08-05,SKU011,16,23112.96,1444.56,0,0,0,2024,8,32,Monsoon,Product 011,Furniture,Chair,2023-08-03,1718.4,1444.56,-273.84,1
2024-08-05,SKU012,163,1431037.31,8779.37,0,0,0,2024,8,32,Monsoon,Product 012,Home Decor,Table,2024-12-09,1256.89,8779.37,7522.48,0
2024-08-05,SKU013,85,489411.3,5757.78,0,0,0,2024,8,32,Monsoon,Product 013,Kitchen,Cushion,2024-03-20,3936.71,5757.78,1821.07,0
2024-08-05,SKU014,144,326988.0,2270.75,0,0,0,2024,8,32,Monsoon,Product 014,Lighting,Cookware,2024-04-17,2008.55,2270.75,262.2,0
2024-08-05,SKU015,22,136666.64,6212.12,0,0,0,2024,8,32,Monsoon,Product 015,Storage,Lamp,2024-02-29,5441.06,6212.12,771.06,0
2024-08-05,SKU016,82,177679.24,2166.82,0,0,0,2024,8,32,Monsoon,Product 016,Furniture,Shelf,2024-05-14,3637.93,2166.82,-1471.11,1
2024-08-05,SKU017,100,847732.0,8477.32,0,0,0,2024,8,32,Monsoon,Product 017,Home Decor,Cabinet,2023-07-19,6703.26,8477.32,1774.06,0
2024-08-05,SKU018,164,914367.24,5575.41,0,0,0,2024,8,32,Monsoon,Product 018,Kitchen,Rug,2022-05-21,5677.05,5575.41,-101.64,1
2024-08-05,SKU019,89,428966.65,4819.85,0,0,0,2024,8,32,Monsoon,Product 019,Lighting,Organizer,2024-07-12,2670.84,4819.85,2149.01,0
2024-08-05,SKU020,88,342983.52,3897.54,0,0,0,2024,8,32,Monsoon,Product 020,Storage,Sofa,2023-05-11,6700.01,3897.54,-2802.47,1
2024-08-05,SKU021,52,400986.56,7711.28,0,0,0,2024,8,32,Monsoon,Product 021,Furniture,Chair,2023-07-05,6486.92,7711.28,1224.36,0
2024-08-05,SKU022,64,294209.92,4597.03,0,0,0,2024,8,32,Monsoon,Product 022,Home Decor,Table,2023-02-12,3252.96,4597.03,1344.07,0
2024-08-05,SKU023,105,148757.7,1416.74,0,0,0,2024,8,32,Monsoon,Product 023,Kitchen,Cushion,2022-07-20,2484.54,1416.74,-1067.8,1
2024-08-05,SKU024,83,146816.21,1768.87,0,0,0,2024,8,32,Monsoon,Product 024,Lighting,Cookware,2024-10-16,5539.34,1768.87,-3770.47,1
2024-08-05,SKU025,17,196486.17,11558.01,0,0,0,2024,8,32,Monsoon,Product 025,Storage,Lamp,2024-05-09,1333.08,11558.01,10224.93,0
2024-08-05,SKU026,138,1509656.52,10939.54,0,0,0,2024,8,32,Monsoon,Product 026,Furniture,Shelf,2023-12-10,1799.29,10939.54,9140.25,0
2024-08-05,SKU027,149,1268973.4,8516.6,0,0,0,2024,8,32,Monsoon,Product 027,Home Decor,Cabinet,2023-03-19,307.06,8516.6,8209.54,0
2024-08-05,SKU028,28,97554.52,3484.09,0,0,0,2024,8,32,Monsoon,Product 028,Kitchen,Rug,2024-06-24,6348.66,3484.09,-2864.57,1
2024-08-05,SKU029,98,1140960.1,11642.45,0,0,0,2024,8,32,Monsoon,Product 029,Lighting,Organizer,2023-08-23,5402.59,11642.45,6239.86,0
2024-08-05,SKU030,45,424507.95,9433.51,0,0,0,2024,8,32,Monsoon,Product 030,Storage,Sofa,2023-05-03,5715.03,9433.51,3718.48,0
2024-08-05,SKU031,145,1263809.85,8715.93,0,0,0,2024,8,32,Monsoon,Product 031,Furniture,Chair,2023-05-11,6300.65,8715.93,2415.28,0
2024-08-05,SKU032,61,342367.99,5612.59,0,0,0,2024,8,32,Monsoon,Product 032,Home Decor,Table,2022-09-07,3806.6,5612.59,1805.99,0
2024-08-05,SKU033,107,380706.0,3558.0,0,0,0,2024,8,32,Monsoon,Product 033,Kitchen,Cushion,2022-04-12,4657.74,3558.0,-1099.74,1
2024-08-05,SKU034,129,195840.06,1518.14,0,0,0,2024,8,32,Monsoon,Product 034,Lighting,Cookware,2023-09-03,1333.43,1518.14,184.71,0
2024-08-05,SKU035,137,1489216.03,10870.19,0,0,0,2024,8,32,Monsoon,Product 035,Storage,Lamp,2024-09-03,1137.61,10870.19,9732.58,0
2024-08-05,SKU036,21,119427.0,5687.0,0,0,0,2024,8,32,Monsoon,Product 036,Furniture,Shelf,2022-03-12,5430.12,5687.0,256.88,0
2024-08-05,SKU037,144,395628.48,2747.42,0,0,0,2024,8,32,Monsoon,Product 037,Home Decor,Cabinet,2024-08-02,3901.0,2747.42,-1153.58,1
2024-08-05,SKU038,51,201404.1,3949.1,0,0,0,2024,8,32,Monsoon,Product 038,Kitchen,Rug,2024-06-29,4630.58,3949.1,-681.48,1
2024-08-05,SKU039,16,113903.2,7118.95,0,0,0,2024,8,32,Monsoon,Product 039,Lighting,Organizer,2022-11-01,6178.74,7118.95,940.21,0
2024-08-05,SKU040,103,252407.68,2450.56,0,0,0,2024,8,32,Monsoon,Product 040,Storage,Sofa,2023-11-26,5169.07,2450.56,-2718.51,1
2024-08-05,SKU041,71,733907.83,10336.73,0,0,0,2024,8,32,Monsoon,Product 041,Furniture,Chair,2022-07-01,4540.24,10336.73,5796.49,0
2024-08-05,SKU042,139,1278637.37,9198.83,0,0,0,2024,8,32,Monsoon,Product 042,Home Decor,Table,2024-04-13,4583.86,9198.83,4614.97,0
2024-08-05,SKU043,123,1075729.71,8745.77,0,0,0,2024,8,32,Monsoon,Product 043,Kitchen,Cushion,2024-02-10,2605.61,8745.77,6140.16,0
2024-08-05,SKU044,60,324736.8,5412.28,0,0,0,2024,8,32,Monsoon,Product 044,Lighting,Cookware,2023-01-25,488.84,5412.28,4923.44,0
2024-08-05,SKU045,169,1297375.82,7676.78,0,0,0,2024,8,32,Monsoon,Product 045,Storage,Lamp,2022-03-16,3634.56,7676.78,4042.22,0
2024-08-05,SKU046,73,523814.42,7175.54,0,0,0,2024,8,32,Monsoon,Product 046,Furniture,Shelf,2024-12-03,1913.03,7175.54,5262.51,0
2024-08-05,SKU047,93,738254.46,7938.22,0,0,0,2024,8,32,Monsoon,Product 047,Home Decor,Cabinet,2023-05-06,3416.1,7938.22,4522.12,0
2024-08-05,SKU048,53,73116.15,1379.55,0,0,0,2024,8,32,Monsoon,Product 048,Kitchen,Rug,2024-09-09,6863.87,1379.55,-5484.32,1
2024-08-05,SKU049,164,856632.68,5223.37,0,0,0,2024,8,32,Monsoon,Product 049,Lighting,Organizer,2024-01-16,2063.03,5223.37,3160.34,0
2024-08-05,SKU050,33,29129.76,882.72,0,0,0,2024,8,32,Monsoon,Product 050,Storage,Sofa,2024-05-06,701.85,882.72,180.87,0
2024-08-12,SKU001,89,326100.45,3664.05,0,0,1,2024,8,33,Monsoon,Product 001,Furniture,Chair,2022-04-09,1758.45,3664.05,1905.6,0
2024-08-12,SKU002,58,220730.02,3805.69,0,0,1,2024,8,33,Monsoon,Product 002,Home Decor,Table,2024-05-01,3867.09,3805.69,-61.4,1
2024-08-12,SKU003,37,298894.51,8078.23,0,0,1,2024,8,33,Monsoon,Product 003,Kitchen,Cushion,2023-12-22,589.48,8078.23,7488.75,0
2024-08-12,SKU004,30,205847.1,6861.57,0,0,1,2024,8,33,Monsoon,Product 004,Lighting,Cookware,2023-04-28,1445.74,6861.57,5415.83,0
2024-08-12,SKU005,103,977801.66,9493.22,0,0,1,2024,8,33,Monsoon,Product 005,Storage,Lamp,2023-04-22,5543.63,9493.22,3949.59,0
2024-08-12,SKU006,39,316135.56,8106.04,0,0,1,2024,8,33,Monsoon,Product 006,Furniture,Shelf,2024-08-02,6021.91,8106.04,2084.13,0
2024-08-12,SKU007,164,838710.76,5114.09,0,0,1,2024,8,33,Monsoon,Product 007,Home Decor,Cabinet,2022-04-05,7748.2,5114.09,-2634.11,1
2024-08-12,SKU008,99,974421.36,9842.64,0,0,1,2024,8,33,Monsoon,Product 008,Kitchen,Rug,2024-02-07,2775.15,9842.64,7067.49,0
2024-08-12,SKU009,70,163582.3,2336.89,0,0,1,2024,8,33,Monsoon,Product 009,Lighting,Organizer,2022-08-10,3121.06,2336.89,-784.17,1
2024-08-12,SKU010,103,68336.38,663.46,0,0,1,2024,8,33,Monsoon,Product 010,Storage,Sofa,2022-04-14,3889.06,663.46,-3225.6,1
2024-08-12,SKU011,17,24557.52,1444.56,0,0,1,2024,8,33,Monsoon,Product 011,Furniture,Chair,2023-08-03,1718.4,1444.56,-273.84,1
2024-08-12,SKU012,154,1352022.98,8779.37,0,0,1,2024,8,33,Monsoon,Product 012,Home Decor,Table,2024-12-09,1256.89,8779.37,7522.48,0
2024-08-12,SKU013,71,408802.38,5757.78,0,0,1,2024,8,33,Monsoon,Product 013,Kitchen,Cushion,2024-03-20,3936.71,5757.78,1821.07,0
2024-08-12,SKU014,123,279302.25,2270.75,0,0,1,2024,8,33,Monsoon,Product 014,Lighting,Cookware,2024-04-17,2008.55,2270.75,262.2,0
2024-08-12,SKU015,24,149090.88,6212.12,0,0,1,2024,8,33,Monsoon,Product 015,Storage,Lamp,2024-02-29,5441.06,6212.12,771.06,0
2024-08-12,SKU016,96,208014.72,2166.82,0,0,1,2024,8,33,Monsoon,Product 016,Furniture,Shelf,2024-05-14,3637.93,2166.82,-1471.11,1
2024-08-12,SKU017,94,796868.08,8477.32,0,0,1,2024,8,33,Monsoon,Product 017,Home Decor,Cabinet,2023-07-19,6703.26,8477.32,1774.06,0
2024-08-12,SKU018,167,931093.47,5575.41,0,0,1,2024,8,33,Monsoon,Product 018,Kitchen,Rug,2022-05-21,5677.05,5575.41,-101.64,1
2024-08-12,SKU019,93,448246.05,4819.85,0,0,1,2024,8,33,Monsoon,Product 019,Lighting,Organizer,2024-07-12,2670.84,4819.85,2149.01,0
2024-08-12,SKU020,96,374163.84,3897.54,0,0,1,2024,8,33,Monsoon,Product 020,Storage,Sofa,2023-05-11,6700.01,3897.54,-2802.47,1
2024-08-12,SKU021,68,524367.04,7711.28,0,0,1,2024,8,33,Monsoon,Product 021,Furniture,Chair,2023-07-05,6486.92,7711.28,1224.36,0
2024-08-12,SKU022,56,257433.68,4597.03,0,0,1,2024,8,33,Monsoon,Product 022,Home Decor,Table,2023-02-12,3252.96,4597.03,1344.07,0
2024-08-12,SKU023,82,116172.68,1416.74,0,0,1,2024,8,33,Monsoon,Product 023,Kitchen,Cushion,2022-07-20,2484.54,1416.74,-1067.8,1
2024-08-12,SKU024,86,152122.82,1768.87,0,0,1,2024,8,33,Monsoon,Product 024,Lighting,Cookware,2024-10-16,5539.34,1768.87,-3770.47,1
2024-08-12,SKU025,17,196486.17,11558.01,0,0,1,2024,8,33,Monsoon,Product 025,Storage,Lamp,2024-05-09,1333.08,11558.01,10224.93,0
2024-08-12,SKU026,138,1509656.52,10939.54,0,0,1,2024,8,33,Monsoon,Product 026,Furniture,Shelf,2023-12-10,1799.29,10939.54,9140.25,0
2024-08-12,SKU027,158,1345622.8,8516.6,0,0,1,2024,8,33,Monsoon,Product 027,Home Decor,Cabinet,2023-03-19,307.06,8516.6,8209.54,0
2024-08-12,SKU028,31,108006.79,3484.09,0,0,1,2024,8,33,Monsoon,Product 028,Kitchen,Rug,2024-06-24,6348.66,3484.09,-2864.57,1
2024-08-12,SKU029,107,1245742.15,11642.45,0,0,1,2024,8,33,Monsoon,Product 029,Lighting,Organizer,2023-08-23,5402.59,11642.45,6239.86,0
2024-08-12,SKU030,25,235837.75,9433.51,0,0,1,2024,8,33,Monsoon,Product 030,Storage,Sofa,2023-05-03,5715.03,9433.51,3718.48,0
2024-08-12,SKU031,120,1045911.6,8715.93,0,0,1,2024,8,33,Monsoon,Product 031,Furniture,Chair,2023-05-11,6300.65,8715.93,2415.28,0
2024-08-12,SKU032,54,303079.86,5612.59,0,0,1,2024,8,33,Monsoon,Product 032,Home Decor,Table,2022-09-07,3806.6,5612.59,1805.99,0
2024-08-12,SKU033,103,366474.0,3558.0,0,0,1,2024,8,33,Monsoon,Product 033,Kitchen,Cushion,2022-04-12,4657.74,3558.0,-1099.74,1
2024-08-12,SKU034,120,182176.8,1518.14,0,0,1,2024,8,33,Monsoon,Product 034,Lighting,Cookware,2023-09-03,1333.43,1518.14,184.71,0
2024-08-12,SKU035,137,1489216.03,10870.19,0,0,1,2024,8,33,Monsoon,Product 035,Storage,Lamp,2024-09-03,1137.61,10870.19,9732.58,0
2024-08-12,SKU036,24,136488.0,5687.0,0,0,1,2024,8,33,Monsoon,Product 036,Furniture,Shelf,2022-03-12,5430.12,5687.0,256.88,0
2024-08-12,SKU037,156,428597.52,2747.42,0,0,1,2024,8,33,Monsoon,Product 037,Home Decor,Cabinet,2024-08-02,3901.0,2747.42,-1153.58,1
2024-08-12,SKU038,51,201404.1,3949.1,0,0,1,2024,8,33,Monsoon,Product 038,Kitchen,Rug,2024-06-29,4630.58,3949.1,-681.48,1
2024-08-12,SKU039,24,170854.8,7118.95,0,0,1,2024,8,33,Monsoon,Product 039,Lighting,Organizer,2022-11-01,6178.74,7118.95,940.21,0
2024-08-12,SKU040,109,267111.04,2450.56,0,0,1,2024,8,33,Monsoon,Product 040,Storage,Sofa,2023-11-26,5169.07,2450.56,-2718.51,1
2024-08-12,SKU041,71,733907.83,10336.73,0,0,1,2024,8,33,Monsoon,Product 041,Furniture,Chair,2022-07-01,4540.24,10336.73,5796.49,0
2024-08-12,SKU042,141,1297035.03,9198.83,0,0,1,2024,8,33,Monsoon,Product 042,Home Decor,Table,2024-04-13,4583.86,9198.83,4614.97,0
2024-08-12,SKU043,136,1189424.72,8745.77,0,0,1,2024,8,33,Monsoon,Product 043,Kitchen,Cushion,2024-02-10,2605.61,8745.77,6140.16,0
2024-08-12,SKU044,76,411333.28,5412.28,0,0,1,2024,8,33,Monsoon,Product 044,Lighting,Cookware,2023-01-25,488.84,5412.28,4923.44,0
2024-08-12,SKU045,197,1512325.66,7676.78,0,0,1,2024,8,33,Monsoon,Product 045,Storage,Lamp,2022-03-16,3634.56,7676.78,4042.22,0
2024-08-12,SKU046,59,423356.86,7175.54,0,0,1,2024,8,33,Monsoon,Product 046,Furniture,Shelf,2024-12-03,1913.03,7175.54,5262.51,0
2024-08-12,SKU047,66,523922.52,7938.22,0,0,1,2024,8,33,Monsoon,Product 047,Home Decor,Cabinet,2023-05-06,3416.1,7938.22,4522.12,0
2024-08-12,SKU048,59,81393.45,1379.55,0,0,1,2024,8,33,Monsoon,Product 048,Kitchen,Rug,2024-09-09,6863.87,1379.55,-5484.32,1
2024-08-12,SKU049,151,788728.87,5223.37,0,0,1,2024,8,33,Monsoon,Product 049,Lighting,Organizer,2024-01-16,2063.03,5223.37,3160.34,0
2024-08-12,SKU050,49,43253.28,882.72,0,0,1,2024,8,33,Monsoon,Product 050,Storage,Sofa,2024-05-06,701.85,882.72,180.87,0
2024-08-19,SKU001,98,359076.9,3664.05,0,0,0,2024,8,34,Monsoon,Product 001,Furniture,Chair,2022-04-09,1758.45,3664.05,1905.6,0
2024-08-19,SKU002,46,175061.74,3805.69,0,0,0,2024,8,34,Monsoon,Product 002,Home Decor,Table,2024-05-01,3867.09,3805.69,-61.4,1
2024-08-19,SKU003,38,306972.74,8078.23,0,0,0,2024,8,34,Monsoon,Product 003,Kitchen,Cushion,2023-12-22,589.48,8078.23,7488.75,0
2024-08-19,SKU004,29,198985.53,6861.57,0,0,0,2024,8,34,Monsoon,Product 004,Lighting,Cookware,2023-04-28,1445.74,6861.57,5415.83,0
2024-08-19,SKU005,113,1072733.86,9493.22,0,0,0,2024,8,34,Monsoon,Product 005,Storage,Lamp,2023-04-22,5543.63,9493.22,3949.59,0
2024-08-19,SKU006,34,275605.36,8106.04,0,0,0,2024,8,34,Monsoon,Product 006,Furniture,Shelf,2024-08-02,6021.91,8106.04,2084.13,0
2024-08-19,SKU007,160,818254.4,5114.09,0,0,0,2024,8,34,Monsoon,Product 007,Home Decor,Cabinet,2022-04-05,7748.2,5114.09,-2634.11,1
2024-08-19,SKU008,113,1112218.32,9842.64,0,0,0,2024,8,34,Monsoon,Product 008,Kitchen,Rug,2024-02-07,2775.15,9842.64,7067.49,0
2024-08-19,SKU009,59,137876.51,2336.89,0,0,0,2024,8,34,Monsoon,Product 009,Lighting,Organizer,2022-08-10,3121.06,2336.89,-784.17,1
2024-08-19,SKU010,99,65682.54,663.46,0,0,0,2024,8,34,Monsoon,Product 010,Storage,Sofa,2022-04-14,3889.06,663.46,-3225.6,1
2024-08-19,SKU011,9,13001.04,1444.56,0,0,0,2024,8,34,Monsoon,Product 011,Furniture,Chair,2023-08-03,1718.4,1444.56,-273.84,1
2024-08-19,SKU012,169,1483713.53,8779.37,0,0,0,2024,8,34,Monsoon,Product 012,Home Decor,Table,2024-12-09,1256.89,8779.37,7522.48,0
2024-08-19,SKU013,91,523957.98,5757.78,0,0,0,2024,8,34,Monsoon,Product 013,Kitchen,Cushion,2024-03-20,3936.71,5757.78,1821.07,0
2024-08-19,SKU014,129,292926.75,2270.75,0,0,0,2024,8,34,Monsoon,Product 014,Lighting,Cookware,2024-04-17,2008.55,2270.75,262.2,0
2024-08-19,SKU015,25,155303.0,6212.12,0,0,0,2024,8,34,Monsoon,Product 015,Storage,Lamp,2024-02-29,5441.06,6212.12,771.06,0
2024-08-19,SKU016,78,169011.96,2166.82,0,0,0,2024,8,34,Monsoon,Product 016,Furniture,Shelf,2024-05-14,3637.93,2166.82,-1471.11,1
2024-08-19,SKU017,95,805345.4,8477.32,0,0,0,2024,8,34,Monsoon,Product 017,Home Decor,Cabinet,2023-07-19,6703.26,8477.32,1774.06,0
2024-08-19,SKU018,169,942244.29,5575.41,0,0,0,2024,8,34,Monsoon,Product 018,Kitchen,Rug,2022-05-21,5677.05,5575.41,-101.64,1
2024-08-19,SKU019,104,501264.4,4819.85,0,0,0,2024,8,34,Monsoon,Product 019,Lighting,Organizer,2024-07-12,2670.84,4819.85,2149.01,0
2024-08-19,SKU020,95,370266.3,3897.54,0,0,0,2024,8,34,Monsoon,Product 020,Storage,Sofa,2023-05-11,6700.01,3897.54,-2802.47,1
2024-08-19,SKU021,59,454965.52,7711.28,0,0,0,2024,8,34,Monsoon,Product 021,Furniture,Chair,2023-07-05,6486.92,7711.28,1224.36,0
2024-08-19,SKU022,68,312598.04,4597.03,0,0,0,2024,8,34,Monsoon,Product 022,Home Decor,Table,2023-02-12,3252.96,4597.03,1344.07,0
2024-08-19,SKU023,99,140257.26,1416.74,0,0,0,2024,8,34,Monsoon,Product 023,Kitchen,Cushion,2022-07-20,2484.54,1416.74,-1067.8,1
2024-08-19,SKU024,100,176887.0,1768.87,0,0,0,2024,8,34,Monsoon,Product 024,Lighting,Cookware,2024-10-16,5539.34,1768.87,-3770.47,1
2024-08-19,SKU025,19,219602.19,11558.01,0,0,0,2024,8,34,Monsoon,Product 025,Storage,Lamp,2024-05-09,1333.08,11558.01,10224.93,0
2024-08-19,SKU026,144,1575293.76,10939.54,0,0,0,2024,8,34,Monsoon,Product 026,Furniture,Shelf,2023-12-10,1799.29,10939.54,9140.25,0
2024-08-19,SKU027,165,1405239.0,8516.6,0,0,0,2024,8,34,Monsoon,Product 027,Home Decor,Cabinet,2023-03-19,307.06,8516.6,8209.54,0
2024-08-19,SKU028,37,128911.33,3484.09,0,0,0,2024,8,34,Monsoon,Product 028,Kitchen,Rug,2024-06-24,6348.66,3484.09,-2864.57,1
2024-08-19,SKU029,106,1234099.7,11642.45,0,0,0,2024,8,34,Monsoon,Product 029,Lighting,Organizer,2023-08-23,5402.59,11642.45,6239.86,0
2024-08-19,SKU030,30,283005.3,9433.51,0,0,0,2024,8,34,Monsoon,Product 030,Storage,Sofa,2023-05-03,5715.03,9433.51,3718.48,0
2024-08-19,SKU031,104,906456.72,8715.93,0,0,0,2024,8,34,Monsoon,Product 031,Furniture,Chair,2023-05-11,6300.65,8715.93,2415.28,0
2024-08-19,SKU032,42,235728.78,5612.59,0,0,0,2024,8,34,Monsoon,Product 032,Home Decor,Table,2022-09-07,3806.6,5612.59,1805.99,0
2024-08-19,SKU033,109,387822.0,3558.0,0,0,0,2024,8,34,Monsoon,Product 033,Kitchen,Cushion,2022-04-12,4657.74,3558.0,-1099.74,1
2024-08-19,SKU034,95,144223.3,1518.14,0,0,0,2024,8,34,Monsoon,Product 034,Lighting,Cookware,2023-09-03,1333.43,1518.14,184.71,0
2024-08-19,SKU035,125,1358773.75,10870.19,0,0,0,2024,8,34,Monsoon,Product 035,Storage,Lamp,2024-09-03,1137.61,10870.19,9732.58,0
2024-08-19,SKU036,34,193358.0,5687.0,0,0,0,2024,8,34,Monsoon,Product 036,Furniture,Shelf,2022-03-12,5430.12,5687.0,256.88,0
2024-08-19,SKU037,134,368154.28,2747.42,0,0,0,2024,8,34,Monsoon,Product 037,Home Decor,Cabinet,2024-08-02,3901.0,2747.42,-1153.58,1
2024-08-19,SKU038,42,165862.2,3949.1,0,0,0,2024,8,34,Monsoon,Product 038,Kitchen,Rug,2024-06-29,4630.58,3949.1,-681.48,1
2024-08-19,SKU039,29,206449.55,7118.95,0,0,0,2024,8,34,Monsoon,Product 039,Lighting,Organizer,2022-11-01,6178.74,7118.95,940.21,0
2024-08-19,SKU040,110,269561.6,2450.56,0,0,0,2024,8,34,Monsoon,Product 040,Storage,Sofa,2023-11-26,5169.07,2450.56,-2718.51,1
2024-08-19,SKU041,67,692560.91,10336.73,0,0,0,2024,8,34,Monsoon,Product 041,Furniture,Chair,2022-07-01,4540.24,10336.73,5796.49,0
2024-08-19,SKU042,126,1159052.58,9198.83,0,0,0,2024,8,34,Monsoon,Product 042,Home Decor,Table,2024-04-13,4583.86,9198.83,4614.97,0
2024-08-19,SKU043,123,1075729.71,8745.77,0,0,0,2024,8,34,Monsoon,Product 043,Kitchen,Cushion,2024-02-10,2605.61,8745.77,6140.16,0
2024-08-19,SKU044,55,297675.4,5412.28,0,0,0,2024,8,34,Monsoon,Product 044,Lighting,Cookware,2023-01-25,488.84,5412.28,4923.44,0
2024-08-19,SKU045,130,997981.4,7676.78,0,0,0,2024,8,34,Monsoon,Product 045,Storage,Lamp,2022-03-16,3634.56,7676.78,4042.22,0
2024-08-19,SKU046,60,430532.4,7175.54,0,0,0,2024,8,34,Monsoon,Product 046,Furniture,Shelf,2024-12-03,1913.03,7175.54,5262.51,0
2024-08-19,SKU047,101,801760.22,7938.22,0,0,0,2024,8,34,Monsoon,Product 047,Home Decor,Cabinet,2023-05-06,3416.1,7938.22,4522.12,0
2024-08-19,SKU048,59,81393.45,1379.55,0,0,0,2024,8,34,Monsoon,Product 048,Kitchen,Rug,2024-09-09,6863.87,1379.55,-5484.32,1
2024-08-19,SKU049,138,720825.06,5223.37,0,0,0,2024,8,34,Monsoon,Product 049,Lighting,Organizer,2024-01-16,2063.03,5223.37,3160.34,0
2024-08-19,SKU050,29,25598.88,882.72,0,0,0,2024,8,34,Monsoon,Product 050,Storage,Sofa,2024-05-06,701.85,882.72,180.87,0
2024-08-26,SKU001,92,337092.6,3664.05,1,1,0,2024,8,35,Monsoon,Product 001,Furniture,Chair,2022-04-09,1758.45,3664.05,1905.6,0
2024-08-26,SKU002,69,262592.61,3805.69,1,1,0,2024,8,35,Monsoon,Product 002,Home Decor,Table,2024-05-01,3867.09,3805.69,-61.4,1
2024-08-26,SKU003,40,323129.2,8078.23,1,1,0,2024,8,35,Monsoon,Product 003,Kitchen,Cushion,2023-12-22,589.48,8078.23,7488.75,0
2024-08-26,SKU004,22,150954.54,6861.57,1,1,0,2024,8,35,Monsoon,Product 004,Lighting,Cookware,2023-04-28,1445.74,6861.57,5415.83,0
2024-08-26,SKU005,122,1158172.84,9493.22,1,1,0,2024,8,35,Monsoon,Product 005,Storage,Lamp,2023-04-22,5543.63,9493.22,3949.59,0
2024-08-26,SKU006,55,445832.2,8106.04,1,1,0,2024,8,35,Monsoon,Product 006,Furniture,Shelf,2024-08-02,6021.91,8106.04,2084.13,0
2024-08-26,SKU007,151,772227.59,5114.09,1,1,0,2024,8,35,Monsoon,Product 007,Home Decor,Cabinet,2022-04-05,7748.2,5114.09,-2634.11,1
2024-08-26,SKU008,107,1053162.48,9842.64,1,1,0,2024,8,35,Monsoon,Product 008,Kitchen,Rug,2024-02-07,2775.15,9842.64,7067.49,0
2024-08-26,SKU009,58,135539.62,2336.89,1,1,0,2024,8,35,Monsoon,Product 009,Lighting,Organizer,2022-08-10,3121.06,2336.89,-784.17,1
2024-08-26,SKU010,96,63692.16,663.46,1,1,0,2024,8,35,Monsoon,Product 010,Storage,Sofa,2022-04-14,3889.06,663.46,-3225.6,1
2024-08-26,SKU011,17,24557.52,1444.56,1,1,0,2024,8,35,Monsoon,Product 011,Furniture,Chair,2023-08-03,1718.4,1444.56,-273.84,1
2024-08-26,SKU012,176,1545169.12,8779.37,1,1,0,2024,8,35,Monsoon,Product 012,Home Decor,Table,2024-12-09,1256.89,8779.37,7522.48,0
2024-08-26,SKU013,86,495169.08,5757.78,1,1,0,2024,8,35,Monsoon,Product 013,Kitchen,Cushion,2024-03-20,3936.71,5757.78,1821.07,0
2024-08-26,SKU014,135,306551.25,2270.75,1,1,0,2024,8,35,Monsoon,Product 014,Lighting,Cookware,2024-04-17,2008.55,2270.75,262.2,0
2024-08-26,SKU015,28,173939.36,6212.12,1,1,0,2024,8,35,Monsoon,Product 015,Storage,Lamp,2024-02-29,5441.06,6212.12,771.06,0
2024-08-26,SKU016,98,212348.36,2166.82,1,1,0,2024,8,35,Monsoon,Product 016,Furniture,Shelf,2024-05-14,3637.93,2166.82,-1471.11,1
2024-08-26,SKU017,85,720572.2,8477.32,1,1,0,2024,8,35,Monsoon,Product 017,Home Decor,Cabinet,2023-07-19,6703.26,8477.32,1774.06,0
2024-08-26,SKU018,171,953395.11,5575.41,1,1,0,2024,8,35,Monsoon,Product 018,Kitchen,Rug,2022-05-21,5677.05,5575.41,-101.64,1
2024-08-26,SKU019,102,491624.7,4819.85,1,1,0,2024,8,35,Monsoon,Product 019,Lighting,Organizer,2024-07-12,2670.84,4819.85,2149.01,0
2024-08-26,SKU020,102,397549.08,3897.54,1,1,0,2024,8,35,Monsoon,Product 020,Storage,Sofa,2023-05-11,6700.01,3897.54,-2802.47,1
2024-08-26,SKU021,53,408697.84,7711.28,1,1,0,2024,8,35,Monsoon,Product 021,Furniture,Chair,2023-07-05,6486.92,7711.28,1224.36,0
2024-08-26,SKU022,66,303403.98,4597.03,1,1,0,2024,8,35,Monsoon,Product 022,Home Decor,Table,2023-02-12,3252.96,4597.03,1344.07,0
2024-08-26,SKU023,85,120422.9,1416.74,1,1,0,2024,8,35,Monsoon,Product 023,Kitchen,Cushion,2022-07-20,2484.54,1416.74,-1067.8,1
2024-08-26,SKU024,88,155660.56,1768.87,1,1,0,2024,8,35,Monsoon,Product 024,Lighting,Cookware,2024-10-16,5539.34,1768.87,-3770.47,1
2024-08-26,SKU025,26,300508.26,11558.01,1,1,0,2024,8,35,Monsoon,Product 025,Storage,Lamp,2024-05-09,1333.08,11558.01,10224.93,0
2024-08-26,SKU026,129,1411200.66,10939.54,1,1,0,2024,8,35,Monsoon,Product 026,Furniture,Shelf,2023-12-10,1799.29,10939.54,9140.25,0
2024-08-26,SKU027,154,1311556.4,8516.6,1,1,0,2024,8,35,Monsoon,Product 027,Home Decor,Cabinet,2023-03-19,307.06,8516.6,8209.54,0
2024-08-26,SKU028,31,108006.79,3484.09,1,1,0,2024,8,35,Monsoon,Product 028,Kitchen,Rug,2024-06-24,6348.66,3484.09,-2864.57,1
2024-08-26,SKU029,99,1152602.55,11642.45,1,1,0,2024,8,35,Monsoon,Product 029,Lighting,Organizer,2023-08-23,5402.59,11642.45,6239.86,0
2024-08-26,SKU030,39,367906.89,9433.51,1,1,0,2024,8,35,Monsoon,Product 030,Storage,Sofa,2023-05-03,5715.03,9433.51,3718.48,0
2024-08-26,SKU031,124,1080775.32,8715.93,1,1,0,2024,8,35,Monsoon,Product 031,Furniture,Chair,2023-05-11,6300.65,8715.93,2415.28,0
2024-08-26,SKU032,50,280629.5,5612.59,1,1,0,2024,8,35,Monsoon,Product 032,Home Decor,Table,2022-09-07,3806.6,5612.59,1805.99,0
2024-08-26,SKU033,107,380706.0,3558.0,1,1,0,2024,8,35,Monsoon,Product 033,Kitchen,Cushion,2022-04-12,4657.74,3558.0,-1099.74,1
2024-08-26,SKU034,115,174586.1,1518.14,1,1,0,2024,8,35,Monsoon,Product 034,Lighting,Cookware,2023-09-03,1333.43,1518.14,184.71,0
2024-08-26,SKU035,135,1467475.65,10870.19,1,1,0,2024,8,35,Monsoon,Product 035,Storage,Lamp,2024-09-03,1137.61,10870.19,9732.58,0
2024-08-26,SKU036,28,159236.0,5687.0,1,1,0,2024,8,35,Monsoon,Product 036,Furniture,Shelf,2022-03-12,5430.12,5687.0,256.88,0
2024-08-26,SKU037,156,428597.52,2747.42,1,1,0,2024,8,35,Monsoon,Product 037,Home Decor,Cabinet,2024-08-02,3901.0,2747.42,-1153.58,1
2024-08-26,SKU038,48,189556.8,3949.1,1,1,0,2024,8,35,Monsoon,Product 038,Kitchen,Rug,2024-06-29,4630.58,3949.1,-681.48,1
2024-08-26,SKU039,16,113903.2,7118.95,1,1,0,2024,8,35,Monsoon,Product 039,Lighting,Organizer,2022-11-01,6178.74,7118.95,940.21,0
2024-08-26,SKU040,85,208297.6,2450.56,1,1,0,2024,8,35,Monsoon,Product 040,Storage,Sofa,2023-11-26,5169.07,2450.56,-2718.51,1
2024-08-26,SKU041,77,795928.21,10336.73,1,1,0,2024,8,35,Monsoon,Product 041,Furniture,Chair,2022-07-01,4540.24,10336.73,5796.49,0
2024-08-26,SKU042,147,1352228.01,9198.83,1,1,0,2024,8,35,Monsoon,Product 042,Home Decor,Table,2024-04-13,4583.86,9198.83,4614.97,0
2024-08-26,SKU043,140,1224407.8,8745.77,1,1,0,2024,8,35,Monsoon,Product 043,Kitchen,Cushion,2024-02-10,2605.61,8745.77,6140.16,0
2024-08-26,SKU044,70,378859.6,5412.28,1,1,0,2024,8,35,Monsoon,Product 044,Lighting,Cookware,2023-01-25,488.84,5412.28,4923.44,0
2024-08-26,SKU045,158,1212931.24,7676.78,1,1,0,2024,8,35,Monsoon,Product 045,Storage,Lamp,2022-03-16,3634.56,7676.78,4042.22,0
2024-08-26,SKU046,55,394654.7,7175.54,1,1,0,2024,8,35,Monsoon,Product 046,Furniture,Shelf,2024-12-03,1913.03,7175.54,5262.51,0
2024-08-26,SKU047,110,873204.2,7938.22,1,1,0,2024,8,35,Monsoon,Product 047,Home Decor,Cabinet,2023-05-06,3416.1,7938.22,4522.12,0
2024-08-26,SKU048,65,89670.75,1379.55,1,1,0,2024,8,35,Monsoon,Product 048,Kitchen,Rug,2024-09-09,6863.87,1379.55,-5484.32,1
2024-08-26,SKU049,156,814845.72,5223.37,1,1,0,2024,8,35,Monsoon,Product 049,Lighting,Organizer,2024-01-16,2063.03,5223.37,3160.34,0
2024-08-26,SKU050,37,32660.64,882.72,1,1,0,2024,8,35,Monsoon,Product 050,Storage,Sofa,2024-05-06,701.85,882.72,180.87,0
2024-09-02,SKU001,96,351748.8,3664.05,2,2,0,2024,9,36,Monsoon,Product 001,Furniture,Chair,2022-04-09,1758.45,3664.05,1905.6,0
2024-09-02,SKU002,56,213118.64,3805.69,2,2,0,2024,9,36,Monsoon,Product 002,Home Decor,Table,2024-05-01,3867.09,3805.69,-61.4,1
2024-09-02,SKU003,38,306972.74,8078.23,2,2,0,2024,9,36,Monsoon,Product 003,Kitchen,Cushion,2023-12-22,589.48,8078.23,7488.75,0
2024-09-02,SKU004,30,205847.1,6861.57,2,2,0,2024,9,36,Monsoon,Product 004,Lighting,Cookware,2023-04-28,1445.74,6861.57,5415.83,0
2024-09-02,SKU005,113,1072733.86,9493.22,2,2,0,2024,9,36,Monsoon,Product 005,Storage,Lamp,2023-04-22,5543.63,9493.22,3949.59,0
2024-09-02,SKU006,33,267499.32,8106.04,2,2,0,2024,9,36,Monsoon,Product 006,Furniture,Shelf,2024-08-02,6021.91,8106.04,2084.13,0
2024-09-02,SKU007,157,802912.13,5114.09,2,2,0,2024,9,36,Monsoon,Product 007,Home Decor,Cabinet,2022-04-05,7748.2,5114.09,-2634.11,1
2024-09-02,SKU008,115,1131903.6,9842.64,2,2,0,2024,9,36,Monsoon,Product 008,Kitchen,Rug,2024-02-07,2775.15,9842.64,7067.49,0
2024-09-02,SKU009,58,135539.62,2336.89,2,2,0,2024,9,36,Monsoon,Product 009,Lighting,Organizer,2022-08-10,3121.06,2336.89,-784.17,1
2024-09-02,SKU010,92,61038.32,663.46,2,2,0,2024,9,36,Monsoon,Product 010,Storage,Sofa,2022-04-14,3889.06,663.46,-3225.6,1
2024-09-02,SKU011,18,26002.08,1444.56,2,2,0,2024,9,36,Monsoon,Product 011,Furniture,Chair,2023-08-03,1718.4,1444.56,-273.84,1
2024-09-02,SKU012,151,1325684.87,8779.37,2,2,0,2024,9,36,Monsoon,Product 012,Home Decor,Table,2024-12-09,1256.89,8779.37,7522.48,0
2024-09-02,SKU013,98,564262.44,5757.78,2,2,0,2024,9,36,Monsoon,Product 013,Kitchen,Cushion,2024-03-20,3936.71,5757.78,1821.07,0
2024-09-02,SKU014,146,331529.5,2270.75,2,2,0,2024,9,36,Monsoon,Product 014,Lighting,Cookware,2024-04-17,2008.55,2270.75,262.2,0
2024-09-02,SKU015,25,155303.0,6212.12,2,2,0,2024,9,36,Monsoon,Product 015,Storage,Lamp,2024-02-29,5441.06,6212.12,771.06,0
2024-09-02,SKU016,94,203681.08,2166.82,2,2,0,2024,9,36,Monsoon,Product 016,Furniture,Shelf,2024-05-14,3637.93,2166.82,-1471.11,1
2024-09-02,SKU017,98,830777.36,8477.32,2,2,0,2024,9,36,Monsoon,Product 017,Home Decor,Cabinet,2023-07-19,6703.26,8477.32,1774.06,0
2024-09-02,SKU018,158,880914.78,5575.41,2,2,0,2024,9,36,Monsoon,Product 018,Kitchen,Rug,2022-05-21,5677.05,5575.41,-101.64,1
2024-09-02,SKU019,104,501264.4,4819.85,2,2,0,2024,9,36,Monsoon,Product 019,Lighting,Organizer,2024-07-12,2670.84,4819.85,2149.01,0
2024-09-02,SKU020,84,327393.36,3897.54,2,2,0,2024,9,36,Monsoon,Product 020,Storage,Sofa,2023-05-11,6700.01,3897.54,-2802.47,1
2024-09-02,SKU021,52,400986.56,7711.28,2,2,0,2024,9,36,Monsoon,Product 021,Furniture,Chair,2023-07-05,6486.92,7711.28,1224.36,0
2024-09-02,SKU022,64,294209.92,4597.03,2,2,0,2024,9,36,Monsoon,Product 022,Home Decor,Table,2023-02-12,3252.96,4597.03,1344.07,0
2024-09-02,SKU023,88,124673.12,1416.74,2,2,0,2024,9,36,Monsoon,Product 023,Kitchen,Cushion,2022-07-20,2484.54,1416.74,-1067.8,1
2024-09-02,SKU024,84,148585.08,1768.87,2,2,0,2024,9,36,Monsoon,Product 024,Lighting,Cookware,2024-10-16,5539.34,1768.87,-3770.47,1
2024-09-02,SKU025,16,184928.16,11558.01,2,2,0,2024,9,36,Monsoon,Product 025,Storage,Lamp,2024-05-09,1333.08,11558.01,10224.93,0
2024-09-02,SKU026,146,1597172.84,10939.54,2,2,0,2024,9,36,Monsoon,Product 026,Furniture,Shelf,2023-12-10,1799.29,10939.54,9140.25,0
2024-09-02,SKU027,127,1081608.2,8516.6,2,2,0,2024,9,36,Monsoon,Product 027,Home Decor,Cabinet,2023-03-19,307.06,8516.6,8209.54,0
2024-09-02,SKU028,41,142847.69,3484.09,2,2,0,2024,9,36,Monsoon,Product 028,Kitchen,Rug,2024-06-24,6348.66,3484.09,-2864.57,1
2024-09-02,SKU029,109,1269027.05,11642.45,2,2,0,2024,9,36,Monsoon,Product 029,Lighting,Organizer,2023-08-23,5402.59,11642.45,6239.86,0
2024-09-02,SKU030,26,245271.26,9433.51,2,2,0,2024,9,36,Monsoon,Product 030,Storage,Sofa,2023-05-03,5715.03,9433.51,3718.48,0
2024-09-02,SKU031,110,958752.3,8715.93,2,2,0,2024,9,36,Monsoon,Product 031,Furniture,Chair,2023-05-11,6300.65,8715.93,2415.28,0
2024-09-02,SKU032,58,325530.22,5612.59,2,2,0,2024,9,36,Monsoon,Product 032,Home Decor,Table,2022-09-07,3806.6,5612.59,1805.99,0
2024-09-02,SKU033,109,387822.0,3558.0,2,2,0,2024,9,36,Monsoon,Product 033,Kitchen,Cushion,2022-04-12,4657.74,3558.0,-1099.74,1
2024-09-02,SKU034,110,166995.4,1518.14,2,2,0,2024,9,36,Monsoon,Product 034,Lighting,Cookware,2023-09-03,1333.43,1518.14,184.71,0
2024-09-02,SKU035,120,1304422.8,10870.19,2,2,0,2024,9,36,Monsoon,Product 035,Storage,Lamp,2024-09-03,1137.61,10870.19,9732.58,0
2024-09-02,SKU036,33,187671.0,5687.0,2,2,0,2024,9,36,Monsoon,Product 036,Furniture,Shelf,2022-03-12,5430.12,5687.0,256.88,0
2024-09-02,SKU037,155,425850.1,2747.42,2,2,0,2024,9,36,Monsoon,Product 037,Home Decor,Cabinet,2024-08-02,3901.0,2747.42,-1153.58,1
2024-09-02,SKU038,58,229047.8,3949.1,2,2,0,2024,9,36,Monsoon,Product 038,Kitchen,Rug,2024-06-29,4630.58,3949.1,-681.48,1
2024-09-02,SKU039,26,185092.7,7118.95,2,2,0,2024,9,36,Monsoon,Product 039,Lighting,Organizer,2022-11-01,6178.74,7118.95,940.21,0
2024-09-02,SKU040,94,230352.64,2450.56,2,2,0,2024,9,36,Monsoon,Product 040,Storage,Sofa,2023-11-26,5169.07,2450.56,-2718.51,1
2024-09-02,SKU041,63,651213.99,10336.73,2,2,0,2024,9,36,Monsoon,Product 041,Furniture,Chair,2022-07-01,4540.24,10336.73,5796.49,0
2024-09-02,SKU042,147,1352228.01,9198.83,2,2,0,2024,9,36,Monsoon,Product 042,Home Decor,Table,2024-04-13,4583.86,9198.83,4614.97,0
2024-09-02,SKU043,148,1294373.96,8745.77,2,2,0,2024,9,36,Monsoon,Product 043,Kitchen,Cushion,2024-02-10,2605.61,8745.77,6140.16,0
2024-09-02,SKU044,60,324736.8,5412.28,2,2,0,2024,9,36,Monsoon,Product 044,Lighting,Cookware,2023-01-25,488.84,5412.28,4923.44,0
2024-09-02,SKU045,159,1220608.02,7676.78,2,2,0,2024,9,36,Monsoon,Product 045,Storage,Lamp,2022-03-16,3634.56,7676.78,4042.22,0
2024-09-02,SKU046,60,430532.4,7175.54,2,2,0,2024,9,36,Monsoon,Product 046,Furniture,Shelf,2024-12-03,1913.03,7175.54,5262.51,0
2024-09-02,SKU047,96,762069.12,7938.22,2,2,0,2024,9,36,Monsoon,Product 047,Home Decor,Cabinet,2023-05-06,3416.1,7938.22,4522.12,0
2024-09-02,SKU048,41,56561.55,1379.55,2,2,0,2024,9,36,Monsoon,Product 048,Kitchen,Rug,2024-09-09,6863.87,1379.55,-5484.32,1
2024-09-02,SKU049,152,793952.24,5223.37,2,2,0,2024,9,36,Monsoon,Product 049,Lighting,Organizer,2024-01-16,2063.03,5223.37,3160.34,0
2024-09-02,SKU050,37,32660.64,882.72,2,2,0,2024,9,36,Monsoon,Product 050,Storage,Sofa,2024-05-06,701.85,882.72,180.87,0
2024-09-09,SKU001,89,326100.45,3664.05,2,2,0,2024,9,37,Monsoon,Product 001,Furniture,Chair,2022-04-09,1758.45,3664.05,1905.6,0
2024-09-09,SKU002,61,232147.09,3805.69,2,2,0,2024,9,37,Monsoon,Product 002,Home Decor,Table,2024-05-01,3867.09,3805.69,-61.4,1
2024-09-09,SKU003,30,242346.9,8078.23,2,2,0,2024,9,37,Monsoon,Product 003,Kitchen,Cushion,2023-12-22,589.48,8078.23,7488.75,0
2024-09-09,SKU004,34,233293.38,6861.57,2,2,0,2024,9,37,Monsoon,Product 004,Lighting,Cookware,2023-04-28,1445.74,6861.57,5415.83,0
2024-09-09,SKU005,104,987294.88,9493.22,2,2,0,2024,9,37,Monsoon,Product 005,Storage,Lamp,2023-04-22,5543.63,9493.22,3949.59,0
2024-09-09,SKU006,38,308029.52,8106.04,2,2,0,2024,9,37,Monsoon,Product 006,Furniture,Shelf,2024-08-02,6021.91,8106.04,2084.13,0
2024-09-09,SKU007,174,889851.66,5114.09,2,2,0,2024,9,37,Monsoon,Product 007,Home Decor,Cabinet,2022-04-05,7748.2,5114.09,-2634.11,1
2024-09-09,SKU008,93,915365.52,9842.64,2,2,0,2024,9,37,Monsoon,Product 008,Kitchen,Rug,2024-02-07,2775.15,9842.64,7067.49,0
2024-09-09,SKU009,56,130865.84,2336.89,2,2,0,2024,9,37,Monsoon,Product 009,Lighting,Organizer,2022-08-10,3121.06,2336.89,-784.17,1
2024-09-09,SKU010,116,76961.36,663.46,2,2,0,2024,9,37,Monsoon,Product 010,Storage,Sofa,2022-04-14,3889.06,663.46,-3225.6,1
2024-09-09,SKU011,22,31780.32,1444.56,2,2,0,2024,9,37,Monsoon,Product 011,Furniture,Chair,2023-08-03,1718.4,1444.56,-273.84,1
2024-09-09,SKU012,167,1466154.79,8779.37,2,2,0,2024,9,37,Monsoon,Product 012,Home Decor,Table,2024-12-09,1256.89,8779.37,7522.48,0
2024-09-09,SKU013,101,581535.78,5757.78,2,2,0,2024,9,37,Monsoon,Product 013,Kitchen,Cushion,2024-03-20,3936.71,5757.78,1821.07,0
2024-09-09,SKU014,145,329258.75,2270.75,2,2,0,2024,9,37,Monsoon,Product 014,Lighting,Cookware,2024-04-17,2008.55,2270.75,262.2,0
2024-09-09,SKU015,26,161515.12,6212.12,2,2,0,2024,9,37,Monsoon,Product 015,Storage,Lamp,2024-02-29,5441.06,6212.12,771.06,0
2024-09-09,SKU016,77,166845.14,2166.82,2,2,0,2024,9,37,Monsoon,Product 016,Furniture,Shelf,2024-05-14,3637.93,2166.82,-1471.11,1
2024-09-09,SKU017,88,746004.16,8477.32,2,2,0,2024,9,37,Monsoon,Product 017,Home Decor,Cabinet,2023-07-19,6703.26,8477.32,1774.06,0
2024-09-09,SKU018,158,880914.78,5575.41,2,2,0,2024,9,37,Monsoon,Product 018,Kitchen,Rug,2022-05-21,5677.05,5575.41,-101.64,1
2024-09-09,SKU019,108,520543.8,4819.85,2,2,0,2024,9,37,Monsoon,Product 019,Lighting,Organizer,2024-07-12,2670.84,4819.85,2149.01,0
2024-09-09,SKU020,69,268930.26,3897.54,2,2,0,2024,9,37,Monsoon,Product 020,Storage,Sofa,2023-05-11,6700.01,3897.54,-2802.47,1
2024-09-09,SKU021,55,424120.4,7711.28,2,2,0,2024,9,37,Monsoon,Product 021,Furniture,Chair,2023-07-05,6486.92,7711.28,1224.36,0
2024-09-09,SKU022,59,271224.77,4597.03,2,2,0,2024,9,37,Monsoon,Product 022,Home Decor,Table,2023-02-12,3252.96,4597.03,1344.07,0
2024-09-09,SKU023,87,123256.38,1416.74,2,2,0,2024,9,37,Monsoon,Product 023,Kitchen,Cushion,2022-07-20,2484.54,1416.74,-1067.8,1
2024-09-09,SKU024,83,146816.21,1768.87,2,2,0,2024,9,37,Monsoon,Product 024,Lighting,Cookware,2024-10-16,5539.34,1768.87,-3770.47,1
2024-09-09,SKU025,17,196486.17,11558.01,2,2,0,2024,9,37,Monsoon,Product 025,Storage,Lamp,2024-05-09,1333.08,11558.01,10224.93,0
2024-09-09,SKU026,143,1564354.22,10939.54,2,2,0,2024,9,37,Monsoon,Product 026,Furniture,Shelf,2023-12-10,1799.29,10939.54,9140.25,0
2024-09-09,SKU027,134,1141224.4,8516.6,2,2,0,2024,9,37,Monsoon,Product 027,Home Decor,Cabinet,2023-03-19,307.06,8516.6,8209.54,0
2024-09-09,SKU028,26,90586.34,3484.09,2,2,0,2024,9,37,Monsoon,Product 028,Kitchen,Rug,2024-06-24,6348.66,3484.09,-2864.57,1
2024-09-09,SKU029,104,1210814.8,11642.45,2,2,0,2024,9,37,Monsoon,Product 029,Lighting,Organizer,2023-08-23,5402.59,11642.45,6239.86,0
2024-09-09,SKU030,30,283005.3,9433.51,2,2,0,2024,9,37,Monsoon,Product 030,Storage,Sofa,2023-05-03,5715.03,9433.51,3718.48,0
2024-09-09,SKU031,135,1176650.55,8715.93,2,2,0,2024,9,37,Monsoon,Product 031,Furniture,Chair,2023-05-11,6300.65,8715.93,2415.28,0
2024-09-09,SKU032,60,336755.4,5612.59,2,2,0,2024,9,37,Monsoon,Product 032,Home Decor,Table,2022-09-07,3806.6,5612.59,1805.99,0
2024-09-09,SKU033,107,380706.0,3558.0,2,2,0,2024,9,37,Monsoon,Product 033,Kitchen,Cushion,2022-04-12,4657.74,3558.0,-1099.74,1
2024-09-09,SKU034,150,227721.0,1518.14,2,2,0,2024,9,37,Monsoon,Product 034,Lighting,Cookware,2023-09-03,1333.43,1518.14,184.71,0
2024-09-09,SKU035,134,1456605.46,10870.19,2,2,0,2024,9,37,Monsoon,Product 035,Storage,Lamp,2024-09-03,1137.61,10870.19,9732.58,0
2024-09-09,SKU036,30,170610.0,5687.0,2,2,0,2024,9,37,Monsoon,Product 036,Furniture,Shelf,2022-03-12,5430.12,5687.0,256.88,0
2024-09-09,SKU037,149,409365.58,2747.42,2,2,0,2024,9,37,Monsoon,Product 037,Home Decor,Cabinet,2024-08-02,3901.0,2747.42,-1153.58,1
2024-09-09,SKU038,47,185607.7,3949.1,2,2,0,2024,9,37,Monsoon,Product 038,Kitchen,Rug,2024-06-29,4630.58,3949.1,-681.48,1
2024-09-09,SKU039,22,156616.9,7118.95,2,2,0,2024,9,37,Monsoon,Product 039,Lighting,Organizer,2022-11-01,6178.74,7118.95,940.21,0
2024-09-09,SKU040,109,267111.04,2450.56,2,2,0,2024,9,37,Monsoon,Product 040,Storage,Sofa,2023-11-26,5169.07,2450.56,-2718.51,1
2024-09-09,SKU041,66,682224.18,10336.73,2,2,0,2024,9,37,Monsoon,Product 041,Furniture,Chair,2022-07-01,4540.24,10336.73,5796.49,0
2024-09-09,SKU042,126,1159052.58,9198.83,2,2,0,2024,9,37,Monsoon,Product 042,Home Decor,Table,2024-04-13,4583.86,9198.83,4614.97,0
2024-09-09,SKU043,124,1084475.48,8745.77,2,2,0,2024,9,37,Monsoon,Product 043,Kitchen,Cushion,2024-02-10,2605.61,8745.77,6140.16,0
2024-09-09,SKU044,63,340973.64,5412.28,2,2,0,2024,9,37,Monsoon,Product 044,Lighting,Cookware,2023-01-25,488.84,5412.28,4923.44,0
2024-09-09,SKU045,154,1182224.12,7676.78,2,2,0,2024,9,37,Monsoon,Product 045,Storage,Lamp,2022-03-16,3634.56,7676.78,4042.22,0
2024-09-09,SKU046,56,401830.24,7175.54,2,2,0,2024,9,37,Monsoon,Product 046,Furniture,Shelf,2024-12-03,1913.03,7175.54,5262.51,0
2024-09-09,SKU047,75,595366.5,7938.22,2,2,0,2024,9,37,Monsoon,Product 047,Home Decor,Cabinet,2023-05-06,3416.1,7938.22,4522.12,0
2024-09-09,SKU048,63,86911.65,1379.55,2,2,0,2024,9,37,Monsoon,Product 048,Kitchen,Rug,2024-09-09,6863.87,1379.55,-5484.32,1
2024-09-09,SKU049,164,856632.68,5223.37,2,2,0,2024,9,37,Monsoon,Product 049,Lighting,Organizer,2024-01-16,2063.03,5223.37,3160.34,0
2024-09-09,SKU050,52,45901.44,882.72,2,2,0,2024,9,37,Monsoon,Product 050,Storage,Sofa,2024-05-06,701.85,882.72,180.87,0
2024-09-16,SKU001,104,381061.2,3664.05,2,2,0,2024,9,38,Monsoon,Product 001,Furniture,Chair,2022-04-09,1758.45,3664.05,1905.6,0
2024-09-16,SKU002,59,224535.71,3805.69,2,2,0,2024,9,38,Monsoon,Product 002,Home Decor,Table,2024-05-01,3867.09,3805.69,-61.4,1
2024-09-16,SKU003,41,331207.43,8078.23,2,2,0,2024,9,38,Monsoon,Product 003,Kitchen,Cushion,2023-12-22,589.48,8078.23,7488.75,0
2024-09-16,SKU004,29,198985.53,6861.57,2,2,0,2024,9,38,Monsoon,Product 004,Lighting,Cookware,2023-04-28,1445.74,6861.57,5415.83,0
2024-09-16,SKU005,95,901855.9,9493.22,2,2,0,2024,9,38,Monsoon,Product 005,Storage,Lamp,2023-04-22,5543.63,9493.22,3949.59,0
2024-09-16,SKU006,42,340453.68,8106.04,2,2,0,2024,9,38,Monsoon,Product 006,Furniture,Shelf,2024-08-02,6021.91,8106.04,2084.13,0
2024-09-16,SKU007,151,772227.59,5114.09,2,2,0,2024,9,38,Monsoon,Product 007,Home Decor,Cabinet,2022-04-05,7748.2,5114.09,-2634.11,1
2024-09-16,SKU008,101,994106.64,9842.64,2,2,0,2024,9,38,Monsoon,Product 008,Kitchen,Rug,2024-02-07,2775.15,9842.64,7067.49,0
2024-09-16,SKU009,58,135539.62,2336.89,2,2,0,2024,9,38,Monsoon,Product 009,Lighting,Organizer,2022-08-10,3121.06,2336.89,-784.17,1
2024-09-16,SKU010,115,76297.9,663.46,2,2,0,2024,9,38,Monsoon,Product 010,Storage,Sofa,2022-04-14,3889.06,663.46,-3225.6,1
2024-09-16,SKU011,15,21668.4,1444.56,2,2,0,2024,9,38,Monsoon,Product 011,Furniture,Chair,2023-08-03,1718.4,1444.56,-273.84,1
2024-09-16,SKU012,163,1431037.31,8779.37,2,2,0,2024,9,38,Monsoon,Product 012,Home Decor,Table,2024-12-09,1256.89,8779.37,7522.48,0
2024-09-16,SKU013,84,483653.52,5757.78,2,2,0,2024,9,38,Monsoon,Product 013,Kitchen,Cushion,2024-03-20,3936.71,5757.78,1821.07,0
2024-09-16,SKU014,137,311092.75,2270.75,2,2,0,2024,9,38,Monsoon,Product 014,Lighting,Cookware,2024-04-17,2008.55,2270.75,262.2,0
2024-09-16,SKU015,21,130454.52,6212.12,2,2,0,2024,9,38,Monsoon,Product 015,Storage,Lamp,2024-02-29,5441.06,6212.12,771.06,0
2024-09-16,SKU016,90,195013.8,2166.82,2,2,0,2024,9,38,Monsoon,Product 016,Furniture,Shelf,2024-05-14,3637.93,2166.82,-1471.11,1
2024-09-16,SKU017,88,746004.16,8477.32,2,2,0,2024,9,38,Monsoon,Product 017,Home Decor,Cabinet,2023-07-19,6703.26,8477.32,1774.06,0
2024-09-16,SKU018,163,908791.83,5575.41,2,2,0,2024,9,38,Monsoon,Product 018,Kitchen,Rug,2022-05-21,5677.05,5575.41,-101.64,1
2024-09-16,SKU019,80,385588.0,4819.85,2,2,0,2024,9,38,Monsoon,Product 019,Lighting,Organizer,2024-07-12,2670.84,4819.85,2149.01,0
2024-09-16,SKU020,83,323495.82,3897.54,2,2,0,2024,9,38,Monsoon,Product 020,Storage,Sofa,2023-05-11,6700.01,3897.54,-2802.47,1
2024-09-16,SKU021,48,370141.44,7711.28,2,2,0,2024,9,38,Monsoon,Product 021,Furniture,Chair,2023-07-05,6486.92,7711.28,1224.36,0
2024-09-16,SKU022,66,303403.98,4597.03,2,2,0,2024,9,38,Monsoon,Product 022,Home Decor,Table,2023-02-12,3252.96,4597.03,1344.07,0
2024-09-16,SKU023,85,120422.9,1416.74,2,2,0,2024,9,38,Monsoon,Product 023,Kitchen,Cushion,2022-07-20,2484.54,1416.74,-1067.8,1
2024-09-16,SKU024,72,127358.64,1768.87,2,2,0,2024,9,38,Monsoon,Product 024,Lighting,Cookware,2024-10-16,5539.34,1768.87,-3770.47,1
2024-09-16,SKU025,15,173370.15,11558.01,2,2,0,2024,9,38,Monsoon,Product 025,Storage,Lamp,2024-05-09,1333.08,11558.01,10224.93,0
2024-09-16,SKU026,120,1312744.8,10939.54,2,2,0,2024,9,38,Monsoon,Product 026,Furniture,Shelf,2023-12-10,1799.29,10939.54,9140.25,0
2024-09-16,SKU027,143,1217873.8,8516.6,2,2,0,2024,9,38,Monsoon,Product 027,Home Decor,Cabinet,2023-03-19,307.06,8516.6,8209.54,0
2024-09-16,SKU028,44,153299.96,3484.09,2,2,0,2024,9,38,Monsoon,Product 028,Kitchen,Rug,2024-06-24,6348.66,3484.09,-2864.57,1
2024-09-16,SKU029,93,1082747.85,11642.45,2,2,0,2024,9,38,Monsoon,Product 029,Lighting,Organizer,2023-08-23,5402.59,11642.45,6239.86,0
2024-09-16,SKU030,32,301872.32,9433.51,2,2,0,2024,9,38,Monsoon,Product 030,Storage,Sofa,2023-05-03,5715.03,9433.51,3718.48,0
2024-09-16,SKU031,123,1072059.39,8715.93,2,2,0,2024,9,38,Monsoon,Product 031,Furniture,Chair,2023-05-11,6300.65,8715.93,2415.28,0
2024-09-16,SKU032,69,387268.71,5612.59,2,2,0,2024,9,38,Monsoon,Product 032,Home Decor,Table,2022-09-07,3806.6,5612.59,1805.99,0
2024-09-16,SKU033,88,313104.0,3558.0,2,2,0,2024,9,38,Monsoon,Product 033,Kitchen,Cushion,2022-04-12,4657.74,3558.0,-1099.74,1
2024-09-16,SKU034,153,232275.42,1518.14,2,2,0,2024,9,38,Monsoon,Product 034,Lighting,Cookware,2023-09-03,1333.43,1518.14,184.71,0
2024-09-16,SKU035,133,1445735.27,10870.19,2,2,0,2024,9,38,Monsoon,Product 035,Storage,Lamp,2024-09-03,1137.61,10870.19,9732.58,0
2024-09-16,SKU036,28,159236.0,5687.0,2,2,0,2024,9,38,Monsoon,Product 036,Furniture,Shelf,2022-03-12,5430.12,5687.0,256.88,0
2024-09-16,SKU037,163,447829.46,2747.42,2,2,0,2024,9,38,Monsoon,Product 037,Home Decor,Cabinet,2024-08-02,3901.0,2747.42,-1153.58,1
2024-09-16,SKU038,43,169811.3,3949.1,2,2,0,2024,9,38,Monsoon,Product 038,Kitchen,Rug,2024-06-29,4630.58,3949.1,-681.48,1
2024-09-16,SKU039,22,156616.9,7118.95,2,2,0,2024,9,38,Monsoon,Product 039,Lighting,Organizer,2022-11-01,6178.74,7118.95,940.21,0
2024-09-16,SKU040,89,218099.84,2450.56,2,2,0,2024,9,38,Monsoon,Product 040,Storage,Sofa,2023-11-26,5169.07,2450.56,-2718.51,1
2024-09-16,SKU041,74,764918.02,10336.73,2,2,0,2024,9,38,Monsoon,Product 041,Furniture,Chair,2022-07-01,4540.24,10336.73,5796.49,0
2024-09-16,SKU042,147,1352228.01,9198.83,2,2,0,2024,9,38,Monsoon,Product 042,Home Decor,Table,2024-04-13,4583.86,9198.83,4614.97,0
2024-09-16,SKU043,136,1189424.72,8745.77,2,2,0,2024,9,38,Monsoon,Product 043,Kitchen,Cushion,2024-02-10,2605.61,8745.77,6140.16,0
2024-09-16,SKU044,56,303087.68,5412.28,2,2,0,2024,9,38,Monsoon,Product 044,Lighting,Cookware,2023-01-25,488.84,5412.28,4923.44,0
2024-09-16,SKU045,152,1166870.56,7676.78,2,2,0,2024,9,38,Monsoon,Product 045,Storage,Lamp,2022-03-16,3634.56,7676.78,4042.22,0
2024-09-16,SKU046,54,387479.16,7175.54,2,2,0,2024,9,38,Monsoon,Product 046,Furniture,Shelf,2024-12-03,1913.03,7175.54,5262.51,0
2024-09-16,SKU047,94,746192.68,7938.22,2,2,0,2024,9,38,Monsoon,Product 047,Home Decor,Cabinet,2023-05-06,3416.1,7938.22,4522.12,0
2024-09-16,SKU048,56,77254.8,1379.55,2,2,0,2024,9,38,Monsoon,Product 048,Kitchen,Rug,2024-09-09,6863.87,1379.55,-5484.32,1
2024-09-16,SKU049,150,783505.5,5223.37,2,2,0,2024,9,38,Monsoon,Product 049,Lighting,Organizer,2024-01-16,2063.03,5223.37,3160.34,0
2024-09-16,SKU050,27,23833.44,882.72,2,2,0,2024,9,38,Monsoon,Product 050,Storage,Sofa,2024-05-06,701.85,882.72,180.87,0
2024-09-23,SKU001,109,399381.45,3664.05,2,2,0,2024,9,39,Monsoon,Product 001,Furniture,Chair,2022-04-09,1758.45,3664.05,1905.6,0
2024-09-23,SKU002,63,239758.47,3805.69,2,2,0,2024,9,39,Monsoon,Product 002,Home Decor,Table,2024-05-01,3867.09,3805.69,-61.4,1
2024-09-23,SKU003,32,258503.36,8078.23,2,2,0,2024,9,39,Monsoon,Product 003,Kitchen,Cushion,2023-12-22,589.48,8078.23,7488.75,0
2024-09-23,SKU004,26,178400.82,6861.57,2,2,0,2024,9,39,Monsoon,Product 004,Lighting,Cookware,2023-04-28,1445.74,6861.57,5415.83,0
2024-09-23,SKU005,108,1025267.76,9493.22,2,2,0,2024,9,39,Monsoon,Product 005,Storage,Lamp,2023-04-22,5543.63,9493.22,3949.59,0
2024-09-23,SKU006,40,324241.6,8106.04,2,2,0,2024,9,39,Monsoon,Product 006,Furniture,Shelf,2024-08-02,6021.91,8106.04,2084.13,0
2024-09-23,SKU007,170,869395.3,5114.09,2,2,0,2024,9,39,Monsoon,Product 007,Home Decor,Cabinet,2022-04-05,7748.2,5114.09,-2634.11,1
2024-09-23,SKU008,107,1053162.48,9842.64,2,2,0,2024,9,39,Monsoon,Product 008,Kitchen,Rug,2024-02-07,2775.15,9842.64,7067.49,0
2024-09-23,SKU009,67,156571.63,2336.89,2,2,0,2024,9,39,Monsoon,Product 009,Lighting,Organizer,2022-08-10,3121.06,2336.89,-784.17,1
2024-09-23,SKU010,128,84922.88,663.46,2,2,0,2024,9,39,Monsoon,Product 010,Storage,Sofa,2022-04-14,3889.06,663.46,-3225.6,1
2024-09-23,SKU011,18,26002.08,1444.56,2,2,0,2024,9,39,Monsoon,Product 011,Furniture,Chair,2023-08-03,1718.4,1444.56,-273.84,1
2024-09-23,SKU012,174,1527610.38,8779.37,2,2,0,2024,9,39,Monsoon,Product 012,Home Decor,Table,2024-12-09,1256.89,8779.37,7522.48,0
2024-09-23,SKU013,99,570020.22,5757.78,2,2,0,2024,9,39,Monsoon,Product 013,Kitchen,Cushion,2024-03-20,3936.71,5757.78,1821.07,0
2024-09-23,SKU014,151,342883.25,2270.75,2,2,0,2024,9,39,Monsoon,Product 014,Lighting,Cookware,2024-04-17,2008.55,2270.75,262.2,0
2024-09-23,SKU015,20,124242.4,6212.12,2,2,0,2024,9,39,Monsoon,Product 015,Storage,Lamp,2024-02-29,5441.06,6212.12,771.06,0
2024-09-23,SKU016,89,192846.98,2166.82,2,2,0,2024,9,39,Monsoon,Product 016,Furniture,Shelf,2024-05-14,3637.93,2166.82,-1471.11,1
2024-09-23,SKU017,101,856209.32,8477.32,2,2,0,2024,9,39,Monsoon,Product 017,Home Decor,Cabinet,2023-07-19,6703.26,8477.32,1774.06,0
2024-09-23,SKU018,169,942244.29,5575.41,2,2,0,2024,9,39,Monsoon,Product 018,Kitchen,Rug,2022-05-21,5677.05,5575.41,-101.64,1
2024-09-23,SKU019,97,467525.45,4819.85,2,2,0,2024,9,39,Monsoon,Product 019,Lighting,Organizer,2024-07-12,2670.84,4819.85,2149.01,0
2024-09-23,SKU020,80,311803.2,3897.54,2,2,0,2024,9,39,Monsoon,Product 020,Storage,Sofa,2023-05-11,6700.01,3897.54,-2802.47,1
2024-09-23,SKU021,61,470388.08,7711.28,2,2,0,2024,9,39,Monsoon,Product 021,Furniture,Chair,2023-07-05,6486.92,7711.28,1224.36,0
2024-09-23,SKU022,72,330986.16,4597.03,2,2,0,2024,9,39,Monsoon,Product 022,Home Decor,Table,2023-02-12,3252.96,4597.03,1344.07,0
2024-09-23,SKU023,89,126089.86,1416.74,2,2,0,2024,9,39,Monsoon,Product 023,Kitchen,Cushion,2022-07-20,2484.54,1416.74,-1067.8,1
2024-09-23,SKU024,85,150353.95,1768.87,2,2,0,2024,9,39,Monsoon,Product 024,Lighting,Cookware,2024-10-16,5539.34,1768.87,-3770.47,1
2024-09-23,SKU025,12,138696.12,11558.01,2,2,0,2024,9,39,Monsoon,Product 025,Storage,Lamp,2024-05-09,1333.08,11558.01,10224.93,0
2024-09-23,SKU026,129,1411200.66,10939.54,2,2,0,2024,9,39,Monsoon,Product 026,Furniture,Shelf,2023-12-10,1799.29,10939.54,9140.25,0
2024-09-23,SKU027,156,1328589.6,8516.6,2,2,0,2024,9,39,Monsoon,Product 027,Home Decor,Cabinet,2023-03-19,307.06,8516.6,8209.54,0
2024-09-23,SKU028,25,87102.25,3484.09,2,2,0,2024,9,39,Monsoon,Product 028,Kitchen,Rug,2024-06-24,6348.66,3484.09,-2864.57,1
2024-09-23,SKU029,93,1082747.85,11642.45,2,2,0,2024,9,39,Monsoon,Product 029,Lighting,Organizer,2023-08-23,5402.59,11642.45,6239.86,0
2024-09-23,SKU030,37,349039.87,9433.51,2,2,0,2024,9,39,Monsoon,Product 030,Storage,Sofa,2023-05-03,5715.03,9433.51,3718.48,0
2024-09-23,SKU031,116,1011047.88,8715.93,2,2,0,2024,9,39,Monsoon,Product 031,Furniture,Chair,2023-05-11,6300.65,8715.93,2415.28,0
2024-09-23,SKU032,43,241341.37,5612.59,2,2,0,2024,9,39,Monsoon,Product 032,Home Decor,Table,2022-09-07,3806.6,5612.59,1805.99,0
2024-09-23,SKU033,106,377148.0,3558.0,2,2,0,2024,9,39,Monsoon,Product 033,Kitchen,Cushion,2022-04-12,4657.74,3558.0,-1099.74,1
2024-09-23,SKU034,111,168513.54,1518.14,2,2,0,2024,9,39,Monsoon,Product 034,Lighting,Cookware,2023-09-03,1333.43,1518.14,184.71,0
2024-09-23,SKU035,130,1413124.7,10870.19,2,2,0,2024,9,39,Monsoon,Product 035,Storage,Lamp,2024-09-03,1137.61,10870.19,9732.58,0
2024-09-23,SKU036,32,181984.0,5687.0,2,2,0,2024,9,39,Monsoon,Product 036,Furniture,Shelf,2022-03-12,5430.12,5687.0,256.88,0
2024-09-23,SKU037,132,362659.44,2747.42,2,2,0,2024,9,39,Monsoon,Product 037,Home Decor,Cabinet,2024-08-02,3901.0,2747.42,-1153.58,1
2024-09-23,SKU038,37,146116.7,3949.1,2,2,0,2024,9,39,Monsoon,Product 038,Kitchen,Rug,2024-06-29,4630.58,3949.1,-681.48,1
2024-09-23,SKU039,24,170854.8,7118.95,2,2,0,2024,9,39,Monsoon,Product 039,Lighting,Organizer,2022-11-01,6178.74,7118.95,940.21,0
2024-09-23,SKU040,84,205847.04,2450.56,2,2,0,2024,9,39,Monsoon,Product 040,Storage,Sofa,2023-11-26,5169.07,2450.56,-2718.51,1
2024-09-23,SKU041,62,640877.26,10336.73,2,2,0,2024,9,39,Monsoon,Product 041,Furniture,Chair,2022-07-01,4540.24,10336.73,5796.49,0
2024-09-23,SKU042,133,1223444.39,9198.83,2,2,0,2024,9,39,Monsoon,Product 042,Home Decor,Table,2024-04-13,4583.86,9198.83,4614.97,0
2024-09-23,SKU043,140,1224407.8,8745.77,2,2,0,2024,9,39,Monsoon,Product 043,Kitchen,Cushion,2024-02-10,2605.61,8745.77,6140.16,0
2024-09-23,SKU044,68,368035.04,5412.28,2,2,0,2024,9,39,Monsoon,Product 044,Lighting,Cookware,2023-01-25,488.84,5412.28,4923.44,0
2024-09-23,SKU045,178,1366466.84,7676.78,2,2,0,2024,9,39,Monsoon,Product 045,Storage,Lamp,2022-03-16,3634.56,7676.78,4042.22,0
2024-09-23,SKU046,56,401830.24,7175.54,2,2,0,2024,9,39,Monsoon,Product 046,Furniture,Shelf,2024-12-03,1913.03,7175.54,5262.51,0
2024-09-23,SKU047,115,912895.3,7938.22,2,2,0,2024,9,39,Monsoon,Product 047,Home Decor,Cabinet,2023-05-06,3416.1,7938.22,4522.12,0
2024-09-23,SKU048,48,66218.4,1379.55,2,2,0,2024,9,39,Monsoon,Product 048,Kitchen,Rug,2024-09-09,6863.87,1379.55,-5484.32,1
2024-09-23,SKU049,178,929759.86,5223.37,2,2,0,2024,9,39,Monsoon,Product 049,Lighting,Organizer,2024-01-16,2063.03,5223.37,3160.34,0
2024-09-23,SKU050,25,22068.0,882.72,2,2,0,2024,9,39,Monsoon,Product 050,Storage,Sofa,2024-05-06,701.85,882.72,180.87,0
2024-09-30,SKU001,71,260147.55,3664.05,0,0,0,2024,9,40,Autumn,Product 001,Furniture,Chair,2022-04-09,1758.45,3664.05,1905.6,0
2024-09-30,SKU002,51,194090.19,3805.69,0,0,0,2024,9,40,Autumn,Product 002,Home Decor,Table,2024-05-01,3867.09,3805.69,-61.4,1
2024-09-30,SKU003,32,258503.36,8078.23,0,0,0,2024,9,40,Autumn,Product 003,Kitchen,Cushion,2023-12-22,589.48,8078.23,7488.75,0
2024-09-30,SKU004,26,178400.82,6861.57,0,0,0,2024,9,40,Autumn,Product 004,Lighting,Cookware,2023-04-28,1445.74,6861.57,5415.83,0
2024-09-30,SKU005,86,816416.92,9493.22,0,0,0,2024,9,40,Autumn,Product 005,Storage,Lamp,2023-04-22,5543.63,9493.22,3949.59,0
2024-09-30,SKU006,47,380983.88,8106.04,0,0,0,2024,9,40,Autumn,Product 006,Furniture,Shelf,2024-08-02,6021.91,8106.04,2084.13,0
2024-09-30,SKU007,130,664831.7,5114.09,0,0,0,2024,9,40,Autumn,Product 007,Home Decor,Cabinet,2022-04-05,7748.2,5114.09,-2634.11,1
2024-09-30,SKU008,89,875994.96,9842.64,0,0,0,2024,9,40,Autumn,Product 008,Kitchen,Rug,2024-02-07,2775.15,9842.64,7067.49,0
2024-09-30,SKU009,42,98149.38,2336.89,0,0,0,2024,9,40,Autumn,Product 009,Lighting,Organizer,2022-08-10,3121.06,2336.89,-784.17,1
2024-09-30,SKU010,122,80942.12,663.46,0,0,0,2024,9,40,Autumn,Product 010,Storage,Sofa,2022-04-14,3889.06,663.46,-3225.6,1
2024-09-30,SKU011,11,15890.16,1444.56,0,0,0,2024,9,40,Autumn,Product 011,Furniture,Chair,2023-08-03,1718.4,1444.56,-273.84,1
2024-09-30,SKU012,144,1264229.28,8779.37,0,0,0,2024,9,40,Autumn,Product 012,Home Decor,Table,2024-12-09,1256.89,8779.37,7522.48,0
2024-09-30,SKU013,68,391529.04,5757.78,0,0,0,2024,9,40,Autumn,Product 013,Kitchen,Cushion,2024-03-20,3936.71,5757.78,1821.07,0
2024-09-30,SKU014,97,220262.75,2270.75,0,0,0,2024,9,40,Autumn,Product 014,Lighting,Cookware,2024-04-17,2008.55,2270.75,262.2,0
2024-09-30,SKU015,34,211212.08,6212.12,0,0,0,2024,9,40,Autumn,Product 015,Storage,Lamp,2024-02-29,5441.06,6212.12,771.06,0
2024-09-30,SKU016,71,153844.22,2166.82,0,0,0,2024,9,40,Autumn,Product 016,Furniture,Shelf,2024-05-14,3637.93,2166.82,-1471.11,1
2024-09-30,SKU017,60,508639.2,8477.32,0,0,0,2024,9,40,Autumn,Product 017,Home Decor,Cabinet,2023-07-19,6703.26,8477.32,1774.06,0
2024-09-30,SKU018,134,747104.94,5575.41,0,0,0,2024,9,40,Autumn,Product 018,Kitchen,Rug,2022-05-21,5677.05,5575.41,-101.64,1
2024-09-30,SKU019,81,390407.85,4819.85,0,0,0,2024,9,40,Autumn,Product 019,Lighting,Organizer,2024-07-12,2670.84,4819.85,2149.01,0
2024-09-30,SKU020,77,300110.58,3897.54,0,0,0,2024,9,40,Autumn,Product 020,Storage,Sofa,2023-05-11,6700.01,3897.54,-2802.47,1
2024-09-30,SKU021,50,385564.0,7711.28,0,0,0,2024,9,40,Autumn,Product 021,Furniture,Chair,2023-07-05,6486.92,7711.28,1224.36,0
2024-09-30,SKU022,53,243642.59,4597.03,0,0,0,2024,9,40,Autumn,Product 022,Home Decor,Table,2023-02-12,3252.96,4597.03,1344.07,0
2024-09-30,SKU023,76,107672.24,1416.74,0,0,0,2024,9,40,Autumn,Product 023,Kitchen,Cushion,2022-07-20,2484.54,1416.74,-1067.8,1
2024-09-30,SKU024,83,146816.21,1768.87,0,0,0,2024,9,40,Autumn,Product 024,Lighting,Cookware,2024-10-16,5539.34,1768.87,-3770.47,1
2024-09-30,SKU025,14,161812.14,11558.01,0,0,0,2024,9,40,Autumn,Product 025,Storage,Lamp,2024-05-09,1333.08,11558.01,10224.93,0
2024-09-30,SKU026,131,1433079.74,10939.54,0,0,0,2024,9,40,Autumn,Product 026,Furniture,Shelf,2023-12-10,1799.29,10939.54,9140.25,0
2024-09-30,SKU027,126,1073091.6,8516.6,0,0,0,2024,9,40,Autumn,Product 027,Home Decor,Cabinet,2023-03-19,307.06,8516.6,8209.54,0
2024-09-30,SKU028,36,125427.24,3484.09,0,0,0,2024,9,40,Autumn,Product 028,Kitchen,Rug,2024-06-24,6348.66,3484.09,-2864.57,1
2024-09-30,SKU029,98,1140960.1,11642.45,0,0,0,2024,9,40,Autumn,Product 029,Lighting,Organizer,2023-08-23,5402.59,11642.45,6239.86,0
2024-09-30,SKU030,22,207537.22,9433.51,0,0,0,2024,9,40,Autumn,Product 030,Storage,Sofa,2023-05-03,5715.03,9433.51,3718.48,0
2024-09-30,SKU031,105,915172.65,8715.93,0,0,0,2024,9,40,Autumn,Product 031,Furniture,Chair,2023-05-11,6300.65,8715.93,2415.28,0
2024-09-30,SKU032,50,280629.5,5612.59,0,0,0,2024,9,40,Autumn,Product 032,Home Decor,Table,2022-09-07,3806.6,5612.59,1805.99,0
2024-09-30,SKU033,94,334452.0,3558.0,0,0,0,2024,9,40,Autumn,Product 033,Kitchen,Cushion,2022-04-12,4657.74,3558.0,-1099.74,1
2024-09-30,SKU034,118,179140.52,1518.14,0,0,0,2024,9,40,Autumn,Product 034,Lighting,Cookware,2023-09-03,1333.43,1518.14,184.71,0
2024-09-30,SKU035,114,1239201.66,10870.19,0,0,0,2024,9,40,Autumn,Product 035,Storage,Lamp,2024-09-03,1137.61,10870.19,9732.58,0
2024-09-30,SKU036,27,153549.0,5687.0,0,0,0,2024,9,40,Autumn,Product 036,Furniture,Shelf,2022-03-12,5430.12,5687.0,256.88,0
2024-09-30,SKU037,143,392881.06,2747.42,0,0,0,2024,9,40,Autumn,Product 037,Home Decor,Cabinet,2024-08-02,3901.0,2747.42,-1153.58,1
2024-09-30,SKU038,41,161913.1,3949.1,0,0,0,2024,9,40,Autumn,Product 038,Kitchen,Rug,2024-06-29,4630.58,3949.1,-681.48,1
2024-09-30,SKU039,16,113903.2,7118.95,0,0,0,2024,9,40,Autumn,Product 039,Lighting,Organizer,2022-11-01,6178.74,7118.95,940.21,0
2024-09-30,SKU040,91,223000.96,2450.56,0,0,0,2024,9,40,Autumn,Product 040,Storage,Sofa,2023-11-26,5169.07,2450.56,-2718.51,1
2024-09-30,SKU041,62,640877.26,10336.73,0,0,0,2024,9,40,Autumn,Product 041,Furniture,Chair,2022-07-01,4540.24,10336.73,5796.49,0
2024-09-30,SKU042,120,1103859.6,9198.83,0,0,0,2024,9,40,Autumn,Product 042,Home Decor,Table,2024-04-13,4583.86,9198.83,4614.97,0
2024-09-30,SKU043,130,1136950.1,8745.77,0,0,0,2024,9,40,Autumn,Product 043,Kitchen,Cushion,2024-02-10,2605.61,8745.77,6140.16,0
2024-09-30,SKU044,48,259789.44,5412.28,0,0,0,2024,9,40,Autumn,Product 044,Lighting,Cookware,2023-01-25,488.84,5412.28,4923.44,0
2024-09-30,SKU045,139,1067072.42,7676.78,0,0,0,2024,9,40,Autumn,Product 045,Storage,Lamp,2022-03-16,3634.56,7676.78,4042.22,0
2024-09-30,SKU046,54,387479.16,7175.54,0,0,0,2024,9,40,Autumn,Product 046,Furniture,Shelf,2024-12-03,1913.03,7175.54,5262.51,0
2024-09-30,SKU047,75,595366.5,7938.22,0,0,0,2024,9,40,Autumn,Product 047,Home Decor,Cabinet,2023-05-06,3416.1,7938.22,4522.12,0
2024-09-30,SKU048,47,64838.85,1379.55,0,0,0,2024,9,40,Autumn,Product 048,Kitchen,Rug,2024-09-09,6863.87,1379.55,-5484.32,1
2024-09-30,SKU049,147,767835.39,5223.37,0,0,0,2024,9,40,Autumn,Product 049,Lighting,Organizer,2024-01-16,2063.03,5223.37,3160.34,0
2024-09-30,SKU050,34,30012.48,882.72,0,0,0,2024,9,40,Autumn,Product 050,Storage,Sofa,2024-05-06,701.85,882.72,180.87,0
2024-10-07,SKU001,82,300452.1,3664.05,0,0,0,2024,10,41,Autumn,Product 001,Furniture,Chair,2022-04-09,1758.45,3664.05,1905.6,0
2024-10-07,SKU002,65,247369.85,3805.69,0,0,0,2024,10,41,Autumn,Product 002,Home Decor,Table,2024-05-01,3867.09,3805.69,-61.4,1
2024-10-07,SKU003,34,274659.82,8078.23,0,0,0,2024,10,41,Autumn,Product 003,Kitchen,Cushion,2023-12-22,589.48,8078.23,7488.75,0
2024-10-07,SKU004,29,198985.53,6861.57,0,0,0,2024,10,41,Autumn,Product 004,Lighting,Cookware,2023-04-28,1445.74,6861.57,5415.83,0
2024-10-07,SKU005,96,911349.12,9493.22,0,0,0,2024,10,41,Autumn,Product 005,Storage,Lamp,2023-04-22,5543.63,9493.22,3949.59,0
2024-10-07,SKU006,38,308029.52,8106.04,0,0,0,2024,10,41,Autumn,Product 006,Furniture,Shelf,2024-08-02,6021.91,8106.04,2084.13,0
2024-10-07,SKU007,123,629033.07,5114.09,0,0,0,2024,10,41,Autumn,Product 007,Home Decor,Cabinet,2022-04-05,7748.2,5114.09,-2634.11,1
2024-10-07,SKU008,80,787411.2,9842.64,0,0,0,2024,10,41,Autumn,Product 008,Kitchen,Rug,2024-02-07,2775.15,9842.64,7067.49,0
2024-10-07,SKU009,65,151897.85,2336.89,0,0,0,2024,10,41,Autumn,Product 009,Lighting,Organizer,2022-08-10,3121.06,2336.89,-784.17,1
2024-10-07,SKU010,79,52413.34,663.46,0,0,0,2024,10,41,Autumn,Product 010,Storage,Sofa,2022-04-14,3889.06,663.46,-3225.6,1
2024-10-07,SKU011,16,23112.96,1444.56,0,0,0,2024,10,41,Autumn,Product 011,Furniture,Chair,2023-08-03,1718.4,1444.56,-273.84,1
2024-10-07,SKU012,144,1264229.28,8779.37,0,0,0,2024,10,41,Autumn,Product 012,Home Decor,Table,2024-12-09,1256.89,8779.37,7522.48,0
2024-10-07,SKU013,75,431833.5,5757.78,0,0,0,2024,10,41,Autumn,Product 013,Kitchen,Cushion,2024-03-20,3936.71,5757.78,1821.07,0
2024-10-07,SKU014,126,286114.5,2270.75,0,0,0,2024,10,41,Autumn,Product 014,Lighting,Cookware,2024-04-17,2008.55,2270.75,262.2,0
2024-10-07,SKU015,29,180151.48,6212.12,0,0,0,2024,10,41,Autumn,Product 015,Storage,Lamp,2024-02-29,5441.06,6212.12,771.06,0
2024-10-07,SKU016,85,184179.7,2166.82,0,0,0,2024,10,41,Autumn,Product 016,Furniture,Shelf,2024-05-14,3637.93,2166.82,-1471.11,1
2024-10-07,SKU017,67,567980.44,8477.32,0,0,0,2024,10,41,Autumn,Product 017,Home Decor,Cabinet,2023-07-19,6703.26,8477.32,1774.06,0
2024-10-07,SKU018,153,853037.73,5575.41,0,0,0,2024,10,41,Autumn,Product 018,Kitchen,Rug,2022-05-21,5677.05,5575.41,-101.64,1
2024-10-07,SKU019,93,448246.05,4819.85,0,0,0,2024,10,41,Autumn,Product 019,Lighting,Organizer,2024-07-12,2670.84,4819.85,2149.01,0
2024-10-07,SKU020,83,323495.82,3897.54,0,0,0,2024,10,41,Autumn,Product 020,Storage,Sofa,2023-05-11,6700.01,3897.54,-2802.47,1
2024-10-07,SKU021,39,300739.92,7711.28,0,0,0,2024,10,41,Autumn,Product 021,Furniture,Chair,2023-07-05,6486.92,7711.28,1224.36,0
2024-10-07,SKU022,55,252836.65,4597.03,0,0,0,2024,10,41,Autumn,Product 022,Home Decor,Table,2023-02-12,3252.96,4597.03,1344.07,0
2024-10-07,SKU023,67,94921.58,1416.74,0,0,0,2024,10,41,Autumn,Product 023,Kitchen,Cushion,2022-07-20,2484.54,1416.74,-1067.8,1
2024-10-07,SKU024,66,116745.42,1768.87,0,0,0,2024,10,41,Autumn,Product 024,Lighting,Cookware,2024-10-16,5539.34,1768.87,-3770.47,1
2024-10-07,SKU025,20,231160.2,11558.01,0,0,0,2024,10,41,Autumn,Product 025,Storage,Lamp,2024-05-09,1333.08,11558.01,10224.93,0
2024-10-07,SKU026,145,1586233.3,10939.54,0,0,0,2024,10,41,Autumn,Product 026,Furniture,Shelf,2023-12-10,1799.29,10939.54,9140.25,0
2024-10-07,SKU027,126,1073091.6,8516.6,0,0,0,2024,10,41,Autumn,Product 027,Home Decor,Cabinet,2023-03-19,307.06,8516.6,8209.54,0
2024-10-07,SKU028,29,101038.61,3484.09,0,0,0,2024,10,41,Autumn,Product 028,Kitchen,Rug,2024-06-24,6348.66,3484.09,-2864.57,1
2024-10-07,SKU029,96,1117675.2,11642.45,0,0,0,2024,10,41,Autumn,Product 029,Lighting,Organizer,2023-08-23,5402.59,11642.45,6239.86,0
2024-10-07,SKU030,18,169803.18,9433.51,0,0,0,2024,10,41,Autumn,Product 030,Storage,Sofa,2023-05-03,5715.03,9433.51,3718.48,0
2024-10-07,SKU031,109,950036.37,8715.93,0,0,0,2024,10,41,Autumn,Product 031,Furniture,Chair,2023-05-11,6300.65,8715.93,2415.28,0
2024-10-07,SKU032,56,314305.04,5612.59,0,0,0,2024,10,41,Autumn,Product 032,Home Decor,Table,2022-09-07,3806.6,5612.59,1805.99,0
2024-10-07,SKU033,95,338010.0,3558.0,0,0,0,2024,10,41,Autumn,Product 033,Kitchen,Cushion,2022-04-12,4657.74,3558.0,-1099.74,1
2024-10-07,SKU034,99,150295.86,1518.14,0,0,0,2024,10,41,Autumn,Product 034,Lighting,Cookware,2023-09-03,1333.43,1518.14,184.71,0
2024-10-07,SKU035,102,1108759.38,10870.19,0,0,0,2024,10,41,Autumn,Product 035,Storage,Lamp,2024-09-03,1137.61,10870.19,9732.58,0
2024-10-07,SKU036,35,199045.0,5687.0,0,0,0,2024,10,41,Autumn,Product 036,Furniture,Shelf,2022-03-12,5430.12,5687.0,256.88,0
2024-10-07,SKU037,132,362659.44,2747.42,0,0,0,2024,10,41,Autumn,Product 037,Home Decor,Cabinet,2024-08-02,3901.0,2747.42,-1153.58,1
2024-10-07,SKU038,37,146116.7,3949.1,0,0,0,2024,10,41,Autumn,Product 038,Kitchen,Rug,2024-06-29,4630.58,3949.1,-681.48,1
2024-10-07,SKU039,9,64070.55,7118.95,0,0,0,2024,10,41,Autumn,Product 039,Lighting,Organizer,2022-11-01,6178.74,7118.95,940.21,0
2024-10-07,SKU040,93,227902.08,2450.56,0,0,0,2024,10,41,Autumn,Product 040,Storage,Sofa,2023-11-26,5169.07,2450.56,-2718.51,1
2024-10-07,SKU041,82,847611.86,10336.73,0,0,0,2024,10,41,Autumn,Product 041,Furniture,Chair,2022-07-01,4540.24,10336.73,5796.49,0
2024-10-07,SKU042,125,1149853.75,9198.83,0,0,0,2024,10,41,Autumn,Product 042,Home Decor,Table,2024-04-13,4583.86,9198.83,4614.97,0
2024-10-07,SKU043,113,988272.01,8745.77,0,0,0,2024,10,41,Autumn,Product 043,Kitchen,Cushion,2024-02-10,2605.61,8745.77,6140.16,0
2024-10-07,SKU044,57,308499.96,5412.28,0,0,0,2024,10,41,Autumn,Product 044,Lighting,Cookware,2023-01-25,488.84,5412.28,4923.44,0
2024-10-07,SKU045,131,1005658.18,7676.78,0,0,0,2024,10,41,Autumn,Product 045,Storage,Lamp,2022-03-16,3634.56,7676.78,4042.22,0
2024-10-07,SKU046,60,430532.4,7175.54,0,0,0,2024,10,41,Autumn,Product 046,Furniture,Shelf,2024-12-03,1913.03,7175.54,5262.51,0
2024-10-07,SKU047,93,738254.46,7938.22,0,0,0,2024,10,41,Autumn,Product 047,Home Decor,Cabinet,2023-05-06,3416.1,7938.22,4522.12,0
2024-10-07,SKU048,51,70357.05,1379.55,0,0,0,2024,10,41,Autumn,Product 048,Kitchen,Rug,2024-09-09,6863.87,1379.55,-5484.32,1
2024-10-07,SKU049,151,788728.87,5223.37,0,0,0,2024,10,41,Autumn,Product 049,Lighting,Organizer,2024-01-16,2063.03,5223.37,3160.34,0
2024-10-07,SKU050,33,29129.76,882.72,0,0,0,2024,10,41,Autumn,Product 050,Storage,Sofa,2024-05-06,701.85,882.72,180.87,0
2024-10-14,SKU001,88,322436.4,3664.05,0,0,0,2024,10,42,Autumn,Product 001,Furniture,Chair,2022-04-09,1758.45,3664.05,1905.6,0
2024-10-14,SKU002,72,274009.68,3805.69,0,0,0,2024,10,42,Autumn,Product 002,Home Decor,Table,2024-05-01,3867.09,3805.69,-61.4,1
2024-10-14,SKU003,27,218112.21,8078.23,0,0,0,2024,10,42,Autumn,Product 003,Kitchen,Cushion,2023-12-22,589.48,8078.23,7488.75,0
2024-10-14,SKU004,29,198985.53,6861.57,0,0,0,2024,10,42,Autumn,Product 004,Lighting,Cookware,2023-04-28,1445.74,6861.57,5415.83,0
2024-10-14,SKU005,92,873376.24,9493.22,0,0,0,2024,10,42,Autumn,Product 005,Storage,Lamp,2023-04-22,5543.63,9493.22,3949.59,0
2024-10-14,SKU006,37,299923.48,8106.04,0,0,0,2024,10,42,Autumn,Product 006,Furniture,Shelf,2024-08-02,6021.91,8106.04,2084.13,0
2024-10-14,SKU007,128,654603.52,5114.09,0,0,0,2024,10,42,Autumn,Product 007,Home Decor,Cabinet,2022-04-05,7748.2,5114.09,-2634.11,1
2024-10-14,SKU008,71,698827.44,9842.64,0,0,0,2024,10,42,Autumn,Product 008,Kitchen,Rug,2024-02-07,2775.15,9842.64,7067.49,0
2024-10-14,SKU009,58,135539.62,2336.89,0,0,0,2024,10,42,Autumn,Product 009,Lighting,Organizer,2022-08-10,3121.06,2336.89,-784.17,1
2024-10-14,SKU010,74,49096.04,663.46,0,0,0,2024,10,42,Autumn,Product 010,Storage,Sofa,2022-04-14,3889.06,663.46,-3225.6,1
2024-10-14,SKU011,13,18779.28,1444.56,0,0,0,2024,10,42,Autumn,Product 011,Furniture,Chair,2023-08-03,1718.4,1444.56,-273.84,1
2024-10-14,SKU012,144,1264229.28,8779.37,0,0,0,2024,10,42,Autumn,Product 012,Home Decor,Table,2024-12-09,1256.89,8779.37,7522.48,0
2024-10-14,SKU013,80,460622.4,5757.78,0,0,0,2024,10,42,Autumn,Product 013,Kitchen,Cushion,2024-03-20,3936.71,5757.78,1821.07,0
2024-10-14,SKU014,123,279302.25,2270.75,0,0,0,2024,10,42,Autumn,Product 014,Lighting,Cookware,2024-04-17,2008.55,2270.75,262.2,0
2024-10-14,SKU015,22,136666.64,6212.12,0,0,0,2024,10,42,Autumn,Product 015,Storage,Lamp,2024-02-29,5441.06,6212.12,771.06,0
2024-10-14,SKU016,84,182012.88,2166.82,0,0,0,2024,10,42,Autumn,Product 016,Furniture,Shelf,2024-05-14,3637.93,2166.82,-1471.11,1
2024-10-14,SKU017,100,847732.0,8477.32,0,0,0,2024,10,42,Autumn,Product 017,Home Decor,Cabinet,2023-07-19,6703.26,8477.32,1774.06,0
2024-10-14,SKU018,140,780557.4,5575.41,0,0,0,2024,10,42,Autumn,Product 018,Kitchen,Rug,2022-05-21,5677.05,5575.41,-101.64,1
2024-10-14,SKU019,85,409687.25,4819.85,0,0,0,2024,10,42,Autumn,Product 019,Lighting,Organizer,2024-07-12,2670.84,4819.85,2149.01,0
2024-10-14,SKU020,92,358573.68,3897.54,0,0,0,2024,10,42,Autumn,Product 020,Storage,Sofa,2023-05-11,6700.01,3897.54,-2802.47,1
2024-10-14,SKU021,43,331585.04,7711.28,0,0,0,2024,10,42,Autumn,Product 021,Furniture,Chair,2023-07-05,6486.92,7711.28,1224.36,0
2024-10-14,SKU022,52,239045.56,4597.03,0,0,0,2024,10,42,Autumn,Product 022,Home Decor,Table,2023-02-12,3252.96,4597.03,1344.07,0
2024-10-14,SKU023,74,104838.76,1416.74,0,0,0,2024,10,42,Autumn,Product 023,Kitchen,Cushion,2022-07-20,2484.54,1416.74,-1067.8,1
2024-10-14,SKU024,72,127358.64,1768.87,0,0,0,2024,10,42,Autumn,Product 024,Lighting,Cookware,2024-10-16,5539.34,1768.87,-3770.47,1
2024-10-14,SKU025,26,300508.26,11558.01,0,0,0,2024,10,42,Autumn,Product 025,Storage,Lamp,2024-05-09,1333.08,11558.01,10224.93,0
2024-10-14,SKU026,141,1542475.14,10939.54,0,0,0,2024,10,42,Autumn,Product 026,Furniture,Shelf,2023-12-10,1799.29,10939.54,9140.25,0
2024-10-14,SKU027,121,1030508.6,8516.6,0,0,0,2024,10,42,Autumn,Product 027,Home Decor,Cabinet,2023-03-19,307.06,8516.6,8209.54,0
2024-10-14,SKU028,34,118459.06,3484.09,0,0,0,2024,10,42,Autumn,Product 028,Kitchen,Rug,2024-06-24,6348.66,3484.09,-2864.57,1
2024-10-14,SKU029,90,1047820.5,11642.45,0,0,0,2024,10,42,Autumn,Product 029,Lighting,Organizer,2023-08-23,5402.59,11642.45,6239.86,0
2024-10-14,SKU030,31,292438.81,9433.51,0,0,0,2024,10,42,Autumn,Product 030,Storage,Sofa,2023-05-03,5715.03,9433.51,3718.48,0
2024-10-14,SKU031,109,950036.37,8715.93,0,0,0,2024,10,42,Autumn,Product 031,Furniture,Chair,2023-05-11,6300.65,8715.93,2415.28,0
2024-10-14,SKU032,49,275016.91,5612.59,0,0,0,2024,10,42,Autumn,Product 032,Home Decor,Table,2022-09-07,3806.6,5612.59,1805.99,0
2024-10-14,SKU033,104,370032.0,3558.0,0,0,0,2024,10,42,Autumn,Product 033,Kitchen,Cushion,2022-04-12,4657.74,3558.0,-1099.74,1
2024-10-14,SKU034,116,176104.24,1518.14,0,0,0,2024,10,42,Autumn,Product 034,Lighting,Cookware,2023-09-03,1333.43,1518.14,184.71,0
2024-10-14,SKU035,126,1369643.94,10870.19,0,0,0,2024,10,42,Autumn,Product 035,Storage,Lamp,2024-09-03,1137.61,10870.19,9732.58,0
2024-10-14,SKU036,29,164923.0,5687.0,0,0,0,2024,10,42,Autumn,Product 036,Furniture,Shelf,2022-03-12,5430.12,5687.0,256.88,0
2024-10-14,SKU037,129,354417.18,2747.42,0,0,0,2024,10,42,Autumn,Product 037,Home Decor,Cabinet,2024-08-02,3901.0,2747.42,-1153.58,1
2024-10-14,SKU038,52,205353.2,3949.1,0,0,0,2024,10,42,Autumn,Product 038,Kitchen,Rug,2024-06-29,4630.58,3949.1,-681.48,1
2024-10-14,SKU039,18,128141.1,7118.95,0,0,0,2024,10,42,Autumn,Product 039,Lighting,Organizer,2022-11-01,6178.74,7118.95,940.21,0
2024-10-14,SKU040,96,235253.76,2450.56,0,0,0,2024,10,42,Autumn,Product 040,Storage,Sofa,2023-11-26,5169.07,2450.56,-2718.51,1
2024-10-14,SKU041,63,651213.99,10336.73,0,0,0,2024,10,42,Autumn,Product 041,Furniture,Chair,2022-07-01,4540.24,10336.73,5796.49,0
2024-10-14,SKU042,131,1205046.73,9198.83,0,0,0,2024,10,42,Autumn,Product 042,Home Decor,Table,2024-04-13,4583.86,9198.83,4614.97,0
2024-10-14,SKU043,121,1058238.17,8745.77,0,0,0,2024,10,42,Autumn,Product 043,Kitchen,Cushion,2024-02-10,2605.61,8745.77,6140.16,0
2024-10-14,SKU044,61,330149.08,5412.28,0,0,0,2024,10,42,Autumn,Product 044,Lighting,Cookware,2023-01-25,488.84,5412.28,4923.44,0
2024-10-14,SKU045,142,1090102.76,7676.78,0,0,0,2024,10,42,Autumn,Product 045,Storage,Lamp,2022-03-16,3634.56,7676.78,4042.22,0
2024-10-14,SKU046,42,301372.68,7175.54,0,0,0,2024,10,42,Autumn,Product 046,Furniture,Shelf,2024-12-03,1913.03,7175.54,5262.51,0
2024-10-14,SKU047,84,666810.48,7938.22,0,0,0,2024,10,42,Autumn,Product 047,Home Decor,Cabinet,2023-05-06,3416.1,7938.22,4522.12,0
2024-10-14,SKU048,51,70357.05,1379.55,0,0,0,2024,10,42,Autumn,Product 048,Kitchen,Rug,2024-09-09,6863.87,1379.55,-5484.32,1
2024-10-14,SKU049,129,673814.73,5223.37,0,0,0,2024,10,42,Autumn,Product 049,Lighting,Organizer,2024-01-16,2063.03,5223.37,3160.34,0
2024-10-14,SKU050,38,33543.36,882.72,0,0,0,2024,10,42,Autumn,Product 050,Storage,Sofa,2024-05-06,701.85,882.72,180.87,0
2024-10-21,SKU001,89,326100.45,3664.05,0,0,0,2024,10,43,Autumn,Product 001,Furniture,Chair,2022-04-09,1758.45,3664.05,1905.6,0
2024-10-21,SKU002,47,178867.43,3805.69,0,0,0,2024,10,43,Autumn,Product 002,Home Decor,Table,2024-05-01,3867.09,3805.69,-61.4,1
2024-10-21,SKU003,35,282738.05,8078.23,0,0,0,2024,10,43,Autumn,Product 003,Kitchen,Cushion,2023-12-22,589.48,8078.23,7488.75,0
2024-10-21,SKU004,26,178400.82,6861.57,0,0,0,2024,10,43,Autumn,Product 004,Lighting,Cookware,2023-04-28,1445.74,6861.57,5415.83,0
2024-10-21,SKU005,85,806923.7,9493.22,0,0,0,2024,10,43,Autumn,Product 005,Storage,Lamp,2023-04-22,5543.63,9493.22,3949.59,0
2024-10-21,SKU006,29,235075.16,8106.04,0,0,0,2024,10,43,Autumn,Product 006,Furniture,Shelf,2024-08-02,6021.91,8106.04,2084.13,0
2024-10-21,SKU007,124,634147.16,5114.09,0,0,0,2024,10,43,Autumn,Product 007,Home Decor,Cabinet,2022-04-05,7748.2,5114.09,-2634.11,1
2024-10-21,SKU008,97,954736.08,9842.64,0,0,0,2024,10,43,Autumn,Product 008,Kitchen,Rug,2024-02-07,2775.15,9842.64,7067.49,0
2024-10-21,SKU009,52,121518.28,2336.89,0,0,0,2024,10,43,Autumn,Product 009,Lighting,Organizer,2022-08-10,3121.06,2336.89,-784.17,1
2024-10-21,SKU010,92,61038.32,663.46,0,0,0,2024,10,43,Autumn,Product 010,Storage,Sofa,2022-04-14,3889.06,663.46,-3225.6,1
2024-10-21,SKU011,9,13001.04,1444.56,0,0,0,2024,10,43,Autumn,Product 011,Furniture,Chair,2023-08-03,1718.4,1444.56,-273.84,1
2024-10-21,SKU012,140,1229111.8,8779.37,0,0,0,2024,10,43,Autumn,Product 012,Home Decor,Table,2024-12-09,1256.89,8779.37,7522.48,0
2024-10-21,SKU013,64,368497.92,5757.78,0,0,0,2024,10,43,Autumn,Product 013,Kitchen,Cushion,2024-03-20,3936.71,5757.78,1821.07,0
2024-10-21,SKU014,128,290656.0,2270.75,0,0,0,2024,10,43,Autumn,Product 014,Lighting,Cookware,2024-04-17,2008.55,2270.75,262.2,0
2024-10-21,SKU015,24,149090.88,6212.12,0,0,0,2024,10,43,Autumn,Product 015,Storage,Lamp,2024-02-29,5441.06,6212.12,771.06,0
2024-10-21,SKU016,82,177679.24,2166.82,0,0,0,2024,10,43,Autumn,Product 016,Furniture,Shelf,2024-05-14,3637.93,2166.82,-1471.11,1
2024-10-21,SKU017,82,695140.24,8477.32,0,0,0,2024,10,43,Autumn,Product 017,Home Decor,Cabinet,2023-07-19,6703.26,8477.32,1774.06,0
2024-10-21,SKU018,159,886490.19,5575.41,0,0,0,2024,10,43,Autumn,Product 018,Kitchen,Rug,2022-05-21,5677.05,5575.41,-101.64,1
2024-10-21,SKU019,86,414507.1,4819.85,0,0,0,2024,10,43,Autumn,Product 019,Lighting,Organizer,2024-07-12,2670.84,4819.85,2149.01,0
2024-10-21,SKU020,83,323495.82,3897.54,0,0,0,2024,10,43,Autumn,Product 020,Storage,Sofa,2023-05-11,6700.01,3897.54,-2802.47,1
2024-10-21,SKU021,55,424120.4,7711.28,0,0,0,2024,10,43,Autumn,Product 021,Furniture,Chair,2023-07-05,6486.92,7711.28,1224.36,0
2024-10-21,SKU022,47,216060.41,4597.03,0,0,0,2024,10,43,Autumn,Product 022,Home Decor,Table,2023-02-12,3252.96,4597.03,1344.07,0
2024-10-21,SKU023,84,119006.16,1416.74,0,0,0,2024,10,43,Autumn,Product 023,Kitchen,Cushion,2022-07-20,2484.54,1416.74,-1067.8,1
2024-10-21,SKU024,62,109669.94,1768.87,0,0,0,2024,10,43,Autumn,Product 024,Lighting,Cookware,2024-10-16,5539.34,1768.87,-3770.47,1
2024-10-21,SKU025,16,184928.16,11558.01,0,0,0,2024,10,43,Autumn,Product 025,Storage,Lamp,2024-05-09,1333.08,11558.01,10224.93,0
2024-10-21,SKU026,137,1498716.98,10939.54,0,0,0,2024,10,43,Autumn,Product 026,Furniture,Shelf,2023-12-10,1799.29,10939.54,9140.25,0
2024-10-21,SKU027,151,1286006.6,8516.6,0,0,0,2024,10,43,Autumn,Product 027,Home Decor,Cabinet,2023-03-19,307.06,8516.6,8209.54,0
2024-10-21,SKU028,26,90586.34,3484.09,0,0,0,2024,10,43,Autumn,Product 028,Kitchen,Rug,2024-06-24,6348.66,3484.09,-2864.57,1
2024-10-21,SKU029,96,1117675.2,11642.45,0,0,0,2024,10,43,Autumn,Product 029,Lighting,Organizer,2023-08-23,5402.59,11642.45,6239.86,0
2024-10-21,SKU030,26,245271.26,9433.51,0,0,0,2024,10,43,Autumn,Product 030,Storage,Sofa,2023-05-03,5715.03,9433.51,3718.48,0
2024-10-21,SKU031,112,976184.16,8715.93,0,0,0,2024,10,43,Autumn,Product 031,Furniture,Chair,2023-05-11,6300.65,8715.93,2415.28,0
2024-10-21,SKU032,48,269404.32,5612.59,0,0,0,2024,10,43,Autumn,Product 032,Home Decor,Table,2022-09-07,3806.6,5612.59,1805.99,0
2024-10-21,SKU033,114,405612.0,3558.0,0,0,0,2024,10,43,Autumn,Product 033,Kitchen,Cushion,2022-04-12,4657.74,3558.0,-1099.74,1
2024-10-21,SKU034,111,168513.54,1518.14,0,0,0,2024,10,43,Autumn,Product 034,Lighting,Cookware,2023-09-03,1333.43,1518.14,184.71,0
2024-10-21,SKU035,102,1108759.38,10870.19,0,0,0,2024,10,43,Autumn,Product 035,Storage,Lamp,2024-09-03,1137.61,10870.19,9732.58,0
2024-10-21,SKU036,21,119427.0,5687.0,0,0,0,2024,10,43,Autumn,Product 036,Furniture,Shelf,2022-03-12,5430.12,5687.0,256.88,0
2024-10-21,SKU037,141,387386.22,2747.42,0,0,0,2024,10,43,Autumn,Product 037,Home Decor,Cabinet,2024-08-02,3901.0,2747.42,-1153.58,1
2024-10-21,SKU038,45,177709.5,3949.1,0,0,0,2024,10,43,Autumn,Product 038,Kitchen,Rug,2024-06-29,4630.58,3949.1,-681.48,1
2024-10-21,SKU039,19,135260.05,7118.95,0,0,0,2024,10,43,Autumn,Product 039,Lighting,Organizer,2022-11-01,6178.74,7118.95,940.21,0
2024-10-21,SKU040,92,225451.52,2450.56,0,0,0,2024,10,43,Autumn,Product 040,Storage,Sofa,2023-11-26,5169.07,2450.56,-2718.51,1
2024-10-21,SKU041,63,651213.99,10336.73,0,0,0,2024,10,43,Autumn,Product 041,Furniture,Chair,2022-07-01,4540.24,10336.73,5796.49,0
2024-10-21,SKU042,114,1048666.62,9198.83,0,0,0,2024,10,43,Autumn,Product 042,Home Decor,Table,2024-04-13,4583.86,9198.83,4614.97,0
2024-10-21,SKU043,132,1154441.64,8745.77,0,0,0,2024,10,43,Autumn,Product 043,Kitchen,Cushion,2024-02-10,2605.61,8745.77,6140.16,0
2024-10-21,SKU044,57,308499.96,5412.28,0,0,0,2024,10,43,Autumn,Product 044,Lighting,Cookware,2023-01-25,488.84,5412.28,4923.44,0
2024-10-21,SKU045,173,1328082.94,7676.78,0,0,0,2024,10,43,Autumn,Product 045,Storage,Lamp,2022-03-16,3634.56,7676.78,4042.22,0
2024-10-21,SKU046,40,287021.6,7175.54,0,0,0,2024,10,43,Autumn,Product 046,Furniture,Shelf,2024-12-03,1913.03,7175.54,5262.51,0
2024-10-21,SKU047,79,627119.38,7938.22,0,0,0,2024,10,43,Autumn,Product 047,Home Decor,Cabinet,2023-05-06,3416.1,7938.22,4522.12,0
2024-10-21,SKU048,53,73116.15,1379.55,0,0,0,2024,10,43,Autumn,Product 048,Kitchen,Rug,2024-09-09,6863.87,1379.55,-5484.32,1
2024-10-21,SKU049,148,773058.76,5223.37,0,0,0,2024,10,43,Autumn,Product 049,Lighting,Organizer,2024-01-16,2063.03,5223.37,3160.34,0
2024-10-21,SKU050,38,33543.36,882.72,0,0,0,2024,10,43,Autumn,Product 050,Storage,Sofa,2024-05-06,701.85,882.72,180.87,0
2024-10-28,SKU001,83,304116.15,3664.05,2,2,1,2024,10,44,Autumn,Product 001,Furniture,Chair,2022-04-09,1758.45,3664.05,1905.6,0
2024-10-28,SKU002,65,247369.85,3805.69,2,2,1,2024,10,44,Autumn,Product 002,Home Decor,Table,2024-05-01,3867.09,3805.69,-61.4,1
2024-10-28,SKU003,17,137329.91,8078.23,2,2,1,2024,10,44,Autumn,Product 003,Kitchen,Cushion,2023-12-22,589.48,8078.23,7488.75,0
2024-10-28,SKU004,32,219570.24,6861.57,2,2,1,2024,10,44,Autumn,Product 004,Lighting,Cookware,2023-04-28,1445.74,6861.57,5415.83,0
2024-10-28,SKU005,109,1034760.98,9493.22,2,2,1,2024,10,44,Autumn,Product 005,Storage,Lamp,2023-04-22,5543.63,9493.22,3949.59,0
2024-10-28,SKU006,40,324241.6,8106.04,2,2,1,2024,10,44,Autumn,Product 006,Furniture,Shelf,2024-08-02,6021.91,8106.04,2084.13,0
2024-10-28,SKU007,152,777341.68,5114.09,2,2,1,2024,10,44,Autumn,Product 007,Home Decor,Cabinet,2022-04-05,7748.2,5114.09,-2634.11,1
2024-10-28,SKU008,99,974421.36,9842.64,2,2,1,2024,10,44,Autumn,Product 008,Kitchen,Rug,2024-02-07,2775.15,9842.64,7067.49,0
2024-10-28,SKU009,66,154234.74,2336.89,2,2,1,2024,10,44,Autumn,Product 009,Lighting,Organizer,2022-08-10,3121.06,2336.89,-784.17,1
2024-10-28,SKU010,109,72317.14,663.46,2,2,1,2024,10,44,Autumn,Product 010,Storage,Sofa,2022-04-14,3889.06,663.46,-3225.6,1
2024-10-28,SKU011,15,21668.4,1444.56,2,2,1,2024,10,44,Autumn,Product 011,Furniture,Chair,2023-08-03,1718.4,1444.56,-273.84,1
2024-10-28,SKU012,183,1606624.71,8779.37,2,2,1,2024,10,44,Autumn,Product 012,Home Decor,Table,2024-12-09,1256.89,8779.37,7522.48,0
2024-10-28,SKU013,93,535473.54,5757.78,2,2,1,2024,10,44,Autumn,Product 013,Kitchen,Cushion,2024-03-20,3936.71,5757.78,1821.07,0
2024-10-28,SKU014,132,299739.0,2270.75,2,2,1,2024,10,44,Autumn,Product 014,Lighting,Cookware,2024-04-17,2008.55,2270.75,262.2,0
2024-10-28,SKU015,25,155303.0,6212.12,2,2,1,2024,10,44,Autumn,Product 015,Storage,Lamp,2024-02-29,5441.06,6212.12,771.06,0
2024-10-28,SKU016,98,212348.36,2166.82,2,2,1,2024,10,44,Autumn,Product 016,Furniture,Shelf,2024-05-14,3637.93,2166.82,-1471.11,1
2024-10-28,SKU017,90,762958.8,8477.32,2,2,1,2024,10,44,Autumn,Product 017,Home Decor,Cabinet,2023-07-19,6703.26,8477.32,1774.06,0
2024-10-28,SKU018,170,947819.7,5575.41,2,2,1,2024,10,44,Autumn,Product 018,Kitchen,Rug,2022-05-21,5677.05,5575.41,-101.64,1
2024-10-28,SKU019,98,472345.3,4819.85,2,2,1,2024,10,44,Autumn,Product 019,Lighting,Organizer,2024-07-12,2670.84,4819.85,2149.01,0
2024-10-28,SKU020,71,276725.34,3897.54,2,2,1,2024,10,44,Autumn,Product 020,Storage,Sofa,2023-05-11,6700.01,3897.54,-2802.47,1
2024-10-28,SKU021,58,447254.24,7711.28,2,2,1,2024,10,44,Autumn,Product 021,Furniture,Chair,2023-07-05,6486.92,7711.28,1224.36,0
2024-10-28,SKU022,56,257433.68,4597.03,2,2,1,2024,10,44,Autumn,Product 022,Home Decor,Table,2023-02-12,3252.96,4597.03,1344.07,0
2024-10-28,SKU023,86,121839.64,1416.74,2,2,1,2024,10,44,Autumn,Product 023,Kitchen,Cushion,2022-07-20,2484.54,1416.74,-1067.8,1
2024-10-28,SKU024,86,152122.82,1768.87,2,2,1,2024,10,44,Autumn,Product 024,Lighting,Cookware,2024-10-16,5539.34,1768.87,-3770.47,1
2024-10-28,SKU025,21,242718.21,11558.01,2,2,1,2024,10,44,Autumn,Product 025,Storage,Lamp,2024-05-09,1333.08,11558.01,10224.93,0
2024-10-28,SKU026,130,1422140.2,10939.54,2,2,1,2024,10,44,Autumn,Product 026,Furniture,Shelf,2023-12-10,1799.29,10939.54,9140.25,0
2024-10-28,SKU027,138,1175290.8,8516.6,2,2,1,2024,10,44,Autumn,Product 027,Home Decor,Cabinet,2023-03-19,307.06,8516.6,8209.54,0
2024-10-28,SKU028,40,139363.6,3484.09,2,2,1,2024,10,44,Autumn,Product 028,Kitchen,Rug,2024-06-24,6348.66,3484.09,-2864.57,1
2024-10-28,SKU029,75,873183.75,11642.45,2,2,1,2024,10,44,Autumn,Product 029,Lighting,Organizer,2023-08-23,5402.59,11642.45,6239.86,0
2024-10-28,SKU030,27,254704.77,9433.51,2,2,1,2024,10,44,Autumn,Product 030,Storage,Sofa,2023-05-03,5715.03,9433.51,3718.48,0
2024-10-28,SKU031,129,1124354.97,8715.93,2,2,1,2024,10,44,Autumn,Product 031,Furniture,Chair,2023-05-11,6300.65,8715.93,2415.28,0
2024-10-28,SKU032,51,286242.09,5612.59,2,2,1,2024,10,44,Autumn,Product 032,Home Decor,Table,2022-09-07,3806.6,5612.59,1805.99,0
2024-10-28,SKU033,118,419844.0,3558.0,2,2,1,2024,10,44,Autumn,Product 033,Kitchen,Cushion,2022-04-12,4657.74,3558.0,-1099.74,1
2024-10-28,SKU034,137,207985.18,1518.14,2,2,1,2024,10,44,Autumn,Product 034,Lighting,Cookware,2023-09-03,1333.43,1518.14,184.71,0
2024-10-28,SKU035,119,1293552.61,10870.19,2,2,1,2024,10,44,Autumn,Product 035,Storage,Lamp,2024-09-03,1137.61,10870.19,9732.58,0
2024-10-28,SKU036,28,159236.0,5687.0,2,2,1,2024,10,44,Autumn,Product 036,Furniture,Shelf,2022-03-12,5430.12,5687.0,256.88,0
2024-10-28,SKU037,153,420355.26,2747.42,2,2,1,2024,10,44,Autumn,Product 037,Home Decor,Cabinet,2024-08-02,3901.0,2747.42,-1153.58,1
2024-10-28,SKU038,55,217200.5,3949.1,2,2,1,2024,10,44,Autumn,Product 038,Kitchen,Rug,2024-06-29,4630.58,3949.1,-681.48,1
2024-10-28,SKU039,21,149497.95,7118.95,2,2,1,2024,10,44,Autumn,Product 039,Lighting,Organizer,2022-11-01,6178.74,7118.95,940.21,0
2024-10-28,SKU040,89,218099.84,2450.56,2,2,1,2024,10,44,Autumn,Product 040,Storage,Sofa,2023-11-26,5169.07,2450.56,-2718.51,1
2024-10-28,SKU041,66,682224.18,10336.73,2,2,1,2024,10,44,Autumn,Product 041,Furniture,Chair,2022-07-01,4540.24,10336.73,5796.49,0
2024-10-28,SKU042,136,1251040.88,9198.83,2,2,1,2024,10,44,Autumn,Product 042,Home Decor,Table,2024-04-13,4583.86,9198.83,4614.97,0
2024-10-28,SKU043,130,1136950.1,8745.77,2,2,1,2024,10,44,Autumn,Product 043,Kitchen,Cushion,2024-02-10,2605.61,8745.77,6140.16,0
2024-10-28,SKU044,59,319324.52,5412.28,2,2,1,2024,10,44,Autumn,Product 044,Lighting,Cookware,2023-01-25,488.84,5412.28,4923.44,0
2024-10-28,SKU045,145,1113133.1,7676.78,2,2,1,2024,10,44,Autumn,Product 045,Storage,Lamp,2022-03-16,3634.56,7676.78,4042.22,0
2024-10-28,SKU046,55,394654.7,7175.54,2,2,1,2024,10,44,Autumn,Product 046,Furniture,Shelf,2024-12-03,1913.03,7175.54,5262.51,0
2024-10-28,SKU047,93,738254.46,7938.22,2,2,1,2024,10,44,Autumn,Product 047,Home Decor,Cabinet,2023-05-06,3416.1,7938.22,4522.12,0
2024-10-28,SKU048,63,86911.65,1379.55,2,2,1,2024,10,44,Autumn,Product 048,Kitchen,Rug,2024-09-09,6863.87,1379.55,-5484.32,1
2024-10-28,SKU049,140,731271.8,5223.37,2,2,1,2024,10,44,Autumn,Product 049,Lighting,Organizer,2024-01-16,2063.03,5223.37,3160.34,0
2024-10-28,SKU050,36,31777.92,882.72,2,2,1,2024,10,44,Autumn,Product 050,Storage,Sofa,2024-05-06,701.85,882.72,180.87,0
2024-11-04,SKU001,99,362740.95,3664.05,2,2,0,2024,11,45,Autumn,Product 001,Furniture,Chair,2022-04-09,1758.45,3664.05,1905.6,0
2024-11-04,SKU002,52,197895.88,3805.69,2,2,0,2024,11,45,Autumn,Product 002,Home Decor,Table,2024-05-01,3867.09,3805.69,-61.4,1
2024-11-04,SKU003,41,331207.43,8078.23,2,2,0,2024,11,45,Autumn,Product 003,Kitchen,Cushion,2023-12-22,589.48,8078.23,7488.75,0
2024-11-04,SKU004,29,198985.53,6861.57,2,2,0,2024,11,45,Autumn,Product 004,Lighting,Cookware,2023-04-28,1445.74,6861.57,5415.83,0
2024-11-04,SKU005,109,1034760.98,9493.22,2,2,0,2024,11,45,Autumn,Product 005,Storage,Lamp,2023-04-22,5543.63,9493.22,3949.59,0
2024-11-04,SKU006,40,324241.6,8106.04,2,2,0,2024,11,45,Autumn,Product 006,Furniture,Shelf,2024-08-02,6021.91,8106.04,2084.13,0
2024-11-04,SKU007,172,879623.48,5114.09,2,2,0,2024,11,45,Autumn,Product 007,Home Decor,Cabinet,2022-04-05,7748.2,5114.09,-2634.11,1
2024-11-04,SKU008,97,954736.08,9842.64,2,2,0,2024,11,45,Autumn,Product 008,Kitchen,Rug,2024-02-07,2775.15,9842.64,7067.49,0
2024-11-04,SKU009,71,165919.19,2336.89,2,2,0,2024,11,45,Autumn,Product 009,Lighting,Organizer,2022-08-10,3121.06,2336.89,-784.17,1
2024-11-04,SKU010,100,66346.0,663.46,2,2,0,2024,11,45,Autumn,Product 010,Storage,Sofa,2022-04-14,3889.06,663.46,-3225.6,1
2024-11-04,SKU011,11,15890.16,1444.56,2,2,0,2024,11,45,Autumn,Product 011,Furniture,Chair,2023-08-03,1718.4,1444.56,-273.84,1
2024-11-04,SKU012,156,1369581.72,8779.37,2,2,0,2024,11,45,Autumn,Product 012,Home Decor,Table,2024-12-09,1256.89,8779.37,7522.48,0
2024-11-04,SKU013,72,414560.16,5757.78,2,2,0,2024,11,45,Autumn,Product 013,Kitchen,Cushion,2024-03-20,3936.71,5757.78,1821.07,0
2024-11-04,SKU014,130,295197.5,2270.75,2,2,0,2024,11,45,Autumn,Product 014,Lighting,Cookware,2024-04-17,2008.55,2270.75,262.2,0
2024-11-04,SKU015,25,155303.0,6212.12,2,2,0,2024,11,45,Autumn,Product 015,Storage,Lamp,2024-02-29,5441.06,6212.12,771.06,0
2024-11-04,SKU016,84,182012.88,2166.82,2,2,0,2024,11,45,Autumn,Product 016,Furniture,Shelf,2024-05-14,3637.93,2166.82,-1471.11,1
2024-11-04,SKU017,95,805345.4,8477.32,2,2,0,2024,11,45,Autumn,Product 017,Home Decor,Cabinet,2023-07-19,6703.26,8477.32,1774.06,0
2024-11-04,SKU018,162,903216.42,5575.41,2,2,0,2024,11,45,Autumn,Product 018,Kitchen,Rug,2022-05-21,5677.05,5575.41,-101.64,1
2024-11-04,SKU019,95,457885.75,4819.85,2,2,0,2024,11,45,Autumn,Product 019,Lighting,Organizer,2024-07-12,2670.84,4819.85,2149.01,0
2024-11-04,SKU020,81,315700.74,3897.54,2,2,0,2024,11,45,Autumn,Product 020,Storage,Sofa,2023-05-11,6700.01,3897.54,-2802.47,1
2024-11-04,SKU021,58,447254.24,7711.28,2,2,0,2024,11,45,Autumn,Product 021,Furniture,Chair,2023-07-05,6486.92,7711.28,1224.36,0
2024-11-04,SKU022,54,248239.62,4597.03,2,2,0,2024,11,45,Autumn,Product 022,Home Decor,Table,2023-02-12,3252.96,4597.03,1344.07,0
2024-11-04,SKU023,85,120422.9,1416.74,2,2,0,2024,11,45,Autumn,Product 023,Kitchen,Cushion,2022-07-20,2484.54,1416.74,-1067.8,1
2024-11-04,SKU024,78,137971.86,1768.87,2,2,0,2024,11,45,Autumn,Product 024,Lighting,Cookware,2024-10-16,5539.34,1768.87,-3770.47,1
2024-11-04,SKU025,18,208044.18,11558.01,2,2,0,2024,11,45,Autumn,Product 025,Storage,Lamp,2024-05-09,1333.08,11558.01,10224.93,0
2024-11-04,SKU026,127,1389321.58,10939.54,2,2,0,2024,11,45,Autumn,Product 026,Furniture,Shelf,2023-12-10,1799.29,10939.54,9140.25,0
2024-11-04,SKU027,143,1217873.8,8516.6,2,2,0,2024,11,45,Autumn,Product 027,Home Decor,Cabinet,2023-03-19,307.06,8516.6,8209.54,0
2024-11-04,SKU028,32,111490.88,3484.09,2,2,0,2024,11,45,Autumn,Product 028,Kitchen,Rug,2024-06-24,6348.66,3484.09,-2864.57,1
2024-11-04,SKU029,95,1106032.75,11642.45,2,2,0,2024,11,45,Autumn,Product 029,Lighting,Organizer,2023-08-23,5402.59,11642.45,6239.86,0
2024-11-04,SKU030,28,264138.28,9433.51,2,2,0,2024,11,45,Autumn,Product 030,Storage,Sofa,2023-05-03,5715.03,9433.51,3718.48,0
2024-11-04,SKU031,113,984900.09,8715.93,2,2,0,2024,11,45,Autumn,Product 031,Furniture,Chair,2023-05-11,6300.65,8715.93,2415.28,0
2024-11-04,SKU032,68,381656.12,5612.59,2,2,0,2024,11,45,Autumn,Product 032,Home Decor,Table,2022-09-07,3806.6,5612.59,1805.99,0
2024-11-04,SKU033,123,437634.0,3558.0,2,2,0,2024,11,45,Autumn,Product 033,Kitchen,Cushion,2022-04-12,4657.74,3558.0,-1099.74,1
2024-11-04,SKU034,122,185213.08,1518.14,2,2,0,2024,11,45,Autumn,Product 034,Lighting,Cookware,2023-09-03,1333.43,1518.14,184.71,0
2024-11-04,SKU035,124,1347903.56,10870.19,2,2,0,2024,11,45,Autumn,Product 035,Storage,Lamp,2024-09-03,1137.61,10870.19,9732.58,0
2024-11-04,SKU036,33,187671.0,5687.0,2,2,0,2024,11,45,Autumn,Product 036,Furniture,Shelf,2022-03-12,5430.12,5687.0,256.88,0
2024-11-04,SKU037,162,445082.04,2747.42,2,2,0,2024,11,45,Autumn,Product 037,Home Decor,Cabinet,2024-08-02,3901.0,2747.42,-1153.58,1
2024-11-04,SKU038,34,134269.4,3949.1,2,2,0,2024,11,45,Autumn,Product 038,Kitchen,Rug,2024-06-29,4630.58,3949.1,-681.48,1
2024-11-04,SKU039,24,170854.8,7118.95,2,2,0,2024,11,45,Autumn,Product 039,Lighting,Organizer,2022-11-01,6178.74,7118.95,940.21,0
2024-11-04,SKU040,114,279363.84,2450.56,2,2,0,2024,11,45,Autumn,Product 040,Storage,Sofa,2023-11-26,5169.07,2450.56,-2718.51,1
2024-11-04,SKU041,75,775254.75,10336.73,2,2,0,2024,11,45,Autumn,Product 041,Furniture,Chair,2022-07-01,4540.24,10336.73,5796.49,0
2024-11-04,SKU042,121,1113058.43,9198.83,2,2,0,2024,11,45,Autumn,Product 042,Home Decor,Table,2024-04-13,4583.86,9198.83,4614.97,0
2024-11-04,SKU043,128,1119458.56,8745.77,2,2,0,2024,11,45,Autumn,Product 043,Kitchen,Cushion,2024-02-10,2605.61,8745.77,6140.16,0
2024-11-04,SKU044,48,259789.44,5412.28,2,2,0,2024,11,45,Autumn,Product 044,Lighting,Cookware,2023-01-25,488.84,5412.28,4923.44,0
2024-11-04,SKU045,143,1097779.54,7676.78,2,2,0,2024,11,45,Autumn,Product 045,Storage,Lamp,2022-03-16,3634.56,7676.78,4042.22,0
2024-11-04,SKU046,56,401830.24,7175.54,2,2,0,2024,11,45,Autumn,Product 046,Furniture,Shelf,2024-12-03,1913.03,7175.54,5262.51,0
2024-11-04,SKU047,93,738254.46,7938.22,2,2,0,2024,11,45,Autumn,Product 047,Home Decor,Cabinet,2023-05-06,3416.1,7938.22,4522.12,0
2024-11-04,SKU048,45,62079.75,1379.55,2,2,0,2024,11,45,Autumn,Product 048,Kitchen,Rug,2024-09-09,6863.87,1379.55,-5484.32,1
2024-11-04,SKU049,160,835739.2,5223.37,2,2,0,2024,11,45,Autumn,Product 049,Lighting,Organizer,2024-01-16,2063.03,5223.37,3160.34,0
2024-11-04,SKU050,54,47666.88,882.72,2,2,0,2024,11,45,Autumn,Product 050,Storage,Sofa,2024-05-06,701.85,882.72,180.87,0
2024-11-11,SKU001,80,293124.0,3664.05,2,2,0,2024,11,46,Autumn,Product 001,Furniture,Chair,2022-04-09,1758.45,3664.05,1905.6,0
2024-11-11,SKU002,67,254981.23,3805.69,2,2,0,2024,11,46,Autumn,Product 002,Home Decor,Table,2024-05-01,3867.09,3805.69,-61.4,1
2024-11-11,SKU003,38,306972.74,8078.23,2,2,0,2024,11,46,Autumn,Product 003,Kitchen,Cushion,2023-12-22,589.48,8078.23,7488.75,0
2024-11-11,SKU004,26,178400.82,6861.57,2,2,0,2024,11,46,Autumn,Product 004,Lighting,Cookware,2023-04-28,1445.74,6861.57,5415.83,0
2024-11-11,SKU005,123,1167666.06,9493.22,2,2,0,2024,11,46,Autumn,Product 005,Storage,Lamp,2023-04-22,5543.63,9493.22,3949.59,0
2024-11-11,SKU006,28,226969.12,8106.04,2,2,0,2024,11,46,Autumn,Product 006,Furniture,Shelf,2024-08-02,6021.91,8106.04,2084.13,0
2024-11-11,SKU007,159,813140.31,5114.09,2,2,0,2024,11,46,Autumn,Product 007,Home Decor,Cabinet,2022-04-05,7748.2,5114.09,-2634.11,1
2024-11-11,SKU008,106,1043319.84,9842.64,2,2,0,2024,11,46,Autumn,Product 008,Kitchen,Rug,2024-02-07,2775.15,9842.64,7067.49,0
2024-11-11,SKU009,67,156571.63,2336.89,2,2,0,2024,11,46,Autumn,Product 009,Lighting,Organizer,2022-08-10,3121.06,2336.89,-784.17,1
2024-11-11,SKU010,113,74970.98,663.46,2,2,0,2024,11,46,Autumn,Product 010,Storage,Sofa,2022-04-14,3889.06,663.46,-3225.6,1
2024-11-11,SKU011,16,23112.96,1444.56,2,2,0,2024,11,46,Autumn,Product 011,Furniture,Chair,2023-08-03,1718.4,1444.56,-273.84,1
2024-11-11,SKU012,179,1571507.23,8779.37,2,2,0,2024,11,46,Autumn,Product 012,Home Decor,Table,2024-12-09,1256.89,8779.37,7522.48,0
2024-11-11,SKU013,96,552746.88,5757.78,2,2,0,2024,11,46,Autumn,Product 013,Kitchen,Cushion,2024-03-20,3936.71,5757.78,1821.07,0
2024-11-11,SKU014,124,281573.0,2270.75,2,2,0,2024,11,46,Autumn,Product 014,Lighting,Cookware,2024-04-17,2008.55,2270.75,262.2,0
2024-11-11,SKU015,19,118030.28,6212.12,2,2,0,2024,11,46,Autumn,Product 015,Storage,Lamp,2024-02-29,5441.06,6212.12,771.06,0
2024-11-11,SKU016,104,225349.28,2166.82,2,2,0,2024,11,46,Autumn,Product 016,Furniture,Shelf,2024-05-14,3637.93,2166.82,-1471.11,1
2024-11-11,SKU017,86,729049.52,8477.32,2,2,0,2024,11,46,Autumn,Product 017,Home Decor,Cabinet,2023-07-19,6703.26,8477.32,1774.06,0
2024-11-11,SKU018,150,836311.5,5575.41,2,2,0,2024,11,46,Autumn,Product 018,Kitchen,Rug,2022-05-21,5677.05,5575.41,-101.64,1
2024-11-11,SKU019,112,539823.2,4819.85,2,2,0,2024,11,46,Autumn,Product 019,Lighting,Organizer,2024-07-12,2670.84,4819.85,2149.01,0
2024-11-11,SKU020,87,339085.98,3897.54,2,2,0,2024,11,46,Autumn,Product 020,Storage,Sofa,2023-05-11,6700.01,3897.54,-2802.47,1
2024-11-11,SKU021,63,485810.64,7711.28,2,2,0,2024,11,46,Autumn,Product 021,Furniture,Chair,2023-07-05,6486.92,7711.28,1224.36,0
2024-11-11,SKU022,69,317195.07,4597.03,2,2,0,2024,11,46,Autumn,Product 022,Home Decor,Table,2023-02-12,3252.96,4597.03,1344.07,0
2024-11-11,SKU023,94,133173.56,1416.74,2,2,0,2024,11,46,Autumn,Product 023,Kitchen,Cushion,2022-07-20,2484.54,1416.74,-1067.8,1
2024-11-11,SKU024,72,127358.64,1768.87,2,2,0,2024,11,46,Autumn,Product 024,Lighting,Cookware,2024-10-16,5539.34,1768.87,-3770.47,1
2024-11-11,SKU025,17,196486.17,11558.01,2,2,0,2024,11,46,Autumn,Product 025,Storage,Lamp,2024-05-09,1333.08,11558.01,10224.93,0
2024-11-11,SKU026,156,1706568.24,10939.54,2,2,0,2024,11,46,Autumn,Product 026,Furniture,Shelf,2023-12-10,1799.29,10939.54,9140.25,0
2024-11-11,SKU027,153,1303039.8,8516.6,2,2,0,2024,11,46,Autumn,Product 027,Home Decor,Cabinet,2023-03-19,307.06,8516.6,8209.54,0
2024-11-11,SKU028,33,114974.97,3484.09,2,2,0,2024,11,46,Autumn,Product 028,Kitchen,Rug,2024-06-24,6348.66,3484.09,-2864.57,1
2024-11-11,SKU029,110,1280669.5,11642.45,2,2,0,2024,11,46,Autumn,Product 029,Lighting,Organizer,2023-08-23,5402.59,11642.45,6239.86,0
2024-11-11,SKU030,30,283005.3,9433.51,2,2,0,2024,11,46,Autumn,Product 030,Storage,Sofa,2023-05-03,5715.03,9433.51,3718.48,0
2024-11-11,SKU031,105,915172.65,8715.93,2,2,0,2024,11,46,Autumn,Product 031,Furniture,Chair,2023-05-11,6300.65,8715.93,2415.28,0
2024-11-11,SKU032,53,297467.27,5612.59,2,2,0,2024,11,46,Autumn,Product 032,Home Decor,Table,2022-09-07,3806.6,5612.59,1805.99,0
2024-11-11,SKU033,103,366474.0,3558.0,2,2,0,2024,11,46,Autumn,Product 033,Kitchen,Cushion,2022-04-12,4657.74,3558.0,-1099.74,1
2024-11-11,SKU034,131,198876.34,1518.14,2,2,0,2024,11,46,Autumn,Product 034,Lighting,Cookware,2023-09-03,1333.43,1518.14,184.71,0
2024-11-11,SKU035,117,1271812.23,10870.19,2,2,0,2024,11,46,Autumn,Product 035,Storage,Lamp,2024-09-03,1137.61,10870.19,9732.58,0
2024-11-11,SKU036,40,227480.0,5687.0,2,2,0,2024,11,46,Autumn,Product 036,Furniture,Shelf,2022-03-12,5430.12,5687.0,256.88,0
2024-11-11,SKU037,161,442334.62,2747.42,2,2,0,2024,11,46,Autumn,Product 037,Home Decor,Cabinet,2024-08-02,3901.0,2747.42,-1153.58,1
2024-11-11,SKU038,52,205353.2,3949.1,2,2,0,2024,11,46,Autumn,Product 038,Kitchen,Rug,2024-06-29,4630.58,3949.1,-681.48,1
2024-11-11,SKU039,18,128141.1,7118.95,2,2,0,2024,11,46,Autumn,Product 039,Lighting,Organizer,2022-11-01,6178.74,7118.95,940.21,0
2024-11-11,SKU040,101,247506.56,2450.56,2,2,0,2024,11,46,Autumn,Product 040,Storage,Sofa,2023-11-26,5169.07,2450.56,-2718.51,1
2024-11-11,SKU041,65,671887.45,10336.73,2,2,0,2024,11,46,Autumn,Product 041,Furniture,Chair,2022-07-01,4540.24,10336.73,5796.49,0
2024-11-11,SKU042,148,1361426.84,9198.83,2,2,0,2024,11,46,Autumn,Product 042,Home Decor,Table,2024-04-13,4583.86,9198.83,4614.97,0
2024-11-11,SKU043,140,1224407.8,8745.77,2,2,0,2024,11,46,Autumn,Product 043,Kitchen,Cushion,2024-02-10,2605.61,8745.77,6140.16,0
2024-11-11,SKU044,54,292263.12,5412.28,2,2,0,2024,11,46,Autumn,Product 044,Lighting,Cookware,2023-01-25,488.84,5412.28,4923.44,0
2024-11-11,SKU045,170,1305052.6,7676.78,2,2,0,2024,11,46,Autumn,Product 045,Storage,Lamp,2022-03-16,3634.56,7676.78,4042.22,0
2024-11-11,SKU046,69,495112.26,7175.54,2,2,0,2024,11,46,Autumn,Product 046,Furniture,Shelf,2024-12-03,1913.03,7175.54,5262.51,0
2024-11-11,SKU047,82,650934.04,7938.22,2,2,0,2024,11,46,Autumn,Product 047,Home Decor,Cabinet,2023-05-06,3416.1,7938.22,4522.12,0
2024-11-11,SKU048,57,78634.35,1379.55,2,2,0,2024,11,46,Autumn,Product 048,Kitchen,Rug,2024-09-09,6863.87,1379.55,-5484.32,1
2024-11-11,SKU049,141,736495.17,5223.37,2,2,0,2024,11,46,Autumn,Product 049,Lighting,Organizer,2024-01-16,2063.03,5223.37,3160.34,0
2024-11-11,SKU050,48,42370.56,882.72,2,2,0,2024,11,46,Autumn,Product 050,Storage,Sofa,2024-05-06,701.85,882.72,180.87,0
2024-11-18,SKU001,88,322436.4,3664.05,2,2,0,2024,11,47,Autumn,Product 001,Furniture,Chair,2022-04-09,1758.45,3664.05,1905.6,0
2024-11-18,SKU002,66,251175.54,3805.69,2,2,0,2024,11,47,Autumn,Product 002,Home Decor,Table,2024-05-01,3867.09,3805.69,-61.4,1
2024-11-18,SKU003,39,315050.97,8078.23,2,2,0,2024,11,47,Autumn,Product 003,Kitchen,Cushion,2023-12-22,589.48,8078.23,7488.75,0
2024-11-18,SKU004,19,130369.83,6861.57,2,2,0,2024,11,47,Autumn,Product 004,Lighting,Cookware,2023-04-28,1445.74,6861.57,5415.83,0
2024-11-18,SKU005,104,987294.88,9493.22,2,2,0,2024,11,47,Autumn,Product 005,Storage,Lamp,2023-04-22,5543.63,9493.22,3949.59,0
2024-11-18,SKU006,41,332347.64,8106.04,2,2,0,2024,11,47,Autumn,Product 006,Furniture,Shelf,2024-08-02,6021.91,8106.04,2084.13,0
2024-11-18,SKU007,167,854053.03,5114.09,2,2,0,2024,11,47,Autumn,Product 007,Home Decor,Cabinet,2022-04-05,7748.2,5114.09,-2634.11,1
2024-11-18,SKU008,88,866152.32,9842.64,2,2,0,2024,11,47,Autumn,Product 008,Kitchen,Rug,2024-02-07,2775.15,9842.64,7067.49,0
2024-11-18,SKU009,60,140213.4,2336.89,2,2,0,2024,11,47,Autumn,Product 009,Lighting,Organizer,2022-08-10,3121.06,2336.89,-784.17,1
2024-11-18,SKU010,121,80278.66,663.46,2,2,0,2024,11,47,Autumn,Product 010,Storage,Sofa,2022-04-14,3889.06,663.46,-3225.6,1
2024-11-18,SKU011,25,36114.0,1444.56,2,2,0,2024,11,47,Autumn,Product 011,Furniture,Chair,2023-08-03,1718.4,1444.56,-273.84,1
2024-11-18,SKU012,177,1553948.49,8779.37,2,2,0,2024,11,47,Autumn,Product 012,Home Decor,Table,2024-12-09,1256.89,8779.37,7522.48,0
2024-11-18,SKU013,101,581535.78,5757.78,2,2,0,2024,11,47,Autumn,Product 013,Kitchen,Cushion,2024-03-20,3936.71,5757.78,1821.07,0
2024-11-18,SKU014,152,345154.0,2270.75,2,2,0,2024,11,47,Autumn,Product 014,Lighting,Cookware,2024-04-17,2008.55,2270.75,262.2,0
2024-11-18,SKU015,34,211212.08,6212.12,2,2,0,2024,11,47,Autumn,Product 015,Storage,Lamp,2024-02-29,5441.06,6212.12,771.06,0
2024-11-18,SKU016,94,203681.08,2166.82,2,2,0,2024,11,47,Autumn,Product 016,Furniture,Shelf,2024-05-14,3637.93,2166.82,-1471.11,1
2024-11-18,SKU017,97,822300.04,8477.32,2,2,0,2024,11,47,Autumn,Product 017,Home Decor,Cabinet,2023-07-19,6703.26,8477.32,1774.06,0
2024-11-18,SKU018,153,853037.73,5575.41,2,2,0,2024,11,47,Autumn,Product 018,Kitchen,Rug,2022-05-21,5677.05,5575.41,-101.64,1
2024-11-18,SKU019,113,544643.05,4819.85,2,2,0,2024,11,47,Autumn,Product 019,Lighting,Organizer,2024-07-12,2670.84,4819.85,2149.01,0
2024-11-18,SKU020,69,268930.26,3897.54,2,2,0,2024,11,47,Autumn,Product 020,Storage,Sofa,2023-05-11,6700.01,3897.54,-2802.47,1
2024-11-18,SKU021,54,416409.12,7711.28,2,2,0,2024,11,47,Autumn,Product 021,Furniture,Chair,2023-07-05,6486.92,7711.28,1224.36,0
2024-11-18,SKU022,64,294209.92,4597.03,2,2,0,2024,11,47,Autumn,Product 022,Home Decor,Table,2023-02-12,3252.96,4597.03,1344.07,0
2024-11-18,SKU023,98,138840.52,1416.74,2,2,0,2024,11,47,Autumn,Product 023,Kitchen,Cushion,2022-07-20,2484.54,1416.74,-1067.8,1
2024-11-18,SKU024,74,130896.38,1768.87,2,2,0,2024,11,47,Autumn,Product 024,Lighting,Cookware,2024-10-16,5539.34,1768.87,-3770.47,1
2024-11-18,SKU025,26,300508.26,11558.01,2,2,0,2024,11,47,Autumn,Product 025,Storage,Lamp,2024-05-09,1333.08,11558.01,10224.93,0
2024-11-18,SKU026,124,1356502.96,10939.54,2,2,0,2024,11,47,Autumn,Product 026,Furniture,Shelf,2023-12-10,1799.29,10939.54,9140.25,0
2024-11-18,SKU027,163,1388205.8,8516.6,2,2,0,2024,11,47,Autumn,Product 027,Home Decor,Cabinet,2023-03-19,307.06,8516.6,8209.54,0
2024-11-18,SKU028,30,104522.7,3484.09,2,2,0,2024,11,47,Autumn,Product 028,Kitchen,Rug,2024-06-24,6348.66,3484.09,-2864.57,1
2024-11-18,SKU029,114,1327239.3,11642.45,2,2,0,2024,11,47,Autumn,Product 029,Lighting,Organizer,2023-08-23,5402.59,11642.45,6239.86,0
2024-11-18,SKU030,30,283005.3,9433.51,2,2,0,2024,11,47,Autumn,Product 030,Storage,Sofa,2023-05-03,5715.03,9433.51,3718.48,0
2024-11-18,SKU031,113,984900.09,8715.93,2,2,0,2024,11,47,Autumn,Product 031,Furniture,Chair,2023-05-11,6300.65,8715.93,2415.28,0
2024-11-18,SKU032,41,230116.19,5612.59,2,2,0,2024,11,47,Autumn,Product 032,Home Decor,Table,2022-09-07,3806.6,5612.59,1805.99,0
2024-11-18,SKU033,109,387822.0,3558.0,2,2,0,2024,11,47,Autumn,Product 033,Kitchen,Cushion,2022-04-12,4657.74,3558.0,-1099.74,1
2024-11-18,SKU034,121,183694.94,1518.14,2,2,0,2024,11,47,Autumn,Product 034,Lighting,Cookware,2023-09-03,1333.43,1518.14,184.71,0
2024-11-18,SKU035,135,1467475.65,10870.19,2,2,0,2024,11,47,Autumn,Product 035,Storage,Lamp,2024-09-03,1137.61,10870.19,9732.58,0
2024-11-18,SKU036,33,187671.0,5687.0,2,2,0,2024,11,47,Autumn,Product 036,Furniture,Shelf,2022-03-12,5430.12,5687.0,256.88,0
2024-11-18,SKU037,147,403870.74,2747.42,2,2,0,2024,11,47,Autumn,Product 037,Home Decor,Cabinet,2024-08-02,3901.0,2747.42,-1153.58,1
2024-11-18,SKU038,49,193505.9,3949.1,2,2,0,2024,11,47,Autumn,Product 038,Kitchen,Rug,2024-06-29,4630.58,3949.1,-681.48,1
2024-11-18,SKU039,24,170854.8,7118.95,2,2,0,2024,11,47,Autumn,Product 039,Lighting,Organizer,2022-11-01,6178.74,7118.95,940.21,0
2024-11-18,SKU040,92,225451.52,2450.56,2,2,0,2024,11,47,Autumn,Product 040,Storage,Sofa,2023-11-26,5169.07,2450.56,-2718.51,1
2024-11-18,SKU041,62,640877.26,10336.73,2,2,0,2024,11,47,Autumn,Product 041,Furniture,Chair,2022-07-01,4540.24,10336.73,5796.49,0
2024-11-18,SKU042,138,1269438.54,9198.83,2,2,0,2024,11,47,Autumn,Product 042,Home Decor,Table,2024-04-13,4583.86,9198.83,4614.97,0
2024-11-18,SKU043,142,1241899.34,8745.77,2,2,0,2024,11,47,Autumn,Product 043,Kitchen,Cushion,2024-02-10,2605.61,8745.77,6140.16,0
2024-11-18,SKU044,44,238140.32,5412.28,2,2,0,2024,11,47,Autumn,Product 044,Lighting,Cookware,2023-01-25,488.84,5412.28,4923.44,0
2024-11-18,SKU045,162,1243638.36,7676.78,2,2,0,2024,11,47,Autumn,Product 045,Storage,Lamp,2022-03-16,3634.56,7676.78,4042.22,0
2024-11-18,SKU046,60,430532.4,7175.54,2,2,0,2024,11,47,Autumn,Product 046,Furniture,Shelf,2024-12-03,1913.03,7175.54,5262.51,0
2024-11-18,SKU047,85,674748.7,7938.22,2,2,0,2024,11,47,Autumn,Product 047,Home Decor,Cabinet,2023-05-06,3416.1,7938.22,4522.12,0
2024-11-18,SKU048,55,75875.25,1379.55,2,2,0,2024,11,47,Autumn,Product 048,Kitchen,Rug,2024-09-09,6863.87,1379.55,-5484.32,1
2024-11-18,SKU049,136,710378.32,5223.37,2,2,0,2024,11,47,Autumn,Product 049,Lighting,Organizer,2024-01-16,2063.03,5223.37,3160.34,0
2024-11-18,SKU050,39,34426.08,882.72,2,2,0,2024,11,47,Autumn,Product 050,Storage,Sofa,2024-05-06,701.85,882.72,180.87,0
2024-11-25,SKU001,68,249155.4,3664.05,1,1,0,2024,11,48,Autumn,Product 001,Furniture,Chair,2022-04-09,1758.45,3664.05,1905.6,0
2024-11-25,SKU002,57,216924.33,3805.69,1,1,0,2024,11,48,Autumn,Product 002,Home Decor,Table,2024-05-01,3867.09,3805.69,-61.4,1
2024-11-25,SKU003,36,290816.28,8078.23,1,1,0,2024,11,48,Autumn,Product 003,Kitchen,Cushion,2023-12-22,589.48,8078.23,7488.75,0
2024-11-25,SKU004,24,164677.68,6861.57,1,1,0,2024,11,48,Autumn,Product 004,Lighting,Cookware,2023-04-28,1445.74,6861.57,5415.83,0
2024-11-25,SKU005,79,749964.38,9493.22,1,1,0,2024,11,48,Autumn,Product 005,Storage,Lamp,2023-04-22,5543.63,9493.22,3949.59,0
2024-11-25,SKU006,44,356665.76,8106.04,1,1,0,2024,11,48,Autumn,Product 006,Furniture,Shelf,2024-08-02,6021.91,8106.04,2084.13,0
2024-11-25,SKU007,132,675059.88,5114.09,1,1,0,2024,11,48,Autumn,Product 007,Home Decor,Cabinet,2022-04-05,7748.2,5114.09,-2634.11,1
2024-11-25,SKU008,108,1063005.12,9842.64,1,1,0,2024,11,48,Autumn,Product 008,Kitchen,Rug,2024-02-07,2775.15,9842.64,7067.49,0
2024-11-25,SKU009,52,121518.28,2336.89,1,1,0,2024,11,48,Autumn,Product 009,Lighting,Organizer,2022-08-10,3121.06,2336.89,-784.17,1
2024-11-25,SKU010,93,61701.78,663.46,1,1,0,2024,11,48,Autumn,Product 010,Storage,Sofa,2022-04-14,3889.06,663.46,-3225.6,1
2024-11-25,SKU011,22,31780.32,1444.56,1,1,0,2024,11,48,Autumn,Product 011,Furniture,Chair,2023-08-03,1718.4,1444.56,-273.84,1
2024-11-25,SKU012,170,1492492.9,8779.37,1,1,0,2024,11,48,Autumn,Product 012,Home Decor,Table,2024-12-09,1256.89,8779.37,7522.48,0
2024-11-25,SKU013,81,466380.18,5757.78,1,1,0,2024,11,48,Autumn,Product 013,Kitchen,Cushion,2024-03-20,3936.71,5757.78,1821.07,0
2024-11-25,SKU014,142,322446.5,2270.75,1,1,0,2024,11,48,Autumn,Product 014,Lighting,Cookware,2024-04-17,2008.55,2270.75,262.2,0
2024-11-25,SKU015,22,136666.64,6212.12,1,1,0,2024,11,48,Autumn,Product 015,Storage,Lamp,2024-02-29,5441.06,6212.12,771.06,0
2024-11-25,SKU016,97,210181.54,2166.82,1,1,0,2024,11,48,Autumn,Product 016,Furniture,Shelf,2024-05-14,3637.93,2166.82,-1471.11,1
2024-11-25,SKU017,82,695140.24,8477.32,1,1,0,2024,11,48,Autumn,Product 017,Home Decor,Cabinet,2023-07-19,6703.26,8477.32,1774.06,0
2024-11-25,SKU018,143,797283.63,5575.41,1,1,0,2024,11,48,Autumn,Product 018,Kitchen,Rug,2022-05-21,5677.05,5575.41,-101.64,1
2024-11-25,SKU019,110,530183.5,4819.85,1,1,0,2024,11,48,Autumn,Product 019,Lighting,Organizer,2024-07-12,2670.84,4819.85,2149.01,0
2024-11-25,SKU020,84,327393.36,3897.54,1,1,0,2024,11,48,Autumn,Product 020,Storage,Sofa,2023-05-11,6700.01,3897.54,-2802.47,1
2024-11-25,SKU021,37,285317.36,7711.28,1,1,0,2024,11,48,Autumn,Product 021,Furniture,Chair,2023-07-05,6486.92,7711.28,1224.36,0
2024-11-25,SKU022,61,280418.83,4597.03,1,1,0,2024,11,48,Autumn,Product 022,Home Decor,Table,2023-02-12,3252.96,4597.03,1344.07,0
2024-11-25,SKU023,111,157258.14,1416.74,1,1,0,2024,11,48,Autumn,Product 023,Kitchen,Cushion,2022-07-20,2484.54,1416.74,-1067.8,1
2024-11-25,SKU024,65,114976.55,1768.87,1,1,0,2024,11,48,Autumn,Product 024,Lighting,Cookware,2024-10-16,5539.34,1768.87,-3770.47,1
2024-11-25,SKU025,5,57790.05,11558.01,1,1,0,2024,11,48,Autumn,Product 025,Storage,Lamp,2024-05-09,1333.08,11558.01,10224.93,0
2024-11-25,SKU026,116,1268986.64,10939.54,1,1,0,2024,11,48,Autumn,Product 026,Furniture,Shelf,2023-12-10,1799.29,10939.54,9140.25,0
2024-11-25,SKU027,152,1294523.2,8516.6,1,1,0,2024,11,48,Autumn,Product 027,Home Decor,Cabinet,2023-03-19,307.06,8516.6,8209.54,0
2024-11-25,SKU028,41,142847.69,3484.09,1,1,0,2024,11,48,Autumn,Product 028,Kitchen,Rug,2024-06-24,6348.66,3484.09,-2864.57,1
2024-11-25,SKU029,83,966323.35,11642.45,1,1,0,2024,11,48,Autumn,Product 029,Lighting,Organizer,2023-08-23,5402.59,11642.45,6239.86,0
2024-11-25,SKU030,32,301872.32,9433.51,1,1,0,2024,11,48,Autumn,Product 030,Storage,Sofa,2023-05-03,5715.03,9433.51,3718.48,0
2024-11-25,SKU031,103,897740.79,8715.93,1,1,0,2024,11,48,Autumn,Product 031,Furniture,Chair,2023-05-11,6300.65,8715.93,2415.28,0
2024-11-25,SKU032,50,280629.5,5612.59,1,1,0,2024,11,48,Autumn,Product 032,Home Decor,Table,2022-09-07,3806.6,5612.59,1805.99,0
2024-11-25,SKU033,86,305988.0,3558.0,1,1,0,2024,11,48,Autumn,Product 033,Kitchen,Cushion,2022-04-12,4657.74,3558.0,-1099.74,1
2024-11-25,SKU034,142,215575.88,1518.14,1,1,0,2024,11,48,Autumn,Product 034,Lighting,Cookware,2023-09-03,1333.43,1518.14,184.71,0
2024-11-25,SKU035,132,1434865.08,10870.19,1,1,0,2024,11,48,Autumn,Product 035,Storage,Lamp,2024-09-03,1137.61,10870.19,9732.58,0
2024-11-25,SKU036,25,142175.0,5687.0,1,1,0,2024,11,48,Autumn,Product 036,Furniture,Shelf,2022-03-12,5430.12,5687.0,256.88,0
2024-11-25,SKU037,133,365406.86,2747.42,1,1,0,2024,11,48,Autumn,Product 037,Home Decor,Cabinet,2024-08-02,3901.0,2747.42,-1153.58,1
2024-11-25,SKU038,34,134269.4,3949.1,1,1,0,2024,11,48,Autumn,Product 038,Kitchen,Rug,2024-06-29,4630.58,3949.1,-681.48,1
2024-11-25,SKU039,11,78308.45,7118.95,1,1,0,2024,11,48,Autumn,Product 039,Lighting,Organizer,2022-11-01,6178.74,7118.95,940.21,0
2024-11-25,SKU040,92,225451.52,2450.56,1,1,0,2024,11,48,Autumn,Product 040,Storage,Sofa,2023-11-26,5169.07,2450.56,-2718.51,1
2024-11-25,SKU041,66,682224.18,10336.73,1,1,0,2024,11,48,Autumn,Product 041,Furniture,Chair,2022-07-01,4540.24,10336.73,5796.49,0
2024-11-25,SKU042,133,1223444.39,9198.83,1,1,0,2024,11,48,Autumn,Product 042,Home Decor,Table,2024-04-13,4583.86,9198.83,4614.97,0
2024-11-25,SKU043,127,1110712.79,8745.77,1,1,0,2024,11,48,Autumn,Product 043,Kitchen,Cushion,2024-02-10,2605.61,8745.77,6140.16,0
2024-11-25,SKU044,59,319324.52,5412.28,1,1,0,2024,11,48,Autumn,Product 044,Lighting,Cookware,2023-01-25,488.84,5412.28,4923.44,0
2024-11-25,SKU045,161,1235961.58,7676.78,1,1,0,2024,11,48,Autumn,Product 045,Storage,Lamp,2022-03-16,3634.56,7676.78,4042.22,0
2024-11-25,SKU046,48,344425.92,7175.54,1,1,0,2024,11,48,Autumn,Product 046,Furniture,Shelf,2024-12-03,1913.03,7175.54,5262.51,0
2024-11-25,SKU047,78,619181.16,7938.22,1,1,0,2024,11,48,Autumn,Product 047,Home Decor,Cabinet,2023-05-06,3416.1,7938.22,4522.12,0
2024-11-25,SKU048,56,77254.8,1379.55,1,1,0,2024,11,48,Autumn,Product 048,Kitchen,Rug,2024-09-09,6863.87,1379.55,-5484.32,1
2024-11-25,SKU049,145,757388.65,5223.37,1,1,0,2024,11,48,Autumn,Product 049,Lighting,Organizer,2024-01-16,2063.03,5223.37,3160.34,0
2024-11-25,SKU050,37,32660.64,882.72,1,1,0,2024,11,48,Autumn,Product 050,Storage,Sofa,2024-05-06,701.85,882.72,180.87,0
2024-12-02,SKU001,83,304116.15,3664.05,0,0,0,2024,12,49,Winter,Product 001,Furniture,Chair,2022-04-09,1758.45,3664.05,1905.6,0
2024-12-02,SKU002,66,251175.54,3805.69,0,0,0,2024,12,49,Winter,Product 002,Home Decor,Table,2024-05-01,3867.09,3805.69,-61.4,1
2024-12-02,SKU003,38,306972.74,8078.23,0,0,0,2024,12,49,Winter,Product 003,Kitchen,Cushion,2023-12-22,589.48,8078.23,7488.75,0
2024-12-02,SKU004,30,205847.1,6861.57,0,0,0,2024,12,49,Winter,Product 004,Lighting,Cookware,2023-04-28,1445.74,6861.57,5415.83,0
2024-12-02,SKU005,95,901855.9,9493.22,0,0,0,2024,12,49,Winter,Product 005,Storage,Lamp,2023-04-22,5543.63,9493.22,3949.59,0
2024-12-02,SKU006,44,356665.76,8106.04,0,0,0,2024,12,49,Winter,Product 006,Furniture,Shelf,2024-08-02,6021.91,8106.04,2084.13,0
2024-12-02,SKU007,148,756885.32,5114.09,0,0,0,2024,12,49,Winter,Product 007,Home Decor,Cabinet,2022-04-05,7748.2,5114.09,-2634.11,1
2024-12-02,SKU008,109,1072847.76,9842.64,0,0,0,2024,12,49,Winter,Product 008,Kitchen,Rug,2024-02-07,2775.15,9842.64,7067.49,0
2024-12-02,SKU009,55,128528.95,2336.89,0,0,0,2024,12,49,Winter,Product 009,Lighting,Organizer,2022-08-10,3121.06,2336.89,-784.17,1
2024-12-02,SKU010,99,65682.54,663.46,0,0,0,2024,12,49,Winter,Product 010,Storage,Sofa,2022-04-14,3889.06,663.46,-3225.6,1
2024-12-02,SKU011,25,36114.0,1444.56,0,0,0,2024,12,49,Winter,Product 011,Furniture,Chair,2023-08-03,1718.4,1444.56,-273.84,1
2024-12-02,SKU012,147,1290567.39,8779.37,0,0,0,2024,12,49,Winter,Product 012,Home Decor,Table,2024-12-09,1256.89,8779.37,7522.48,0
2024-12-02,SKU013,95,546989.1,5757.78,0,0,0,2024,12,49,Winter,Product 013,Kitchen,Cushion,2024-03-20,3936.71,5757.78,1821.07,0
2024-12-02,SKU014,128,290656.0,2270.75,0,0,0,2024,12,49,Winter,Product 014,Lighting,Cookware,2024-04-17,2008.55,2270.75,262.2,0
2024-12-02,SKU015,29,180151.48,6212.12,0,0,0,2024,12,49,Winter,Product 015,Storage,Lamp,2024-02-29,5441.06,6212.12,771.06,0
2024-12-02,SKU016,83,179846.06,2166.82,0,0,0,2024,12,49,Winter,Product 016,Furniture,Shelf,2024-05-14,3637.93,2166.82,-1471.11,1
2024-12-02,SKU017,81,686662.92,8477.32,0,0,0,2024,12,49,Winter,Product 017,Home Decor,Cabinet,2023-07-19,6703.26,8477.32,1774.06,0
2024-12-02,SKU018,182,1014724.62,5575.41,0,0,0,2024,12,49,Winter,Product 018,Kitchen,Rug,2022-05-21,5677.05,5575.41,-101.64,1
2024-12-02,SKU019,120,578382.0,4819.85,0,0,0,2024,12,49,Winter,Product 019,Lighting,Organizer,2024-07-12,2670.84,4819.85,2149.01,0
2024-12-02,SKU020,88,342983.52,3897.54,0,0,0,2024,12,49,Winter,Product 020,Storage,Sofa,2023-05-11,6700.01,3897.54,-2802.47,1
2024-12-02,SKU021,55,424120.4,7711.28,0,0,0,2024,12,49,Winter,Product 021,Furniture,Chair,2023-07-05,6486.92,7711.28,1224.36,0
2024-12-02,SKU022,62,285015.86,4597.03,0,0,0,2024,12,49,Winter,Product 022,Home Decor,Table,2023-02-12,3252.96,4597.03,1344.07,0
2024-12-02,SKU023,104,147340.96,1416.74,0,0,0,2024,12,49,Winter,Product 023,Kitchen,Cushion,2022-07-20,2484.54,1416.74,-1067.8,1
2024-12-02,SKU024,76,134434.12,1768.87,0,0,0,2024,12,49,Winter,Product 024,Lighting,Cookware,2024-10-16,5539.34,1768.87,-3770.47,1
2024-12-02,SKU025,22,254276.22,11558.01,0,0,0,2024,12,49,Winter,Product 025,Storage,Lamp,2024-05-09,1333.08,11558.01,10224.93,0
2024-12-02,SKU026,162,1772205.48,10939.54,0,0,0,2024,12,49,Winter,Product 026,Furniture,Shelf,2023-12-10,1799.29,10939.54,9140.25,0
2024-12-02,SKU027,153,1303039.8,8516.6,0,0,0,2024,12,49,Winter,Product 027,Home Decor,Cabinet,2023-03-19,307.06,8516.6,8209.54,0
2024-12-02,SKU028,36,125427.24,3484.09,0,0,0,2024,12,49,Winter,Product 028,Kitchen,Rug,2024-06-24,6348.66,3484.09,-2864.57,1
2024-12-02,SKU029,110,1280669.5,11642.45,0,0,0,2024,12,49,Winter,Product 029,Lighting,Organizer,2023-08-23,5402.59,11642.45,6239.86,0
2024-12-02,SKU030,30,283005.3,9433.51,0,0,0,2024,12,49,Winter,Product 030,Storage,Sofa,2023-05-03,5715.03,9433.51,3718.48,0
2024-12-02,SKU031,114,993616.02,8715.93,0,0,0,2024,12,49,Winter,Product 031,Furniture,Chair,2023-05-11,6300.65,8715.93,2415.28,0
2024-12-02,SKU032,54,303079.86,5612.59,0,0,0,2024,12,49,Winter,Product 032,Home Decor,Table,2022-09-07,3806.6,5612.59,1805.99,0
2024-12-02,SKU033,107,380706.0,3558.0,0,0,0,2024,12,49,Winter,Product 033,Kitchen,Cushion,2022-04-12,4657.74,3558.0,-1099.74,1
2024-12-02,SKU034,128,194321.92,1518.14,0,0,0,2024,12,49,Winter,Product 034,Lighting,Cookware,2023-09-03,1333.43,1518.14,184.71,0
2024-12-02,SKU035,135,1467475.65,10870.19,0,0,0,2024,12,49,Winter,Product 035,Storage,Lamp,2024-09-03,1137.61,10870.19,9732.58,0
2024-12-02,SKU036,26,147862.0,5687.0,0,0,0,2024,12,49,Winter,Product 036,Furniture,Shelf,2022-03-12,5430.12,5687.0,256.88,0
2024-12-02,SKU037,171,469808.82,2747.42,0,0,0,2024,12,49,Winter,Product 037,Home Decor,Cabinet,2024-08-02,3901.0,2747.42,-1153.58,1
2024-12-02,SKU038,55,217200.5,3949.1,0,0,0,2024,12,49,Winter,Product 038,Kitchen,Rug,2024-06-29,4630.58,3949.1,-681.48,1
2024-12-02,SKU039,14,99665.3,7118.95,0,0,0,2024,12,49,Winter,Product 039,Lighting,Organizer,2022-11-01,6178.74,7118.95,940.21,0
2024-12-02,SKU040,97,237704.32,2450.56,0,0,0,2024,12,49,Winter,Product 040,Storage,Sofa,2023-11-26,5169.07,2450.56,-2718.51,1
2024-12-02,SKU041,75,775254.75,10336.73,0,0,0,2024,12,49,Winter,Product 041,Furniture,Chair,2022-07-01,4540.24,10336.73,5796.49,0
2024-12-02,SKU042,159,1462613.97,9198.83,0,0,0,2024,12,49,Winter,Product 042,Home Decor,Table,2024-04-13,4583.86,9198.83,4614.97,0
2024-12-02,SKU043,147,1285628.19,8745.77,0,0,0,2024,12,49,Winter,Product 043,Kitchen,Cushion,2024-02-10,2605.61,8745.77,6140.16,0
2024-12-02,SKU044,50,270614.0,5412.28,0,0,0,2024,12,49,Winter,Product 044,Lighting,Cookware,2023-01-25,488.84,5412.28,4923.44,0
2024-12-02,SKU045,151,1159193.78,7676.78,0,0,0,2024,12,49,Winter,Product 045,Storage,Lamp,2022-03-16,3634.56,7676.78,4042.22,0
2024-12-02,SKU046,51,365952.54,7175.54,0,0,0,2024,12,49,Winter,Product 046,Furniture,Shelf,2024-12-03,1913.03,7175.54,5262.51,0
2024-12-02,SKU047,78,619181.16,7938.22,0,0,0,2024,12,49,Winter,Product 047,Home Decor,Cabinet,2023-05-06,3416.1,7938.22,4522.12,0
2024-12-02,SKU048,50,68977.5,1379.55,0,0,0,2024,12,49,Winter,Product 048,Kitchen,Rug,2024-09-09,6863.87,1379.55,-5484.32,1
2024-12-02,SKU049,149,778282.13,5223.37,0,0,0,2024,12,49,Winter,Product 049,Lighting,Organizer,2024-01-16,2063.03,5223.37,3160.34,0
2024-12-02,SKU050,33,29129.76,882.72,0,0,0,2024,12,49,Winter,Product 050,Storage,Sofa,2024-05-06,701.85,882.72,180.87,0
2024-12-09,SKU001,94,344420.7,3664.05,0,0,0,2024,12,50,Winter,Product 001,Furniture,Chair,2022-04-09,1758.45,3664.05,1905.6,0
2024-12-09,SKU002,57,216924.33,3805.69,0,0,0,2024,12,50,Winter,Product 002,Home Decor,Table,2024-05-01,3867.09,3805.69,-61.4,1
2024-12-09,SKU003,23,185799.29,8078.23,0,0,0,2024,12,50,Winter,Product 003,Kitchen,Cushion,2023-12-22,589.48,8078.23,7488.75,0
2024-12-09,SKU004,33,226431.81,6861.57,0,0,0,2024,12,50,Winter,Product 004,Lighting,Cookware,2023-04-28,1445.74,6861.57,5415.83,0
2024-12-09,SKU005,107,1015774.54,9493.22,0,0,0,2024,12,50,Winter,Product 005,Storage,Lamp,2023-04-22,5543.63,9493.22,3949.59,0
2024-12-09,SKU006,34,275605.36,8106.04,0,0,0,2024,12,50,Winter,Product 006,Furniture,Shelf,2024-08-02,6021.91,8106.04,2084.13,0
2024-12-09,SKU007,137,700630.33,5114.09,0,0,0,2024,12,50,Winter,Product 007,Home Decor,Cabinet,2022-04-05,7748.2,5114.09,-2634.11,1
2024-12-09,SKU008,104,1023634.56,9842.64,0,0,0,2024,12,50,Winter,Product 008,Kitchen,Rug,2024-02-07,2775.15,9842.64,7067.49,0
2024-12-09,SKU009,71,165919.19,2336.89,0,0,0,2024,12,50,Winter,Product 009,Lighting,Organizer,2022-08-10,3121.06,2336.89,-784.17,1
2024-12-09,SKU010,106,70326.76,663.46,0,0,0,2024,12,50,Winter,Product 010,Storage,Sofa,2022-04-14,3889.06,663.46,-3225.6,1
2024-12-09,SKU011,15,21668.4,1444.56,0,0,0,2024,12,50,Winter,Product 011,Furniture,Chair,2023-08-03,1718.4,1444.56,-273.84,1
2024-12-09,SKU012,184,1615404.08,8779.37,0,0,0,2024,12,50,Winter,Product 012,Home Decor,Table,2024-12-09,1256.89,8779.37,7522.48,0
2024-12-09,SKU013,94,541231.32,5757.78,0,0,0,2024,12,50,Winter,Product 013,Kitchen,Cushion,2024-03-20,3936.71,5757.78,1821.07,0
2024-12-09,SKU014,135,306551.25,2270.75,0,0,0,2024,12,50,Winter,Product 014,Lighting,Cookware,2024-04-17,2008.55,2270.75,262.2,0
2024-12-09,SKU015,21,130454.52,6212.12,0,0,0,2024,12,50,Winter,Product 015,Storage,Lamp,2024-02-29,5441.06,6212.12,771.06,0
2024-12-09,SKU016,71,153844.22,2166.82,0,0,0,2024,12,50,Winter,Product 016,Furniture,Shelf,2024-05-14,3637.93,2166.82,-1471.11,1
2024-12-09,SKU017,88,746004.16,8477.32,0,0,0,2024,12,50,Winter,Product 017,Home Decor,Cabinet,2023-07-19,6703.26,8477.32,1774.06,0
2024-12-09,SKU018,150,836311.5,5575.41,0,0,0,2024,12,50,Winter,Product 018,Kitchen,Rug,2022-05-21,5677.05,5575.41,-101.64,1
2024-12-09,SKU019,97,467525.45,4819.85,0,0,0,2024,12,50,Winter,Product 019,Lighting,Organizer,2024-07-12,2670.84,4819.85,2149.01,0
2024-12-09,SKU020,80,311803.2,3897.54,0,0,0,2024,12,50,Winter,Product 020,Storage,Sofa,2023-05-11,6700.01,3897.54,-2802.47,1
2024-12-09,SKU021,63,485810.64,7711.28,0,0,0,2024,12,50,Winter,Product 021,Furniture,Chair,2023-07-05,6486.92,7711.28,1224.36,0
2024-12-09,SKU022,70,321792.1,4597.03,0,0,0,2024,12,50,Winter,Product 022,Home Decor,Table,2023-02-12,3252.96,4597.03,1344.07,0
2024-12-09,SKU023,80,113339.2,1416.74,0,0,0,2024,12,50,Winter,Product 023,Kitchen,Cushion,2022-07-20,2484.54,1416.74,-1067.8,1
2024-12-09,SKU024,101,178655.87,1768.87,0,0,0,2024,12,50,Winter,Product 024,Lighting,Cookware,2024-10-16,5539.34,1768.87,-3770.47,1
2024-12-09,SKU025,24,277392.24,11558.01,0,0,0,2024,12,50,Winter,Product 025,Storage,Lamp,2024-05-09,1333.08,11558.01,10224.93,0
2024-12-09,SKU026,148,1619051.92,10939.54,0,0,0,2024,12,50,Winter,Product 026,Furniture,Shelf,2023-12-10,1799.29,10939.54,9140.25,0
2024-12-09,SKU027,154,1311556.4,8516.6,0,0,0,2024,12,50,Winter,Product 027,Home Decor,Cabinet,2023-03-19,307.06,8516.6,8209.54,0
2024-12-09,SKU028,48,167236.32,3484.09,0,0,0,2024,12,50,Winter,Product 028,Kitchen,Rug,2024-06-24,6348.66,3484.09,-2864.57,1
2024-12-09,SKU029,95,1106032.75,11642.45,0,0,0,2024,12,50,Winter,Product 029,Lighting,Organizer,2023-08-23,5402.59,11642.45,6239.86,0
2024-12-09,SKU030,38,358473.38,9433.51,0,0,0,2024,12,50,Winter,Product 030,Storage,Sofa,2023-05-03,5715.03,9433.51,3718.48,0
2024-12-09,SKU031,107,932604.51,8715.93,0,0,0,2024,12,50,Winter,Product 031,Furniture,Chair,2023-05-11,6300.65,8715.93,2415.28,0
2024-12-09,SKU032,58,325530.22,5612.59,0,0,0,2024,12,50,Winter,Product 032,Home Decor,Table,2022-09-07,3806.6,5612.59,1805.99,0
2024-12-09,SKU033,127,451866.0,3558.0,0,0,0,2024,12,50,Winter,Product 033,Kitchen,Cushion,2022-04-12,4657.74,3558.0,-1099.74,1
2024-12-09,SKU034,137,207985.18,1518.14,0,0,0,2024,12,50,Winter,Product 034,Lighting,Cookware,2023-09-03,1333.43,1518.14,184.71,0
2024-12-09,SKU035,133,1445735.27,10870.19,0,0,0,2024,12,50,Winter,Product 035,Storage,Lamp,2024-09-03,1137.61,10870.19,9732.58,0
2024-12-09,SKU036,36,204732.0,5687.0,0,0,0,2024,12,50,Winter,Product 036,Furniture,Shelf,2022-03-12,5430.12,5687.0,256.88,0
2024-12-09,SKU037,173,475303.66,2747.42,0,0,0,2024,12,50,Winter,Product 037,Home Decor,Cabinet,2024-08-02,3901.0,2747.42,-1153.58,1
2024-12-09,SKU038,56,221149.6,3949.1,0,0,0,2024,12,50,Winter,Product 038,Kitchen,Rug,2024-06-29,4630.58,3949.1,-681.48,1
2024-12-09,SKU039,17,121022.15,7118.95,0,0,0,2024,12,50,Winter,Product 039,Lighting,Organizer,2022-11-01,6178.74,7118.95,940.21,0
2024-12-09,SKU040,90,220550.4,2450.56,0,0,0,2024,12,50,Winter,Product 040,Storage,Sofa,2023-11-26,5169.07,2450.56,-2718.51,1
2024-12-09,SKU041,54,558183.42,10336.73,0,0,0,2024,12,50,Winter,Product 041,Furniture,Chair,2022-07-01,4540.24,10336.73,5796.49,0
2024-12-09,SKU042,132,1214245.56,9198.83,0,0,0,2024,12,50,Winter,Product 042,Home Decor,Table,2024-04-13,4583.86,9198.83,4614.97,0
2024-12-09,SKU043,133,1163187.41,8745.77,0,0,0,2024,12,50,Winter,Product 043,Kitchen,Cushion,2024-02-10,2605.61,8745.77,6140.16,0
2024-12-09,SKU044,54,292263.12,5412.28,0,0,0,2024,12,50,Winter,Product 044,Lighting,Cookware,2023-01-25,488.84,5412.28,4923.44,0
2024-12-09,SKU045,149,1143840.22,7676.78,0,0,0,2024,12,50,Winter,Product 045,Storage,Lamp,2022-03-16,3634.56,7676.78,4042.22,0
2024-12-09,SKU046,63,452059.02,7175.54,0,0,0,2024,12,50,Winter,Product 046,Furniture,Shelf,2024-12-03,1913.03,7175.54,5262.51,0
2024-12-09,SKU047,85,674748.7,7938.22,0,0,0,2024,12,50,Winter,Product 047,Home Decor,Cabinet,2023-05-06,3416.1,7938.22,4522.12,0
2024-12-09,SKU048,55,75875.25,1379.55,0,0,0,2024,12,50,Winter,Product 048,Kitchen,Rug,2024-09-09,6863.87,1379.55,-5484.32,1
2024-12-09,SKU049,150,783505.5,5223.37,0,0,0,2024,12,50,Winter,Product 049,Lighting,Organizer,2024-01-16,2063.03,5223.37,3160.34,0
2024-12-09,SKU050,37,32660.64,882.72,0,0,0,2024,12,50,Winter,Product 050,Storage,Sofa,2024-05-06,701.85,882.72,180.87,0
2024-12-16,SKU001,77,282131.85,3664.05,0,0,0,2024,12,51,Winter,Product 001,Furniture,Chair,2022-04-09,1758.45,3664.05,1905.6,0
2024-12-16,SKU002,59,224535.71,3805.69,0,0,0,2024,12,51,Winter,Product 002,Home Decor,Table,2024-05-01,3867.09,3805.69,-61.4,1
2024-12-16,SKU003,48,387755.04,8078.23,0,0,0,2024,12,51,Winter,Product 003,Kitchen,Cushion,2023-12-22,589.48,8078.23,7488.75,0
2024-12-16,SKU004,27,185262.39,6861.57,0,0,0,2024,12,51,Winter,Product 004,Lighting,Cookware,2023-04-28,1445.74,6861.57,5415.83,0
2024-12-16,SKU005,110,1044254.2,9493.22,0,0,0,2024,12,51,Winter,Product 005,Storage,Lamp,2023-04-22,5543.63,9493.22,3949.59,0
2024-12-16,SKU006,44,356665.76,8106.04,0,0,0,2024,12,51,Winter,Product 006,Furniture,Shelf,2024-08-02,6021.91,8106.04,2084.13,0
2024-12-16,SKU007,167,854053.03,5114.09,0,0,0,2024,12,51,Winter,Product 007,Home Decor,Cabinet,2022-04-05,7748.2,5114.09,-2634.11,1
2024-12-16,SKU008,82,807096.48,9842.64,0,0,0,2024,12,51,Winter,Product 008,Kitchen,Rug,2024-02-07,2775.15,9842.64,7067.49,0
2024-12-16,SKU009,76,177603.64,2336.89,0,0,0,2024,12,51,Winter,Product 009,Lighting,Organizer,2022-08-10,3121.06,2336.89,-784.17,1
2024-12-16,SKU010,109,72317.14,663.46,0,0,0,2024,12,51,Winter,Product 010,Storage,Sofa,2022-04-14,3889.06,663.46,-3225.6,1
2024-12-16,SKU011,20,28891.2,1444.56,0,0,0,2024,12,51,Winter,Product 011,Furniture,Chair,2023-08-03,1718.4,1444.56,-273.84,1
2024-12-16,SKU012,161,1413478.57,8779.37,0,0,0,2024,12,51,Winter,Product 012,Home Decor,Table,2024-12-09,1256.89,8779.37,7522.48,0
2024-12-16,SKU013,84,483653.52,5757.78,0,0,0,2024,12,51,Winter,Product 013,Kitchen,Cushion,2024-03-20,3936.71,5757.78,1821.07,0
2024-12-16,SKU014,141,320175.75,2270.75,0,0,0,2024,12,51,Winter,Product 014,Lighting,Cookware,2024-04-17,2008.55,2270.75,262.2,0
2024-12-16,SKU015,26,161515.12,6212.12,0,0,0,2024,12,51,Winter,Product 015,Storage,Lamp,2024-02-29,5441.06,6212.12,771.06,0
2024-12-16,SKU016,82,177679.24,2166.82,0,0,0,2024,12,51,Winter,Product 016,Furniture,Shelf,2024-05-14,3637.93,2166.82,-1471.11,1
2024-12-16,SKU017,80,678185.6,8477.32,0,0,0,2024,12,51,Winter,Product 017,Home Decor,Cabinet,2023-07-19,6703.26,8477.32,1774.06,0
2024-12-16,SKU018,172,958970.52,5575.41,0,0,0,2024,12,51,Winter,Product 018,Kitchen,Rug,2022-05-21,5677.05,5575.41,-101.64,1
2024-12-16,SKU019,106,510904.1,4819.85,0,0,0,2024,12,51,Winter,Product 019,Lighting,Organizer,2024-07-12,2670.84,4819.85,2149.01,0
2024-12-16,SKU020,81,315700.74,3897.54,0,0,0,2024,12,51,Winter,Product 020,Storage,Sofa,2023-05-11,6700.01,3897.54,-2802.47,1
2024-12-16,SKU021,50,385564.0,7711.28,0,0,0,2024,12,51,Winter,Product 021,Furniture,Chair,2023-07-05,6486.92,7711.28,1224.36,0
2024-12-16,SKU022,46,211463.38,4597.03,0,0,0,2024,12,51,Winter,Product 022,Home Decor,Table,2023-02-12,3252.96,4597.03,1344.07,0
2024-12-16,SKU023,90,127506.6,1416.74,0,0,0,2024,12,51,Winter,Product 023,Kitchen,Cushion,2022-07-20,2484.54,1416.74,-1067.8,1
2024-12-16,SKU024,75,132665.25,1768.87,0,0,0,2024,12,51,Winter,Product 024,Lighting,Cookware,2024-10-16,5539.34,1768.87,-3770.47,1
2024-12-16,SKU025,22,254276.22,11558.01,0,0,0,2024,12,51,Winter,Product 025,Storage,Lamp,2024-05-09,1333.08,11558.01,10224.93,0
2024-12-16,SKU026,131,1433079.74,10939.54,0,0,0,2024,12,51,Winter,Product 026,Furniture,Shelf,2023-12-10,1799.29,10939.54,9140.25,0
2024-12-16,SKU027,133,1132707.8,8516.6,0,0,0,2024,12,51,Winter,Product 027,Home Decor,Cabinet,2023-03-19,307.06,8516.6,8209.54,0
2024-12-16,SKU028,45,156784.05,3484.09,0,0,0,2024,12,51,Winter,Product 028,Kitchen,Rug,2024-06-24,6348.66,3484.09,-2864.57,1
2024-12-16,SKU029,109,1269027.05,11642.45,0,0,0,2024,12,51,Winter,Product 029,Lighting,Organizer,2023-08-23,5402.59,11642.45,6239.86,0
2024-12-16,SKU030,32,301872.32,9433.51,0,0,0,2024,12,51,Winter,Product 030,Storage,Sofa,2023-05-03,5715.03,9433.51,3718.48,0
2024-12-16,SKU031,106,923888.58,8715.93,0,0,0,2024,12,51,Winter,Product 031,Furniture,Chair,2023-05-11,6300.65,8715.93,2415.28,0
2024-12-16,SKU032,59,331142.81,5612.59,0,0,0,2024,12,51,Winter,Product 032,Home Decor,Table,2022-09-07,3806.6,5612.59,1805.99,0
2024-12-16,SKU033,120,426960.0,3558.0,0,0,0,2024,12,51,Winter,Product 033,Kitchen,Cushion,2022-04-12,4657.74,3558.0,-1099.74,1
2024-12-16,SKU034,114,173067.96,1518.14,0,0,0,2024,12,51,Winter,Product 034,Lighting,Cookware,2023-09-03,1333.43,1518.14,184.71,0
2024-12-16,SKU035,134,1456605.46,10870.19,0,0,0,2024,12,51,Winter,Product 035,Storage,Lamp,2024-09-03,1137.61,10870.19,9732.58,0
2024-12-16,SKU036,25,142175.0,5687.0,0,0,0,2024,12,51,Winter,Product 036,Furniture,Shelf,2022-03-12,5430.12,5687.0,256.88,0
2024-12-16,SKU037,177,486293.34,2747.42,0,0,0,2024,12,51,Winter,Product 037,Home Decor,Cabinet,2024-08-02,3901.0,2747.42,-1153.58,1
2024-12-16,SKU038,45,177709.5,3949.1,0,0,0,2024,12,51,Winter,Product 038,Kitchen,Rug,2024-06-29,4630.58,3949.1,-681.48,1
2024-12-16,SKU039,13,92546.35,7118.95,0,0,0,2024,12,51,Winter,Product 039,Lighting,Organizer,2022-11-01,6178.74,7118.95,940.21,0
2024-12-16,SKU040,99,242605.44,2450.56,0,0,0,2024,12,51,Winter,Product 040,Storage,Sofa,2023-11-26,5169.07,2450.56,-2718.51,1
2024-12-16,SKU041,79,816601.67,10336.73,0,0,0,2024,12,51,Winter,Product 041,Furniture,Chair,2022-07-01,4540.24,10336.73,5796.49,0
2024-12-16,SKU042,122,1122257.26,9198.83,0,0,0,2024,12,51,Winter,Product 042,Home Decor,Table,2024-04-13,4583.86,9198.83,4614.97,0
2024-12-16,SKU043,133,1163187.41,8745.77,0,0,0,2024,12,51,Winter,Product 043,Kitchen,Cushion,2024-02-10,2605.61,8745.77,6140.16,0
2024-12-16,SKU044,52,281438.56,5412.28,0,0,0,2024,12,51,Winter,Product 044,Lighting,Cookware,2023-01-25,488.84,5412.28,4923.44,0
2024-12-16,SKU045,159,1220608.02,7676.78,0,0,0,2024,12,51,Winter,Product 045,Storage,Lamp,2022-03-16,3634.56,7676.78,4042.22,0
2024-12-16,SKU046,59,423356.86,7175.54,0,0,0,2024,12,51,Winter,Product 046,Furniture,Shelf,2024-12-03,1913.03,7175.54,5262.51,0
2024-12-16,SKU047,92,730316.24,7938.22,0,0,0,2024,12,51,Winter,Product 047,Home Decor,Cabinet,2023-05-06,3416.1,7938.22,4522.12,0
2024-12-16,SKU048,41,56561.55,1379.55,0,0,0,2024,12,51,Winter,Product 048,Kitchen,Rug,2024-09-09,6863.87,1379.55,-5484.32,1
2024-12-16,SKU049,161,840962.57,5223.37,0,0,0,2024,12,51,Winter,Product 049,Lighting,Organizer,2024-01-16,2063.03,5223.37,3160.34,0
2024-12-16,SKU050,32,28247.04,882.72,0,0,0,2024,12,51,Winter,Product 050,Storage,Sofa,2024-05-06,701.85,882.72,180.87,0
2024-12-23,SKU001,105,384725.25,3664.05,0,0,1,2024,12,52,Winter,Product 001,Furniture,Chair,2022-04-09,1758.45,3664.05,1905.6,0
2024-12-23,SKU002,65,247369.85,3805.69,0,0,1,2024,12,52,Winter,Product 002,Home Decor,Table,2024-05-01,3867.09,3805.69,-61.4,1
2024-12-23,SKU003,30,242346.9,8078.23,0,0,1,2024,12,52,Winter,Product 003,Kitchen,Cushion,2023-12-22,589.48,8078.23,7488.75,0
2024-12-23,SKU004,28,192123.96,6861.57,0,0,1,2024,12,52,Winter,Product 004,Lighting,Cookware,2023-04-28,1445.74,6861.57,5415.83,0
2024-12-23,SKU005,106,1006281.32,9493.22,0,0,1,2024,12,52,Winter,Product 005,Storage,Lamp,2023-04-22,5543.63,9493.22,3949.59,0
2024-12-23,SKU006,48,389089.92,8106.04,0,0,1,2024,12,52,Winter,Product 006,Furniture,Shelf,2024-08-02,6021.91,8106.04,2084.13,0
2024-12-23,SKU007,147,751771.23,5114.09,0,0,1,2024,12,52,Winter,Product 007,Home Decor,Cabinet,2022-04-05,7748.2,5114.09,-2634.11,1
2024-12-23,SKU008,97,954736.08,9842.64,0,0,1,2024,12,52,Winter,Product 008,Kitchen,Rug,2024-02-07,2775.15,9842.64,7067.49,0
2024-12-23,SKU009,68,158908.52,2336.89,0,0,1,2024,12,52,Winter,Product 009,Lighting,Organizer,2022-08-10,3121.06,2336.89,-784.17,1
2024-12-23,SKU010,109,72317.14,663.46,0,0,1,2024,12,52,Winter,Product 010,Storage,Sofa,2022-04-14,3889.06,663.46,-3225.6,1
2024-12-23,SKU011,17,24557.52,1444.56,0,0,1,2024,12,52,Winter,Product 011,Furniture,Chair,2023-08-03,1718.4,1444.56,-273.84,1
2024-12-23,SKU012,161,1413478.57,8779.37,0,0,1,2024,12,52,Winter,Product 012,Home Decor,Table,2024-12-09,1256.89,8779.37,7522.48,0
2024-12-23,SKU013,83,477895.74,5757.78,0,0,1,2024,12,52,Winter,Product 013,Kitchen,Cushion,2024-03-20,3936.71,5757.78,1821.07,0
2024-12-23,SKU014,135,306551.25,2270.75,0,0,1,2024,12,52,Winter,Product 014,Lighting,Cookware,2024-04-17,2008.55,2270.75,262.2,0
2024-12-23,SKU015,32,198787.84,6212.12,0,0,1,2024,12,52,Winter,Product 015,Storage,Lamp,2024-02-29,5441.06,6212.12,771.06,0
2024-12-23,SKU016,75,162511.5,2166.82,0,0,1,2024,12,52,Winter,Product 016,Furniture,Shelf,2024-05-14,3637.93,2166.82,-1471.11,1
2024-12-23,SKU017,94,796868.08,8477.32,0,0,1,2024,12,52,Winter,Product 017,Home Decor,Cabinet,2023-07-19,6703.26,8477.32,1774.06,0
2024-12-23,SKU018,154,858613.14,5575.41,0,0,1,2024,12,52,Winter,Product 018,Kitchen,Rug,2022-05-21,5677.05,5575.41,-101.64,1
2024-12-23,SKU019,86,414507.1,4819.85,0,0,1,2024,12,52,Winter,Product 019,Lighting,Organizer,2024-07-12,2670.84,4819.85,2149.01,0
2024-12-23,SKU020,87,339085.98,3897.54,0,0,1,2024,12,52,Winter,Product 020,Storage,Sofa,2023-05-11,6700.01,3897.54,-2802.47,1
2024-12-23,SKU021,54,416409.12,7711.28,0,0,1,2024,12,52,Winter,Product 021,Furniture,Chair,2023-07-05,6486.92,7711.28,1224.36,0
2024-12-23,SKU022,59,271224.77,4597.03,0,0,1,2024,12,52,Winter,Product 022,Home Decor,Table,2023-02-12,3252.96,4597.03,1344.07,0
2024-12-23,SKU023,99,140257.26,1416.74,0,0,1,2024,12,52,Winter,Product 023,Kitchen,Cushion,2022-07-20,2484.54,1416.74,-1067.8,1
2024-12-23,SKU024,71,125589.77,1768.87,0,0,1,2024,12,52,Winter,Product 024,Lighting,Cookware,2024-10-16,5539.34,1768.87,-3770.47,1
2024-12-23,SKU025,16,184928.16,11558.01,0,0,1,2024,12,52,Winter,Product 025,Storage,Lamp,2024-05-09,1333.08,11558.01,10224.93,0
2024-12-23,SKU026,145,1586233.3,10939.54,0,0,1,2024,12,52,Winter,Product 026,Furniture,Shelf,2023-12-10,1799.29,10939.54,9140.25,0
2024-12-23,SKU027,172,1464855.2,8516.6,0,0,1,2024,12,52,Winter,Product 027,Home Decor,Cabinet,2023-03-19,307.06,8516.6,8209.54,0
2024-12-23,SKU028,37,128911.33,3484.09,0,0,1,2024,12,52,Winter,Product 028,Kitchen,Rug,2024-06-24,6348.66,3484.09,-2864.57,1
2024-12-23,SKU029,96,1117675.2,11642.45,0,0,1,2024,12,52,Winter,Product 029,Lighting,Organizer,2023-08-23,5402.59,11642.45,6239.86,0
2024-12-23,SKU030,27,254704.77,9433.51,0,0,1,2024,12,52,Winter,Product 030,Storage,Sofa,2023-05-03,5715.03,9433.51,3718.48,0
2024-12-23,SKU031,108,941320.44,8715.93,0,0,1,2024,12,52,Winter,Product 031,Furniture,Chair,2023-05-11,6300.65,8715.93,2415.28,0
2024-12-23,SKU032,64,359205.76,5612.59,0,0,1,2024,12,52,Winter,Product 032,Home Decor,Table,2022-09-07,3806.6,5612.59,1805.99,0
2024-12-23,SKU033,108,384264.0,3558.0,0,0,1,2024,12,52,Winter,Product 033,Kitchen,Cushion,2022-04-12,4657.74,3558.0,-1099.74,1
2024-12-23,SKU034,127,192803.78,1518.14,0,0,1,2024,12,52,Winter,Product 034,Lighting,Cookware,2023-09-03,1333.43,1518.14,184.71,0
2024-12-23,SKU035,126,1369643.94,10870.19,0,0,1,2024,12,52,Winter,Product 035,Storage,Lamp,2024-09-03,1137.61,10870.19,9732.58,0
2024-12-23,SKU036,37,210419.0,5687.0,0,0,1,2024,12,52,Winter,Product 036,Furniture,Shelf,2022-03-12,5430.12,5687.0,256.88,0
2024-12-23,SKU037,137,376396.54,2747.42,0,0,1,2024,12,52,Winter,Product 037,Home Decor,Cabinet,2024-08-02,3901.0,2747.42,-1153.58,1
2024-12-23,SKU038,45,177709.5,3949.1,0,0,1,2024,12,52,Winter,Product 038,Kitchen,Rug,2024-06-29,4630.58,3949.1,-681.48,1
2024-12-23,SKU039,16,113903.2,7118.95,0,0,1,2024,12,52,Winter,Product 039,Lighting,Organizer,2022-11-01,6178.74,7118.95,940.21,0
2024-12-23,SKU040,103,252407.68,2450.56,0,0,1,2024,12,52,Winter,Product 040,Storage,Sofa,2023-11-26,5169.07,2450.56,-2718.51,1
2024-12-23,SKU041,80,826938.4,10336.73,0,0,1,2024,12,52,Winter,Product 041,Furniture,Chair,2022-07-01,4540.24,10336.73,5796.49,0
2024-12-23,SKU042,158,1453415.14,9198.83,0,0,1,2024,12,52,Winter,Product 042,Home Decor,Table,2024-04-13,4583.86,9198.83,4614.97,0
2024-12-23,SKU043,131,1145695.87,8745.77,0,0,1,2024,12,52,Winter,Product 043,Kitchen,Cushion,2024-02-10,2605.61,8745.77,6140.16,0
2024-12-23,SKU044,60,324736.8,5412.28,0,0,1,2024,12,52,Winter,Product 044,Lighting,Cookware,2023-01-25,488.84,5412.28,4923.44,0
2024-12-23,SKU045,190,1458588.2,7676.78,0,0,1,2024,12,52,Winter,Product 045,Storage,Lamp,2022-03-16,3634.56,7676.78,4042.22,0
2024-12-23,SKU046,66,473585.64,7175.54,0,0,1,2024,12,52,Winter,Product 046,Furniture,Shelf,2024-12-03,1913.03,7175.54,5262.51,0
2024-12-23,SKU047,82,650934.04,7938.22,0,0,1,2024,12,52,Winter,Product 047,Home Decor,Cabinet,2023-05-06,3416.1,7938.22,4522.12,0
2024-12-23,SKU048,62,85532.1,1379.55,0,0,1,2024,12,52,Winter,Product 048,Kitchen,Rug,2024-09-09,6863.87,1379.55,-5484.32,1
2024-12-23,SKU049,135,705154.95,5223.37,0,0,1,2024,12,52,Winter,Product 049,Lighting,Organizer,2024-01-16,2063.03,5223.37,3160.34,0
2024-12-23,SKU050,54,47666.88,882.72,0,0,1,2024,12,52,Winter,Product 050,Storage,Sofa,2024-05-06,701.85,882.72,180.87,0
2024-12-30,SKU001,78,285795.9,3664.05,0,0,0,2024,12,1,Winter,Product 001,Furniture,Chair,2022-04-09,1758.45,3664.05,1905.6,0
2024-12-30,SKU002,70,266398.3,3805.69,0,0,0,2024,12,1,Winter,Product 002,Home Decor,Table,2024-05-01,3867.09,3805.69,-61.4,1
2024-12-30,SKU003,32,258503.36,8078.23,0,0,0,2024,12,1,Winter,Product 003,Kitchen,Cushion,2023-12-22,589.48,8078.23,7488.75,0
2024-12-30,SKU004,37,253878.09,6861.57,0,0,0,2024,12,1,Winter,Product 004,Lighting,Cookware,2023-04-28,1445.74,6861.57,5415.83,0
2024-12-30,SKU005,111,1053747.42,9493.22,0,0,0,2024,12,1,Winter,Product 005,Storage,Lamp,2023-04-22,5543.63,9493.22,3949.59,0
2024-12-30,SKU006,45,364771.8,8106.04,0,0,0,2024,12,1,Winter,Product 006,Furniture,Shelf,2024-08-02,6021.91,8106.04,2084.13,0
2024-12-30,SKU007,175,894965.75,5114.09,0,0,0,2024,12,1,Winter,Product 007,Home Decor,Cabinet,2022-04-05,7748.2,5114.09,-2634.11,1
2024-12-30,SKU008,103,1013791.92,9842.64,0,0,0,2024,12,1,Winter,Product 008,Kitchen,Rug,2024-02-07,2775.15,9842.64,7067.49,0
2024-12-30,SKU009,66,154234.74,2336.89,0,0,0,2024,12,1,Winter,Product 009,Lighting,Organizer,2022-08-10,3121.06,2336.89,-784.17,1
2024-12-30,SKU010,116,76961.36,663.46,0,0,0,2024,12,1,Winter,Product 010,Storage,Sofa,2022-04-14,3889.06,663.46,-3225.6,1
2024-12-30,SKU011,17,24557.52,1444.56,0,0,0,2024,12,1,Winter,Product 011,Furniture,Chair,2023-08-03,1718.4,1444.56,-273.84,1
2024-12-30,SKU012,161,1413478.57,8779.37,0,0,0,2024,12,1,Winter,Product 012,Home Decor,Table,2024-12-09,1256.89,8779.37,7522.48,0
2024-12-30,SKU013,82,472137.96,5757.78,0,0,0,2024,12,1,Winter,Product 013,Kitchen,Cushion,2024-03-20,3936.71,5757.78,1821.07,0
2024-12-30,SKU014,131,297468.25,2270.75,0,0,0,2024,12,1,Winter,Product 014,Lighting,Cookware,2024-04-17,2008.55,2270.75,262.2,0
2024-12-30,SKU015,31,192575.72,6212.12,0,0,0,2024,12,1,Winter,Product 015,Storage,Lamp,2024-02-29,5441.06,6212.12,771.06,0
2024-12-30,SKU016,92,199347.44,2166.82,0,0,0,2024,12,1,Winter,Product 016,Furniture,Shelf,2024-05-14,3637.93,2166.82,-1471.11,1
2024-12-30,SKU017,85,720572.2,8477.32,0,0,0,2024,12,1,Winter,Product 017,Home Decor,Cabinet,2023-07-19,6703.26,8477.32,1774.06,0
2024-12-30,SKU018,181,1009149.21,5575.41,0,0,0,2024,12,1,Winter,Product 018,Kitchen,Rug,2022-05-21,5677.05,5575.41,-101.64,1
2024-12-30,SKU019,100,481985.0,4819.85,0,0,0,2024,12,1,Winter,Product 019,Lighting,Organizer,2024-07-12,2670.84,4819.85,2149.01,0
2024-12-30,SKU020,93,362471.22,3897.54,0,0,0,2024,12,1,Winter,Product 020,Storage,Sofa,2023-05-11,6700.01,3897.54,-2802.47,1
2024-12-30,SKU021,48,370141.44,7711.28,0,0,0,2024,12,1,Winter,Product 021,Furniture,Chair,2023-07-05,6486.92,7711.28,1224.36,0
2024-12-30,SKU022,77,353971.31,4597.03,0,0,0,2024,12,1,Winter,Product 022,Home Decor,Table,2023-02-12,3252.96,4597.03,1344.07,0
2024-12-30,SKU023,117,165758.58,1416.74,0,0,0,2024,12,1,Winter,Product 023,Kitchen,Cushion,2022-07-20,2484.54,1416.74,-1067.8,1
2024-12-30,SKU024,101,178655.87,1768.87,0,0,0,2024,12,1,Winter,Product 024,Lighting,Cookware,2024-10-16,5539.34,1768.87,-3770.47,1
2024-12-30,SKU025,15,173370.15,11558.01,0,0,0,2024,12,1,Winter,Product 025,Storage,Lamp,2024-05-09,1333.08,11558.01,10224.93,0
2024-12-30,SKU026,147,1608112.38,10939.54,0,0,0,2024,12,1,Winter,Product 026,Furniture,Shelf,2023-12-10,1799.29,10939.54,9140.25,0
2024-12-30,SKU027,185,1575571.0,8516.6,0,0,0,2024,12,1,Winter,Product 027,Home Decor,Cabinet,2023-03-19,307.06,8516.6,8209.54,0
2024-12-30,SKU028,47,163752.23,3484.09,0,0,0,2024,12,1,Winter,Product 028,Kitchen,Rug,2024-06-24,6348.66,3484.09,-2864.57,1
2024-12-30,SKU029,114,1327239.3,11642.45,0,0,0,2024,12,1,Winter,Product 029,Lighting,Organizer,2023-08-23,5402.59,11642.45,6239.86,0
2024-12-30,SKU030,21,198103.71,9433.51,0,0,0,2024,12,1,Winter,Product 030,Storage,Sofa,2023-05-03,5715.03,9433.51,3718.48,0
2024-12-30,SKU031,138,1202798.34,8715.93,0,0,0,2024,12,1,Winter,Product 031,Furniture,Chair,2023-05-11,6300.65,8715.93,2415.28,0
2024-12-30,SKU032,57,319917.63,5612.59,0,0,0,2024,12,1,Winter,Product 032,Home Decor,Table,2022-09-07,3806.6,5612.59,1805.99,0
2024-12-30,SKU033,103,366474.0,3558.0,0,0,0,2024,12,1,Winter,Product 033,Kitchen,Cushion,2022-04-12,4657.74,3558.0,-1099.74,1
2024-12-30,SKU034,129,195840.06,1518.14,0,0,0,2024,12,1,Winter,Product 034,Lighting,Cookware,2023-09-03,1333.43,1518.14,184.71,0
2024-12-30,SKU035,139,1510956.41,10870.19,0,0,0,2024,12,1,Winter,Product 035,Storage,Lamp,2024-09-03,1137.61,10870.19,9732.58,0
2024-12-30,SKU036,22,125114.0,5687.0,0,0,0,2024,12,1,Winter,Product 036,Furniture,Shelf,2022-03-12,5430.12,5687.0,256.88,0
2024-12-30,SKU037,159,436839.78,2747.42,0,0,0,2024,12,1,Winter,Product 037,Home Decor,Cabinet,2024-08-02,3901.0,2747.42,-1153.58,1
2024-12-30,SKU038,57,225098.7,3949.1,0,0,0,2024,12,1,Winter,Product 038,Kitchen,Rug,2024-06-29,4630.58,3949.1,-681.48,1
2024-12-30,SKU039,13,92546.35,7118.95,0,0,0,2024,12,1,Winter,Product 039,Lighting,Organizer,2022-11-01,6178.74,7118.95,940.21,0
2024-12-30,SKU040,101,247506.56,2450.56,0,0,0,2024,12,1,Winter,Product 040,Storage,Sofa,2023-11-26,5169.07,2450.56,-2718.51,1
2024-12-30,SKU041,74,764918.02,10336.73,0,0,0,2024,12,1,Winter,Product 041,Furniture,Chair,2022-07-01,4540.24,10336.73,5796.49,0
2024-12-30,SKU042,157,1444216.31,9198.83,0,0,0,2024,12,1,Winter,Product 042,Home Decor,Table,2024-04-13,4583.86,9198.83,4614.97,0
2024-12-30,SKU043,169,1478035.13,8745.77,0,0,0,2024,12,1,Winter,Product 043,Kitchen,Cushion,2024-02-10,2605.61,8745.77,6140.16,0
2024-12-30,SKU044,63,340973.64,5412.28,0,0,0,2024,12,1,Winter,Product 044,Lighting,Cookware,2023-01-25,488.84,5412.28,4923.44,0
2024-12-30,SKU045,162,1243638.36,7676.78,0,0,0,2024,12,1,Winter,Product 045,Storage,Lamp,2022-03-16,3634.56,7676.78,4042.22,0
2024-12-30,SKU046,56,401830.24,7175.54,0,0,0,2024,12,1,Winter,Product 046,Furniture,Shelf,2024-12-03,1913.03,7175.54,5262.51,0
2024-12-30,SKU047,114,904957.08,7938.22,0,0,0,2024,12,1,Winter,Product 047,Home Decor,Cabinet,2023-05-06,3416.1,7938.22,4522.12,0
2024-12-30,SKU048,52,71736.6,1379.55,0,0,0,2024,12,1,Winter,Product 048,Kitchen,Rug,2024-09-09,6863.87,1379.55,-5484.32,1
2024-12-30,SKU049,198,1034227.26,5223.37,0,0,0,2024,12,1,Winter,Product 049,Lighting,Organizer,2024-01-16,2063.03,5223.37,3160.34,0
2024-12-30,SKU050,47,41487.84,882.72,0,0,0,2024,12,1,Winter,Product 050,Storage,Sofa,2024-05-06,701.85,882.72,180.87,0
2025-01-06,SKU001,100,366405.0,3664.05,0,0,0,2025,1,2,Winter,Product 001,Furniture,Chair,2022-04-09,1758.45,3664.05,1905.6,0
2025-01-06,SKU002,63,239758.47,3805.69,0,0,0,2025,1,2,Winter,Product 002,Home Decor,Table,2024-05-01,3867.09,3805.69,-61.4,1
2025-01-06,SKU003,34,274659.82,8078.23,0,0,0,2025,1,2,Winter,Product 003,Kitchen,Cushion,2023-12-22,589.48,8078.23,7488.75,0
2025-01-06,SKU004,35,240154.95,6861.57,0,0,0,2025,1,2,Winter,Product 004,Lighting,Cookware,2023-04-28,1445.74,6861.57,5415.83,0
2025-01-06,SKU005,97,920842.34,9493.22,0,0,0,2025,1,2,Winter,Product 005,Storage,Lamp,2023-04-22,5543.63,9493.22,3949.59,0
2025-01-06,SKU006,50,405302.0,8106.04,0,0,0,2025,1,2,Winter,Product 006,Furniture,Shelf,2024-08-02,6021.91,8106.04,2084.13,0
2025-01-06,SKU007,171,874509.39,5114.09,0,0,0,2025,1,2,Winter,Product 007,Home Decor,Cabinet,2022-04-05,7748.2,5114.09,-2634.11,1
2025-01-06,SKU008,105,1033477.2,9842.64,0,0,0,2025,1,2,Winter,Product 008,Kitchen,Rug,2024-02-07,2775.15,9842.64,7067.49,0
2025-01-06,SKU009,55,128528.95,2336.89,0,0,0,2025,1,2,Winter,Product 009,Lighting,Organizer,2022-08-10,3121.06,2336.89,-784.17,1
2025-01-06,SKU010,118,78288.28,663.46,0,0,0,2025,1,2,Winter,Product 010,Storage,Sofa,2022-04-14,3889.06,663.46,-3225.6,1
2025-01-06,SKU011,21,30335.76,1444.56,0,0,0,2025,1,2,Winter,Product 011,Furniture,Chair,2023-08-03,1718.4,1444.56,-273.84,1
2025-01-06,SKU012,180,1580286.6,8779.37,0,0,0,2025,1,2,Winter,Product 012,Home Decor,Table,2024-12-09,1256.89,8779.37,7522.48,0
2025-01-06,SKU013,93,535473.54,5757.78,0,0,0,2025,1,2,Winter,Product 013,Kitchen,Cushion,2024-03-20,3936.71,5757.78,1821.07,0
2025-01-06,SKU014,131,297468.25,2270.75,0,0,0,2025,1,2,Winter,Product 014,Lighting,Cookware,2024-04-17,2008.55,2270.75,262.2,0
2025-01-06,SKU015,25,155303.0,6212.12,0,0,0,2025,1,2,Winter,Product 015,Storage,Lamp,2024-02-29,5441.06,6212.12,771.06,0
2025-01-06,SKU016,97,210181.54,2166.82,0,0,0,2025,1,2,Winter,Product 016,Furniture,Shelf,2024-05-14,3637.93,2166.82,-1471.11,1
2025-01-06,SKU017,97,822300.04,8477.32,0,0,0,2025,1,2,Winter,Product 017,Home Decor,Cabinet,2023-07-19,6703.26,8477.32,1774.06,0
2025-01-06,SKU018,172,958970.52,5575.41,0,0,0,2025,1,2,Winter,Product 018,Kitchen,Rug,2022-05-21,5677.05,5575.41,-101.64,1
2025-01-06,SKU019,114,549462.9,4819.85,0,0,0,2025,1,2,Winter,Product 019,Lighting,Organizer,2024-07-12,2670.84,4819.85,2149.01,0
2025-01-06,SKU020,83,323495.82,3897.54,0,0,0,2025,1,2,Winter,Product 020,Storage,Sofa,2023-05-11,6700.01,3897.54,-2802.47,1
2025-01-06,SKU021,63,485810.64,7711.28,0,0,0,2025,1,2,Winter,Product 021,Furniture,Chair,2023-07-05,6486.92,7711.28,1224.36,0
2025-01-06,SKU022,77,353971.31,4597.03,0,0,0,2025,1,2,Winter,Product 022,Home Decor,Table,2023-02-12,3252.96,4597.03,1344.07,0
2025-01-06,SKU023,114,161508.36,1416.74,0,0,0,2025,1,2,Winter,Product 023,Kitchen,Cushion,2022-07-20,2484.54,1416.74,-1067.8,1
2025-01-06,SKU024,77,136202.99,1768.87,0,0,0,2025,1,2,Winter,Product 024,Lighting,Cookware,2024-10-16,5539.34,1768.87,-3770.47,1
2025-01-06,SKU025,21,242718.21,11558.01,0,0,0,2025,1,2,Winter,Product 025,Storage,Lamp,2024-05-09,1333.08,11558.01,10224.93,0
2025-01-06,SKU026,165,1805024.1,10939.54,0,0,0,2025,1,2,Winter,Product 026,Furniture,Shelf,2023-12-10,1799.29,10939.54,9140.25,0
2025-01-06,SKU027,167,1422272.2,8516.6,0,0,0,2025,1,2,Winter,Product 027,Home Decor,Cabinet,2023-03-19,307.06,8516.6,8209.54,0
2025-01-06,SKU028,41,142847.69,3484.09,0,0,0,2025,1,2,Winter,Product 028,Kitchen,Rug,2024-06-24,6348.66,3484.09,-2864.57,1
2025-01-06,SKU029,110,1280669.5,11642.45,0,0,0,2025,1,2,Winter,Product 029,Lighting,Organizer,2023-08-23,5402.59,11642.45,6239.86,0
2025-01-06,SKU030,31,292438.81,9433.51,0,0,0,2025,1,2,Winter,Product 030,Storage,Sofa,2023-05-03,5715.03,9433.51,3718.48,0
2025-01-06,SKU031,145,1263809.85,8715.93,0,0,0,2025,1,2,Winter,Product 031,Furniture,Chair,2023-05-11,6300.65,8715.93,2415.28,0
2025-01-06,SKU032,54,303079.86,5612.59,0,0,0,2025,1,2,Winter,Product 032,Home Decor,Table,2022-09-07,3806.6,5612.59,1805.99,0
2025-01-06,SKU033,123,437634.0,3558.0,0,0,0,2025,1,2,Winter,Product 033,Kitchen,Cushion,2022-04-12,4657.74,3558.0,-1099.74,1
2025-01-06,SKU034,128,194321.92,1518.14,0,0,0,2025,1,2,Winter,Product 034,Lighting,Cookware,2023-09-03,1333.43,1518.14,184.71,0
2025-01-06,SKU035,149,1619658.31,10870.19,0,0,0,2025,1,2,Winter,Product 035,Storage,Lamp,2024-09-03,1137.61,10870.19,9732.58,0
2025-01-06,SKU036,32,181984.0,5687.0,0,0,0,2025,1,2,Winter,Product 036,Furniture,Shelf,2022-03-12,5430.12,5687.0,256.88,0
2025-01-06,SKU037,156,428597.52,2747.42,0,0,0,2025,1,2,Winter,Product 037,Home Decor,Cabinet,2024-08-02,3901.0,2747.42,-1153.58,1
2025-01-06,SKU038,48,189556.8,3949.1,0,0,0,2025,1,2,Winter,Product 038,Kitchen,Rug,2024-06-29,4630.58,3949.1,-681.48,1
2025-01-06,SKU039,25,177973.75,7118.95,0,0,0,2025,1,2,Winter,Product 039,Lighting,Organizer,2022-11-01,6178.74,7118.95,940.21,0
2025-01-06,SKU040,115,281814.4,2450.56,0,0,0,2025,1,2,Winter,Product 040,Storage,Sofa,2023-11-26,5169.07,2450.56,-2718.51,1
2025-01-06,SKU041,98,1012999.54,10336.73,0,0,0,2025,1,2,Winter,Product 041,Furniture,Chair,2022-07-01,4540.24,10336.73,5796.49,0
2025-01-06,SKU042,137,1260239.71,9198.83,0,0,0,2025,1,2,Winter,Product 042,Home Decor,Table,2024-04-13,4583.86,9198.83,4614.97,0
2025-01-06,SKU043,166,1451797.82,8745.77,0,0,0,2025,1,2,Winter,Product 043,Kitchen,Cushion,2024-02-10,2605.61,8745.77,6140.16,0
2025-01-06,SKU044,76,411333.28,5412.28,0,0,0,2025,1,2,Winter,Product 044,Lighting,Cookware,2023-01-25,488.84,5412.28,4923.44,0
2025-01-06,SKU045,169,1297375.82,7676.78,0,0,0,2025,1,2,Winter,Product 045,Storage,Lamp,2022-03-16,3634.56,7676.78,4042.22,0
2025-01-06,SKU046,72,516638.88,7175.54,0,0,0,2025,1,2,Winter,Product 046,Furniture,Shelf,2024-12-03,1913.03,7175.54,5262.51,0
2025-01-06,SKU047,110,873204.2,7938.22,0,0,0,2025,1,2,Winter,Product 047,Home Decor,Cabinet,2023-05-06,3416.1,7938.22,4522.12,0
2025-01-06,SKU048,57,78634.35,1379.55,0,0,0,2025,1,2,Winter,Product 048,Kitchen,Rug,2024-09-09,6863.87,1379.55,-5484.32,1
2025-01-06,SKU049,177,924536.49,5223.37,0,0,0,2025,1,2,Winter,Product 049,Lighting,Organizer,2024-01-16,2063.03,5223.37,3160.34,0
2025-01-06,SKU050,40,35308.8,882.72,0,0,0,2025,1,2,Winter,Product 050,Storage,Sofa,2024-05-06,701.85,882.72,180.87,0
2025-01-13,SKU001,89,326100.45,3664.05,0,0,0,2025,1,3,Winter,Product 001,Furniture,Chair,2022-04-09,1758.45,3664.05,1905.6,0
2025-01-13,SKU002,67,254981.23,3805.69,0,0,0,2025,1,3,Winter,Product 002,Home Decor,Table,2024-05-01,3867.09,3805.69,-61.4,1
2025-01-13,SKU003,41,331207.43,8078.23,0,0,0,2025,1,3,Winter,Product 003,Kitchen,Cushion,2023-12-22,589.48,8078.23,7488.75,0
2025-01-13,SKU004,24,164677.68,6861.57,0,0,0,2025,1,3,Winter,Product 004,Lighting,Cookware,2023-04-28,1445.74,6861.57,5415.83,0
2025-01-13,SKU005,133,1262598.26,9493.22,0,0,0,2025,1,3,Winter,Product 005,Storage,Lamp,2023-04-22,5543.63,9493.22,3949.59,0
2025-01-13,SKU006,46,372877.84,8106.04,0,0,0,2025,1,3,Winter,Product 006,Furniture,Shelf,2024-08-02,6021.91,8106.04,2084.13,0
2025-01-13,SKU007,156,797798.04,5114.09,0,0,0,2025,1,3,Winter,Product 007,Home Decor,Cabinet,2022-04-05,7748.2,5114.09,-2634.11,1
2025-01-13,SKU008,111,1092533.04,9842.64,0,0,0,2025,1,3,Winter,Product 008,Kitchen,Rug,2024-02-07,2775.15,9842.64,7067.49,0
2025-01-13,SKU009,70,163582.3,2336.89,0,0,0,2025,1,3,Winter,Product 009,Lighting,Organizer,2022-08-10,3121.06,2336.89,-784.17,1
2025-01-13,SKU010,113,74970.98,663.46,0,0,0,2025,1,3,Winter,Product 010,Storage,Sofa,2022-04-14,3889.06,663.46,-3225.6,1
2025-01-13,SKU011,19,27446.64,1444.56,0,0,0,2025,1,3,Winter,Product 011,Furniture,Chair,2023-08-03,1718.4,1444.56,-273.84,1
2025-01-13,SKU012,194,1703197.78,8779.37,0,0,0,2025,1,3,Winter,Product 012,Home Decor,Table,2024-12-09,1256.89,8779.37,7522.48,0
2025-01-13,SKU013,98,564262.44,5757.78,0,0,0,2025,1,3,Winter,Product 013,Kitchen,Cushion,2024-03-20,3936.71,5757.78,1821.07,0
2025-01-13,SKU014,144,326988.0,2270.75,0,0,0,2025,1,3,Winter,Product 014,Lighting,Cookware,2024-04-17,2008.55,2270.75,262.2,0
2025-01-13,SKU015,27,167727.24,6212.12,0,0,0,2025,1,3,Winter,Product 015,Storage,Lamp,2024-02-29,5441.06,6212.12,771.06,0
2025-01-13,SKU016,76,164678.32,2166.82,0,0,0,2025,1,3,Winter,Product 016,Furniture,Shelf,2024-05-14,3637.93,2166.82,-1471.11,1
2025-01-13,SKU017,106,898595.92,8477.32,0,0,0,2025,1,3,Winter,Product 017,Home Decor,Cabinet,2023-07-19,6703.26,8477.32,1774.06,0
2025-01-13,SKU018,164,914367.24,5575.41,0,0,0,2025,1,3,Winter,Product 018,Kitchen,Rug,2022-05-21,5677.05,5575.41,-101.64,1
2025-01-13,SKU019,113,544643.05,4819.85,0,0,0,2025,1,3,Winter,Product 019,Lighting,Organizer,2024-07-12,2670.84,4819.85,2149.01,0
2025-01-13,SKU020,95,370266.3,3897.54,0,0,0,2025,1,3,Winter,Product 020,Storage,Sofa,2023-05-11,6700.01,3897.54,-2802.47,1
2025-01-13,SKU021,60,462676.8,7711.28,0,0,0,2025,1,3,Winter,Product 021,Furniture,Chair,2023-07-05,6486.92,7711.28,1224.36,0
2025-01-13,SKU022,69,317195.07,4597.03,0,0,0,2025,1,3,Winter,Product 022,Home Decor,Table,2023-02-12,3252.96,4597.03,1344.07,0
2025-01-13,SKU023,92,130340.08,1416.74,0,0,0,2025,1,3,Winter,Product 023,Kitchen,Cushion,2022-07-20,2484.54,1416.74,-1067.8,1
2025-01-13,SKU024,73,129127.51,1768.87,0,0,0,2025,1,3,Winter,Product 024,Lighting,Cookware,2024-10-16,5539.34,1768.87,-3770.47,1
2025-01-13,SKU025,12,138696.12,11558.01,0,0,0,2025,1,3,Winter,Product 025,Storage,Lamp,2024-05-09,1333.08,11558.01,10224.93,0
2025-01-13,SKU026,136,1487777.44,10939.54,0,0,0,2025,1,3,Winter,Product 026,Furniture,Shelf,2023-12-10,1799.29,10939.54,9140.25,0
2025-01-13,SKU027,190,1618154.0,8516.6,0,0,0,2025,1,3,Winter,Product 027,Home Decor,Cabinet,2023-03-19,307.06,8516.6,8209.54,0
2025-01-13,SKU028,43,149815.87,3484.09,0,0,0,2025,1,3,Winter,Product 028,Kitchen,Rug,2024-06-24,6348.66,3484.09,-2864.57,1
2025-01-13,SKU029,124,1443663.8,11642.45,0,0,0,2025,1,3,Winter,Product 029,Lighting,Organizer,2023-08-23,5402.59,11642.45,6239.86,0
2025-01-13,SKU030,34,320739.34,9433.51,0,0,0,2025,1,3,Winter,Product 030,Storage,Sofa,2023-05-03,5715.03,9433.51,3718.48,0
2025-01-13,SKU031,132,1150502.76,8715.93,0,0,0,2025,1,3,Winter,Product 031,Furniture,Chair,2023-05-11,6300.65,8715.93,2415.28,0
2025-01-13,SKU032,67,376043.53,5612.59,0,0,0,2025,1,3,Winter,Product 032,Home Decor,Table,2022-09-07,3806.6,5612.59,1805.99,0
2025-01-13,SKU033,138,491004.0,3558.0,0,0,0,2025,1,3,Winter,Product 033,Kitchen,Cushion,2022-04-12,4657.74,3558.0,-1099.74,1
2025-01-13,SKU034,134,203430.76,1518.14,0,0,0,2025,1,3,Winter,Product 034,Lighting,Cookware,2023-09-03,1333.43,1518.14,184.71,0
2025-01-13,SKU035,122,1326163.18,10870.19,0,0,0,2025,1,3,Winter,Product 035,Storage,Lamp,2024-09-03,1137.61,10870.19,9732.58,0
2025-01-13,SKU036,36,204732.0,5687.0,0,0,0,2025,1,3,Winter,Product 036,Furniture,Shelf,2022-03-12,5430.12,5687.0,256.88,0
2025-01-13,SKU037,158,434092.36,2747.42,0,0,0,2025,1,3,Winter,Product 037,Home Decor,Cabinet,2024-08-02,3901.0,2747.42,-1153.58,1
2025-01-13,SKU038,48,189556.8,3949.1,0,0,0,2025,1,3,Winter,Product 038,Kitchen,Rug,2024-06-29,4630.58,3949.1,-681.48,1
2025-01-13,SKU039,25,177973.75,7118.95,0,0,0,2025,1,3,Winter,Product 039,Lighting,Organizer,2022-11-01,6178.74,7118.95,940.21,0
2025-01-13,SKU040,112,274462.72,2450.56,0,0,0,2025,1,3,Winter,Product 040,Storage,Sofa,2023-11-26,5169.07,2450.56,-2718.51,1
2025-01-13,SKU041,74,764918.02,10336.73,0,0,0,2025,1,3,Winter,Product 041,Furniture,Chair,2022-07-01,4540.24,10336.73,5796.49,0
2025-01-13,SKU042,155,1425818.65,9198.83,0,0,0,2025,1,3,Winter,Product 042,Home Decor,Table,2024-04-13,4583.86,9198.83,4614.97,0
2025-01-13,SKU043,157,1373085.89,8745.77,0,0,0,2025,1,3,Winter,Product 043,Kitchen,Cushion,2024-02-10,2605.61,8745.77,6140.16,0
2025-01-13,SKU044,81,438394.68,5412.28,0,0,0,2025,1,3,Winter,Product 044,Lighting,Cookware,2023-01-25,488.84,5412.28,4923.44,0
2025-01-13,SKU045,145,1113133.1,7676.78,0,0,0,2025,1,3,Winter,Product 045,Storage,Lamp,2022-03-16,3634.56,7676.78,4042.22,0
2025-01-13,SKU046,66,473585.64,7175.54,0,0,0,2025,1,3,Winter,Product 046,Furniture,Shelf,2024-12-03,1913.03,7175.54,5262.51,0
2025-01-13,SKU047,84,666810.48,7938.22,0,0,0,2025,1,3,Winter,Product 047,Home Decor,Cabinet,2023-05-06,3416.1,7938.22,4522.12,0
2025-01-13,SKU048,61,84152.55,1379.55,0,0,0,2025,1,3,Winter,Product 048,Kitchen,Rug,2024-09-09,6863.87,1379.55,-5484.32,1
2025-01-13,SKU049,183,955876.71,5223.37,0,0,0,2025,1,3,Winter,Product 049,Lighting,Organizer,2024-01-16,2063.03,5223.37,3160.34,0
2025-01-13,SKU050,40,35308.8,882.72,0,0,0,2025,1,3,Winter,Product 050,Storage,Sofa,2024-05-06,701.85,882.72,180.87,0
2025-01-20,SKU001,103,377397.15,3664.05,0,0,1,2025,1,4,Winter,Product 001,Furniture,Chair,2022-04-09,1758.45,3664.05,1905.6,0
2025-01-20,SKU002,66,251175.54,3805.69,0,0,1,2025,1,4,Winter,Product 002,Home Decor,Table,2024-05-01,3867.09,3805.69,-61.4,1
2025-01-20,SKU003,23,185799.29,8078.23,0,0,1,2025,1,4,Winter,Product 003,Kitchen,Cushion,2023-12-22,589.48,8078.23,7488.75,0
2025-01-20,SKU004,38,260739.66,6861.57,0,0,1,2025,1,4,Winter,Product 004,Lighting,Cookware,2023-04-28,1445.74,6861.57,5415.83,0
2025-01-20,SKU005,110,1044254.2,9493.22,0,0,1,2025,1,4,Winter,Product 005,Storage,Lamp,2023-04-22,5543.63,9493.22,3949.59,0
2025-01-20,SKU006,51,413408.04,8106.04,0,0,1,2025,1,4,Winter,Product 006,Furniture,Shelf,2024-08-02,6021.91,8106.04,2084.13,0
2025-01-20,SKU007,179,915422.11,5114.09,0,0,1,2025,1,4,Winter,Product 007,Home Decor,Cabinet,2022-04-05,7748.2,5114.09,-2634.11,1
2025-01-20,SKU008,106,1043319.84,9842.64,0,0,1,2025,1,4,Winter,Product 008,Kitchen,Rug,2024-02-07,2775.15,9842.64,7067.49,0
2025-01-20,SKU009,71,165919.19,2336.89,0,0,1,2025,1,4,Winter,Product 009,Lighting,Organizer,2022-08-10,3121.06,2336.89,-784.17,1
2025-01-20,SKU010,118,78288.28,663.46,0,0,1,2025,1,4,Winter,Product 010,Storage,Sofa,2022-04-14,3889.06,663.46,-3225.6,1
2025-01-20,SKU011,24,34669.44,1444.56,0,0,1,2025,1,4,Winter,Product 011,Furniture,Chair,2023-08-03,1718.4,1444.56,-273.84,1
2025-01-20,SKU012,191,1676859.67,8779.37,0,0,1,2025,1,4,Winter,Product 012,Home Decor,Table,2024-12-09,1256.89,8779.37,7522.48,0
2025-01-20,SKU013,87,500926.86,5757.78,0,0,1,2025,1,4,Winter,Product 013,Kitchen,Cushion,2024-03-20,3936.71,5757.78,1821.07,0
2025-01-20,SKU014,181,411005.75,2270.75,0,0,1,2025,1,4,Winter,Product 014,Lighting,Cookware,2024-04-17,2008.55,2270.75,262.2,0
2025-01-20,SKU015,32,198787.84,6212.12,0,0,1,2025,1,4,Winter,Product 015,Storage,Lamp,2024-02-29,5441.06,6212.12,771.06,0
2025-01-20,SKU016,100,216682.0,2166.82,0,0,1,2025,1,4,Winter,Product 016,Furniture,Shelf,2024-05-14,3637.93,2166.82,-1471.11,1
2025-01-20,SKU017,89,754481.48,8477.32,0,0,1,2025,1,4,Winter,Product 017,Home Decor,Cabinet,2023-07-19,6703.26,8477.32,1774.06,0
2025-01-20,SKU018,163,908791.83,5575.41,0,0,1,2025,1,4,Winter,Product 018,Kitchen,Rug,2022-05-21,5677.05,5575.41,-101.64,1
2025-01-20,SKU019,115,554282.75,4819.85,0,0,1,2025,1,4,Winter,Product 019,Lighting,Organizer,2024-07-12,2670.84,4819.85,2149.01,0
2025-01-20,SKU020,100,389754.0,3897.54,0,0,1,2025,1,4,Winter,Product 020,Storage,Sofa,2023-05-11,6700.01,3897.54,-2802.47,1
2025-01-20,SKU021,57,439542.96,7711.28,0,0,1,2025,1,4,Winter,Product 021,Furniture,Chair,2023-07-05,6486.92,7711.28,1224.36,0
2025-01-20,SKU022,79,363165.37,4597.03,0,0,1,2025,1,4,Winter,Product 022,Home Decor,Table,2023-02-12,3252.96,4597.03,1344.07,0
2025-01-20,SKU023,83,117589.42,1416.74,0,0,1,2025,1,4,Winter,Product 023,Kitchen,Cushion,2022-07-20,2484.54,1416.74,-1067.8,1
2025-01-20,SKU024,80,141509.6,1768.87,0,0,1,2025,1,4,Winter,Product 024,Lighting,Cookware,2024-10-16,5539.34,1768.87,-3770.47,1
2025-01-20,SKU025,21,242718.21,11558.01,0,0,1,2025,1,4,Winter,Product 025,Storage,Lamp,2024-05-09,1333.08,11558.01,10224.93,0
2025-01-20,SKU026,165,1805024.1,10939.54,0,0,1,2025,1,4,Winter,Product 026,Furniture,Shelf,2023-12-10,1799.29,10939.54,9140.25,0
2025-01-20,SKU027,179,1524471.4,8516.6,0,0,1,2025,1,4,Winter,Product 027,Home Decor,Cabinet,2023-03-19,307.06,8516.6,8209.54,0
2025-01-20,SKU028,42,146331.78,3484.09,0,0,1,2025,1,4,Winter,Product 028,Kitchen,Rug,2024-06-24,6348.66,3484.09,-2864.57,1
2025-01-20,SKU029,91,1059462.95,11642.45,0,0,1,2025,1,4,Winter,Product 029,Lighting,Organizer,2023-08-23,5402.59,11642.45,6239.86,0
2025-01-20,SKU030,36,339606.36,9433.51,0,0,1,2025,1,4,Winter,Product 030,Storage,Sofa,2023-05-03,5715.03,9433.51,3718.48,0
2025-01-20,SKU031,140,1220230.2,8715.93,0,0,1,2025,1,4,Winter,Product 031,Furniture,Chair,2023-05-11,6300.65,8715.93,2415.28,0
2025-01-20,SKU032,64,359205.76,5612.59,0,0,1,2025,1,4,Winter,Product 032,Home Decor,Table,2022-09-07,3806.6,5612.59,1805.99,0
2025-01-20,SKU033,129,458982.0,3558.0,0,0,1,2025,1,4,Winter,Product 033,Kitchen,Cushion,2022-04-12,4657.74,3558.0,-1099.74,1
2025-01-20,SKU034,148,224684.72,1518.14,0,0,1,2025,1,4,Winter,Product 034,Lighting,Cookware,2023-09-03,1333.43,1518.14,184.71,0
2025-01-20,SKU035,148,1608788.12,10870.19,0,0,1,2025,1,4,Winter,Product 035,Storage,Lamp,2024-09-03,1137.61,10870.19,9732.58,0
2025-01-20,SKU036,38,216106.0,5687.0,0,0,1,2025,1,4,Winter,Product 036,Furniture,Shelf,2022-03-12,5430.12,5687.0,256.88,0
2025-01-20,SKU037,163,447829.46,2747.42,0,0,1,2025,1,4,Winter,Product 037,Home Decor,Cabinet,2024-08-02,3901.0,2747.42,-1153.58,1
2025-01-20,SKU038,42,165862.2,3949.1,0,0,1,2025,1,4,Winter,Product 038,Kitchen,Rug,2024-06-29,4630.58,3949.1,-681.48,1
2025-01-20,SKU039,24,170854.8,7118.95,0,0,1,2025,1,4,Winter,Product 039,Lighting,Organizer,2022-11-01,6178.74,7118.95,940.21,0
2025-01-20,SKU040,101,247506.56,2450.56,0,0,1,2025,1,4,Winter,Product 040,Storage,Sofa,2023-11-26,5169.07,2450.56,-2718.51,1
2025-01-20,SKU041,72,744244.56,10336.73,0,0,1,2025,1,4,Winter,Product 041,Furniture,Chair,2022-07-01,4540.24,10336.73,5796.49,0
2025-01-20,SKU042,149,1370625.67,9198.83,0,0,1,2025,1,4,Winter,Product 042,Home Decor,Table,2024-04-13,4583.86,9198.83,4614.97,0
2025-01-20,SKU043,155,1355594.35,8745.77,0,0,1,2025,1,4,Winter,Product 043,Kitchen,Cushion,2024-02-10,2605.61,8745.77,6140.16,0
2025-01-20,SKU044,71,384271.88,5412.28,0,0,1,2025,1,4,Winter,Product 044,Lighting,Cookware,2023-01-25,488.84,5412.28,4923.44,0
2025-01-20,SKU045,184,1412527.52,7676.78,0,0,1,2025,1,4,Winter,Product 045,Storage,Lamp,2022-03-16,3634.56,7676.78,4042.22,0
2025-01-20,SKU046,60,430532.4,7175.54,0,0,1,2025,1,4,Winter,Product 046,Furniture,Shelf,2024-12-03,1913.03,7175.54,5262.51,0
2025-01-20,SKU047,90,714439.8,7938.22,0,0,1,2025,1,4,Winter,Product 047,Home Decor,Cabinet,2023-05-06,3416.1,7938.22,4522.12,0
2025-01-20,SKU048,71,97948.05,1379.55,0,0,1,2025,1,4,Winter,Product 048,Kitchen,Rug,2024-09-09,6863.87,1379.55,-5484.32,1
2025-01-20,SKU049,154,804398.98,5223.37,0,0,1,2025,1,4,Winter,Product 049,Lighting,Organizer,2024-01-16,2063.03,5223.37,3160.34,0
2025-01-20,SKU050,45,39722.4,882.72,0,0,1,2025,1,4,Winter,Product 050,Storage,Sofa,2024-05-06,701.85,882.72,180.87,0
2025-01-27,SKU001,100,366405.0,3664.05,0,0,0,2025,1,5,Winter,Product 001,Furniture,Chair,2022-04-09,1758.45,3664.05,1905.6,0
2025-01-27,SKU002,85,323483.65,3805.69,0,0,0,2025,1,5,Winter,Product 002,Home Decor,Table,2024-05-01,3867.09,3805.69,-61.4,1
2025-01-27,SKU003,40,323129.2,8078.23,0,0,0,2025,1,5,Winter,Product 003,Kitchen,Cushion,2023-12-22,589.48,8078.23,7488.75,0
2025-01-27,SKU004,34,233293.38,6861.57,0,0,0,2025,1,5,Winter,Product 004,Lighting,Cookware,2023-04-28,1445.74,6861.57,5415.83,0
2025-01-27,SKU005,107,1015774.54,9493.22,0,0,0,2025,1,5,Winter,Product 005,Storage,Lamp,2023-04-22,5543.63,9493.22,3949.59,0
2025-01-27,SKU006,47,380983.88,8106.04,0,0,0,2025,1,5,Winter,Product 006,Furniture,Shelf,2024-08-02,6021.91,8106.04,2084.13,0
2025-01-27,SKU007,178,910308.02,5114.09,0,0,0,2025,1,5,Winter,Product 007,Home Decor,Cabinet,2022-04-05,7748.2,5114.09,-2634.11,1
2025-01-27,SKU008,121,1190959.44,9842.64,0,0,0,2025,1,5,Winter,Product 008,Kitchen,Rug,2024-02-07,2775.15,9842.64,7067.49,0
2025-01-27,SKU009,69,161245.41,2336.89,0,0,0,2025,1,5,Winter,Product 009,Lighting,Organizer,2022-08-10,3121.06,2336.89,-784.17,1
2025-01-27,SKU010,97,64355.62,663.46,0,0,0,2025,1,5,Winter,Product 010,Storage,Sofa,2022-04-14,3889.06,663.46,-3225.6,1
2025-01-27,SKU011,13,18779.28,1444.56,0,0,0,2025,1,5,Winter,Product 011,Furniture,Chair,2023-08-03,1718.4,1444.56,-273.84,1
2025-01-27,SKU012,172,1510051.64,8779.37,0,0,0,2025,1,5,Winter,Product 012,Home Decor,Table,2024-12-09,1256.89,8779.37,7522.48,0
2025-01-27,SKU013,91,523957.98,5757.78,0,0,0,2025,1,5,Winter,Product 013,Kitchen,Cushion,2024-03-20,3936.71,5757.78,1821.07,0
2025-01-27,SKU014,126,286114.5,2270.75,0,0,0,2025,1,5,Winter,Product 014,Lighting,Cookware,2024-04-17,2008.55,2270.75,262.2,0
2025-01-27,SKU015,29,180151.48,6212.12,0,0,0,2025,1,5,Winter,Product 015,Storage,Lamp,2024-02-29,5441.06,6212.12,771.06,0
2025-01-27,SKU016,95,205847.9,2166.82,0,0,0,2025,1,5,Winter,Product 016,Furniture,Shelf,2024-05-14,3637.93,2166.82,-1471.11,1
2025-01-27,SKU017,89,754481.48,8477.32,0,0,0,2025,1,5,Winter,Product 017,Home Decor,Cabinet,2023-07-19,6703.26,8477.32,1774.06,0
2025-01-27,SKU018,178,992422.98,5575.41,0,0,0,2025,1,5,Winter,Product 018,Kitchen,Rug,2022-05-21,5677.05,5575.41,-101.64,1
2025-01-27,SKU019,109,525363.65,4819.85,0,0,0,2025,1,5,Winter,Product 019,Lighting,Organizer,2024-07-12,2670.84,4819.85,2149.01,0
2025-01-27,SKU020,79,307905.66,3897.54,0,0,0,2025,1,5,Winter,Product 020,Storage,Sofa,2023-05-11,6700.01,3897.54,-2802.47,1
2025-01-27,SKU021,73,562923.44,7711.28,0,0,0,2025,1,5,Winter,Product 021,Furniture,Chair,2023-07-05,6486.92,7711.28,1224.36,0
2025-01-27,SKU022,75,344777.25,4597.03,0,0,0,2025,1,5,Winter,Product 022,Home Decor,Table,2023-02-12,3252.96,4597.03,1344.07,0
2025-01-27,SKU023,106,150174.44,1416.74,0,0,0,2025,1,5,Winter,Product 023,Kitchen,Cushion,2022-07-20,2484.54,1416.74,-1067.8,1
2025-01-27,SKU024,88,155660.56,1768.87,0,0,0,2025,1,5,Winter,Product 024,Lighting,Cookware,2024-10-16,5539.34,1768.87,-3770.47,1
2025-01-27,SKU025,17,196486.17,11558.01,0,0,0,2025,1,5,Winter,Product 025,Storage,Lamp,2024-05-09,1333.08,11558.01,10224.93,0
2025-01-27,SKU026,161,1761265.94,10939.54,0,0,0,2025,1,5,Winter,Product 026,Furniture,Shelf,2023-12-10,1799.29,10939.54,9140.25,0
2025-01-27,SKU027,160,1362656.0,8516.6,0,0,0,2025,1,5,Winter,Product 027,Home Decor,Cabinet,2023-03-19,307.06,8516.6,8209.54,0
2025-01-27,SKU028,38,132395.42,3484.09,0,0,0,2025,1,5,Winter,Product 028,Kitchen,Rug,2024-06-24,6348.66,3484.09,-2864.57,1
2025-01-27,SKU029,111,1292311.95,11642.45,0,0,0,2025,1,5,Winter,Product 029,Lighting,Organizer,2023-08-23,5402.59,11642.45,6239.86,0
2025-01-27,SKU030,26,245271.26,9433.51,0,0,0,2025,1,5,Winter,Product 030,Storage,Sofa,2023-05-03,5715.03,9433.51,3718.48,0
2025-01-27,SKU031,131,1141786.83,8715.93,0,0,0,2025,1,5,Winter,Product 031,Furniture,Chair,2023-05-11,6300.65,8715.93,2415.28,0
2025-01-27,SKU032,63,353593.17,5612.59,0,0,0,2025,1,5,Winter,Product 032,Home Decor,Table,2022-09-07,3806.6,5612.59,1805.99,0
2025-01-27,SKU033,139,494562.0,3558.0,0,0,0,2025,1,5,Winter,Product 033,Kitchen,Cushion,2022-04-12,4657.74,3558.0,-1099.74,1
2025-01-27,SKU034,142,215575.88,1518.14,0,0,0,2025,1,5,Winter,Product 034,Lighting,Cookware,2023-09-03,1333.43,1518.14,184.71,0
2025-01-27,SKU035,140,1521826.6,10870.19,0,0,0,2025,1,5,Winter,Product 035,Storage,Lamp,2024-09-03,1137.61,10870.19,9732.58,0
2025-01-27,SKU036,39,221793.0,5687.0,0,0,0,2025,1,5,Winter,Product 036,Furniture,Shelf,2022-03-12,5430.12,5687.0,256.88,0
2025-01-27,SKU037,167,458819.14,2747.42,0,0,0,2025,1,5,Winter,Product 037,Home Decor,Cabinet,2024-08-02,3901.0,2747.42,-1153.58,1
2025-01-27,SKU038,46,181658.6,3949.1,0,0,0,2025,1,5,Winter,Product 038,Kitchen,Rug,2024-06-29,4630.58,3949.1,-681.48,1
2025-01-27,SKU039,25,177973.75,7118.95,0,0,0,2025,1,5,Winter,Product 039,Lighting,Organizer,2022-11-01,6178.74,7118.95,940.21,0
2025-01-27,SKU040,110,269561.6,2450.56,0,0,0,2025,1,5,Winter,Product 040,Storage,Sofa,2023-11-26,5169.07,2450.56,-2718.51,1
2025-01-27,SKU041,80,826938.4,10336.73,0,0,0,2025,1,5,Winter,Product 041,Furniture,Chair,2022-07-01,4540.24,10336.73,5796.49,0
2025-01-27,SKU042,162,1490210.46,9198.83,0,0,0,2025,1,5,Winter,Product 042,Home Decor,Table,2024-04-13,4583.86,9198.83,4614.97,0
2025-01-27,SKU043,161,1408068.97,8745.77,0,0,0,2025,1,5,Winter,Product 043,Kitchen,Cushion,2024-02-10,2605.61,8745.77,6140.16,0
2025-01-27,SKU044,67,362622.76,5412.28,0,0,0,2025,1,5,Winter,Product 044,Lighting,Cookware,2023-01-25,488.84,5412.28,4923.44,0
2025-01-27,SKU045,184,1412527.52,7676.78,0,0,0,2025,1,5,Winter,Product 045,Storage,Lamp,2022-03-16,3634.56,7676.78,4042.22,0
2025-01-27,SKU046,66,473585.64,7175.54,0,0,0,2025,1,5,Winter,Product 046,Furniture,Shelf,2024-12-03,1913.03,7175.54,5262.51,0
2025-01-27,SKU047,99,785883.78,7938.22,0,0,0,2025,1,5,Winter,Product 047,Home Decor,Cabinet,2023-05-06,3416.1,7938.22,4522.12,0
2025-01-27,SKU048,63,86911.65,1379.55,0,0,0,2025,1,5,Winter,Product 048,Kitchen,Rug,2024-09-09,6863.87,1379.55,-5484.32,1
2025-01-27,SKU049,160,835739.2,5223.37,0,0,0,2025,1,5,Winter,Product 049,Lighting,Organizer,2024-01-16,2063.03,5223.37,3160.34,0
2025-01-27,SKU050,36,31777.92,882.72,0,0,0,2025,1,5,Winter,Product 050,Storage,Sofa,2024-05-06,701.85,882.72,180.87,0
2025-02-03,SKU001,106,388389.3,3664.05,0,0,0,2025,2,6,Winter,Product 001,Furniture,Chair,2022-04-09,1758.45,3664.05,1905.6,0
2025-02-03,SKU002,71,270203.99,3805.69,0,0,0,2025,2,6,Winter,Product 002,Home Decor,Table,2024-05-01,3867.09,3805.69,-61.4,1
2025-02-03,SKU003,34,274659.82,8078.23,0,0,0,2025,2,6,Winter,Product 003,Kitchen,Cushion,2023-12-22,589.48,8078.23,7488.75,0
2025-02-03,SKU004,32,219570.24,6861.57,0,0,0,2025,2,6,Winter,Product 004,Lighting,Cookware,2023-04-28,1445.74,6861.57,5415.83,0
2025-02-03,SKU005,123,1167666.06,9493.22,0,0,0,2025,2,6,Winter,Product 005,Storage,Lamp,2023-04-22,5543.63,9493.22,3949.59,0
2025-02-03,SKU006,46,372877.84,8106.04,0,0,0,2025,2,6,Winter,Product 006,Furniture,Shelf,2024-08-02,6021.91,8106.04,2084.13,0
2025-02-03,SKU007,179,915422.11,5114.09,0,0,0,2025,2,6,Winter,Product 007,Home Decor,Cabinet,2022-04-05,7748.2,5114.09,-2634.11,1
2025-02-03,SKU008,134,1318913.76,9842.64,0,0,0,2025,2,6,Winter,Product 008,Kitchen,Rug,2024-02-07,2775.15,9842.64,7067.49,0
2025-02-03,SKU009,86,200972.54,2336.89,0,0,0,2025,2,6,Winter,Product 009,Lighting,Organizer,2022-08-10,3121.06,2336.89,-784.17,1
2025-02-03,SKU010,124,82269.04,663.46,0,0,0,2025,2,6,Winter,Product 010,Storage,Sofa,2022-04-14,3889.06,663.46,-3225.6,1
2025-02-03,SKU011,16,23112.96,1444.56,0,0,0,2025,2,6,Winter,Product 011,Furniture,Chair,2023-08-03,1718.4,1444.56,-273.84,1
2025-02-03,SKU012,195,1711977.15,8779.37,0,0,0,2025,2,6,Winter,Product 012,Home Decor,Table,2024-12-09,1256.89,8779.37,7522.48,0
2025-02-03,SKU013,97,558504.66,5757.78,0,0,0,2025,2,6,Winter,Product 013,Kitchen,Cushion,2024-03-20,3936.71,5757.78,1821.07,0
2025-02-03,SKU014,167,379215.25,2270.75,0,0,0,2025,2,6,Winter,Product 014,Lighting,Cookware,2024-04-17,2008.55,2270.75,262.2,0
2025-02-03,SKU015,31,192575.72,6212.12,0,0,0,2025,2,6,Winter,Product 015,Storage,Lamp,2024-02-29,5441.06,6212.12,771.06,0
2025-02-03,SKU016,112,242683.84,2166.82,0,0,0,2025,2,6,Winter,Product 016,Furniture,Shelf,2024-05-14,3637.93,2166.82,-1471.11,1
2025-02-03,SKU017,112,949459.84,8477.32,0,0,0,2025,2,6,Winter,Product 017,Home Decor,Cabinet,2023-07-19,6703.26,8477.32,1774.06,0
2025-02-03,SKU018,175,975696.75,5575.41,0,0,0,2025,2,6,Winter,Product 018,Kitchen,Rug,2022-05-21,5677.05,5575.41,-101.64,1
2025-02-03,SKU019,95,457885.75,4819.85,0,0,0,2025,2,6,Winter,Product 019,Lighting,Organizer,2024-07-12,2670.84,4819.85,2149.01,0
2025-02-03,SKU020,93,362471.22,3897.54,0,0,0,2025,2,6,Winter,Product 020,Storage,Sofa,2023-05-11,6700.01,3897.54,-2802.47,1
2025-02-03,SKU021,63,485810.64,7711.28,0,0,0,2025,2,6,Winter,Product 021,Furniture,Chair,2023-07-05,6486.92,7711.28,1224.36,0
2025-02-03,SKU022,75,344777.25,4597.03,0,0,0,2025,2,6,Winter,Product 022,Home Decor,Table,2023-02-12,3252.96,4597.03,1344.07,0
2025-02-03,SKU023,98,138840.52,1416.74,0,0,0,2025,2,6,Winter,Product 023,Kitchen,Cushion,2022-07-20,2484.54,1416.74,-1067.8,1
2025-02-03,SKU024,84,148585.08,1768.87,0,0,0,2025,2,6,Winter,Product 024,Lighting,Cookware,2024-10-16,5539.34,1768.87,-3770.47,1
2025-02-03,SKU025,28,323624.28,11558.01,0,0,0,2025,2,6,Winter,Product 025,Storage,Lamp,2024-05-09,1333.08,11558.01,10224.93,0
2025-02-03,SKU026,170,1859721.8,10939.54,0,0,0,2025,2,6,Winter,Product 026,Furniture,Shelf,2023-12-10,1799.29,10939.54,9140.25,0
2025-02-03,SKU027,197,1677770.2,8516.6,0,0,0,2025,2,6,Winter,Product 027,Home Decor,Cabinet,2023-03-19,307.06,8516.6,8209.54,0
2025-02-03,SKU028,44,153299.96,3484.09,0,0,0,2025,2,6,Winter,Product 028,Kitchen,Rug,2024-06-24,6348.66,3484.09,-2864.57,1
2025-02-03,SKU029,105,1222457.25,11642.45,0,0,0,2025,2,6,Winter,Product 029,Lighting,Organizer,2023-08-23,5402.59,11642.45,6239.86,0
2025-02-03,SKU030,41,386773.91,9433.51,0,0,0,2025,2,6,Winter,Product 030,Storage,Sofa,2023-05-03,5715.03,9433.51,3718.48,0
2025-02-03,SKU031,152,1324821.36,8715.93,0,0,0,2025,2,6,Winter,Product 031,Furniture,Chair,2023-05-11,6300.65,8715.93,2415.28,0
2025-02-03,SKU032,74,415331.66,5612.59,0,0,0,2025,2,6,Winter,Product 032,Home Decor,Table,2022-09-07,3806.6,5612.59,1805.99,0
2025-02-03,SKU033,146,519468.0,3558.0,0,0,0,2025,2,6,Winter,Product 033,Kitchen,Cushion,2022-04-12,4657.74,3558.0,-1099.74,1
2025-02-03,SKU034,145,220130.3,1518.14,0,0,0,2025,2,6,Winter,Product 034,Lighting,Cookware,2023-09-03,1333.43,1518.14,184.71,0
2025-02-03,SKU035,179,1945764.01,10870.19,0,0,0,2025,2,6,Winter,Product 035,Storage,Lamp,2024-09-03,1137.61,10870.19,9732.58,0
2025-02-03,SKU036,39,221793.0,5687.0,0,0,0,2025,2,6,Winter,Product 036,Furniture,Shelf,2022-03-12,5430.12,5687.0,256.88,0
2025-02-03,SKU037,181,497283.02,2747.42,0,0,0,2025,2,6,Winter,Product 037,Home Decor,Cabinet,2024-08-02,3901.0,2747.42,-1153.58,1
2025-02-03,SKU038,47,185607.7,3949.1,0,0,0,2025,2,6,Winter,Product 038,Kitchen,Rug,2024-06-29,4630.58,3949.1,-681.48,1
2025-02-03,SKU039,26,185092.7,7118.95,0,0,0,2025,2,6,Winter,Product 039,Lighting,Organizer,2022-11-01,6178.74,7118.95,940.21,0
2025-02-03,SKU040,102,249957.12,2450.56,0,0,0,2025,2,6,Winter,Product 040,Storage,Sofa,2023-11-26,5169.07,2450.56,-2718.51,1
2025-02-03,SKU041,77,795928.21,10336.73,0,0,0,2025,2,6,Winter,Product 041,Furniture,Chair,2022-07-01,4540.24,10336.73,5796.49,0
2025-02-03,SKU042,151,1389023.33,9198.83,0,0,0,2025,2,6,Winter,Product 042,Home Decor,Table,2024-04-13,4583.86,9198.83,4614.97,0
2025-02-03,SKU043,191,1670442.07,8745.77,0,0,0,2025,2,6,Winter,Product 043,Kitchen,Cushion,2024-02-10,2605.61,8745.77,6140.16,0
2025-02-03,SKU044,69,373447.32,5412.28,0,0,0,2025,2,6,Winter,Product 044,Lighting,Cookware,2023-01-25,488.84,5412.28,4923.44,0
2025-02-03,SKU045,179,1374143.62,7676.78,0,0,0,2025,2,6,Winter,Product 045,Storage,Lamp,2022-03-16,3634.56,7676.78,4042.22,0
2025-02-03,SKU046,76,545341.04,7175.54,0,0,0,2025,2,6,Winter,Product 046,Furniture,Shelf,2024-12-03,1913.03,7175.54,5262.51,0
2025-02-03,SKU047,108,857327.76,7938.22,0,0,0,2025,2,6,Winter,Product 047,Home Decor,Cabinet,2023-05-06,3416.1,7938.22,4522.12,0
2025-02-03,SKU048,53,73116.15,1379.55,0,0,0,2025,2,6,Winter,Product 048,Kitchen,Rug,2024-09-09,6863.87,1379.55,-5484.32,1
2025-02-03,SKU049,199,1039450.63,5223.37,0,0,0,2025,2,6,Winter,Product 049,Lighting,Organizer,2024-01-16,2063.03,5223.37,3160.34,0
2025-02-03,SKU050,41,36191.52,882.72,0,0,0,2025,2,6,Winter,Product 050,Storage,Sofa,2024-05-06,701.85,882.72,180.87,0
2025-02-10,SKU001,124,454342.2,3664.05,0,0,0,2025,2,7,Winter,Product 001,Furniture,Chair,2022-04-09,1758.45,3664.05,1905.6,0
2025-02-10,SKU002,79,300649.51,3805.69,0,0,0,2025,2,7,Winter,Product 002,Home Decor,Table,2024-05-01,3867.09,3805.69,-61.4,1
2025-02-10,SKU003,47,379676.81,8078.23,0,0,0,2025,2,7,Winter,Product 003,Kitchen,Cushion,2023-12-22,589.48,8078.23,7488.75,0
2025-02-10,SKU004,37,253878.09,6861.57,0,0,0,2025,2,7,Winter,Product 004,Lighting,Cookware,2023-04-28,1445.74,6861.57,5415.83,0
2025-02-10,SKU005,132,1253105.04,9493.22,0,0,0,2025,2,7,Winter,Product 005,Storage,Lamp,2023-04-22,5543.63,9493.22,3949.59,0
2025-02-10,SKU006,45,364771.8,8106.04,0,0,0,2025,2,7,Winter,Product 006,Furniture,Shelf,2024-08-02,6021.91,8106.04,2084.13,0
2025-02-10,SKU007,171,874509.39,5114.09,0,0,0,2025,2,7,Winter,Product 007,Home Decor,Cabinet,2022-04-05,7748.2,5114.09,-2634.11,1
2025-02-10,SKU008,122,1200802.08,9842.64,0,0,0,2025,2,7,Winter,Product 008,Kitchen,Rug,2024-02-07,2775.15,9842.64,7067.49,0
2025-02-10,SKU009,74,172929.86,2336.89,0,0,0,2025,2,7,Winter,Product 009,Lighting,Organizer,2022-08-10,3121.06,2336.89,-784.17,1
2025-02-10,SKU010,128,84922.88,663.46,0,0,0,2025,2,7,Winter,Product 010,Storage,Sofa,2022-04-14,3889.06,663.46,-3225.6,1
2025-02-10,SKU011,16,23112.96,1444.56,0,0,0,2025,2,7,Winter,Product 011,Furniture,Chair,2023-08-03,1718.4,1444.56,-273.84,1
2025-02-10,SKU012,203,1782212.11,8779.37,0,0,0,2025,2,7,Winter,Product 012,Home Decor,Table,2024-12-09,1256.89,8779.37,7522.48,0
2025-02-10,SKU013,97,558504.66,5757.78,0,0,0,2025,2,7,Winter,Product 013,Kitchen,Cushion,2024-03-20,3936.71,5757.78,1821.07,0
2025-02-10,SKU014,188,426901.0,2270.75,0,0,0,2025,2,7,Winter,Product 014,Lighting,Cookware,2024-04-17,2008.55,2270.75,262.2,0
2025-02-10,SKU015,37,229848.44,6212.12,0,0,0,2025,2,7,Winter,Product 015,Storage,Lamp,2024-02-29,5441.06,6212.12,771.06,0
2025-02-10,SKU016,93,201514.26,2166.82,0,0,0,2025,2,7,Winter,Product 016,Furniture,Shelf,2024-05-14,3637.93,2166.82,-1471.11,1
2025-02-10,SKU017,97,822300.04,8477.32,0,0,0,2025,2,7,Winter,Product 017,Home Decor,Cabinet,2023-07-19,6703.26,8477.32,1774.06,0
2025-02-10,SKU018,186,1037026.26,5575.41,0,0,0,2025,2,7,Winter,Product 018,Kitchen,Rug,2022-05-21,5677.05,5575.41,-101.64,1
2025-02-10,SKU019,111,535003.35,4819.85,0,0,0,2025,2,7,Winter,Product 019,Lighting,Organizer,2024-07-12,2670.84,4819.85,2149.01,0
2025-02-10,SKU020,105,409241.7,3897.54,0,0,0,2025,2,7,Winter,Product 020,Storage,Sofa,2023-05-11,6700.01,3897.54,-2802.47,1
2025-02-10,SKU021,73,562923.44,7711.28,0,0,0,2025,2,7,Winter,Product 021,Furniture,Chair,2023-07-05,6486.92,7711.28,1224.36,0
2025-02-10,SKU022,86,395344.58,4597.03,0,0,0,2025,2,7,Winter,Product 022,Home Decor,Table,2023-02-12,3252.96,4597.03,1344.07,0
2025-02-10,SKU023,113,160091.62,1416.74,0,0,0,2025,2,7,Winter,Product 023,Kitchen,Cushion,2022-07-20,2484.54,1416.74,-1067.8,1
2025-02-10,SKU024,95,168042.65,1768.87,0,0,0,2025,2,7,Winter,Product 024,Lighting,Cookware,2024-10-16,5539.34,1768.87,-3770.47,1
2025-02-10,SKU025,16,184928.16,11558.01,0,0,0,2025,2,7,Winter,Product 025,Storage,Lamp,2024-05-09,1333.08,11558.01,10224.93,0
2025-02-10,SKU026,166,1815963.64,10939.54,0,0,0,2025,2,7,Winter,Product 026,Furniture,Shelf,2023-12-10,1799.29,10939.54,9140.25,0
2025-02-10,SKU027,187,1592604.2,8516.6,0,0,0,2025,2,7,Winter,Product 027,Home Decor,Cabinet,2023-03-19,307.06,8516.6,8209.54,0
2025-02-10,SKU028,37,128911.33,3484.09,0,0,0,2025,2,7,Winter,Product 028,Kitchen,Rug,2024-06-24,6348.66,3484.09,-2864.57,1
2025-02-10,SKU029,127,1478591.15,11642.45,0,0,0,2025,2,7,Winter,Product 029,Lighting,Organizer,2023-08-23,5402.59,11642.45,6239.86,0
2025-02-10,SKU030,31,292438.81,9433.51,0,0,0,2025,2,7,Winter,Product 030,Storage,Sofa,2023-05-03,5715.03,9433.51,3718.48,0
2025-02-10,SKU031,163,1420696.59,8715.93,0,0,0,2025,2,7,Winter,Product 031,Furniture,Chair,2023-05-11,6300.65,8715.93,2415.28,0
2025-02-10,SKU032,63,353593.17,5612.59,0,0,0,2025,2,7,Winter,Product 032,Home Decor,Table,2022-09-07,3806.6,5612.59,1805.99,0
2025-02-10,SKU033,127,451866.0,3558.0,0,0,0,2025,2,7,Winter,Product 033,Kitchen,Cushion,2022-04-12,4657.74,3558.0,-1099.74,1
2025-02-10,SKU034,160,242902.4,1518.14,0,0,0,2025,2,7,Winter,Product 034,Lighting,Cookware,2023-09-03,1333.43,1518.14,184.71,0
2025-02-10,SKU035,184,2000114.96,10870.19,0,0,0,2025,2,7,Winter,Product 035,Storage,Lamp,2024-09-03,1137.61,10870.19,9732.58,0
2025-02-10,SKU036,30,170610.0,5687.0,0,0,0,2025,2,7,Winter,Product 036,Furniture,Shelf,2022-03-12,5430.12,5687.0,256.88,0
2025-02-10,SKU037,165,453324.3,2747.42,0,0,0,2025,2,7,Winter,Product 037,Home Decor,Cabinet,2024-08-02,3901.0,2747.42,-1153.58,1
2025-02-10,SKU038,55,217200.5,3949.1,0,0,0,2025,2,7,Winter,Product 038,Kitchen,Rug,2024-06-29,4630.58,3949.1,-681.48,1
2025-02-10,SKU039,29,206449.55,7118.95,0,0,0,2025,2,7,Winter,Product 039,Lighting,Organizer,2022-11-01,6178.74,7118.95,940.21,0
2025-02-10,SKU040,125,306320.0,2450.56,0,0,0,2025,2,7,Winter,Product 040,Storage,Sofa,2023-11-26,5169.07,2450.56,-2718.51,1
2025-02-10,SKU041,76,785591.48,10336.73,0,0,0,2025,2,7,Winter,Product 041,Furniture,Chair,2022-07-01,4540.24,10336.73,5796.49,0
2025-02-10,SKU042,179,1646590.57,9198.83,0,0,0,2025,2,7,Winter,Product 042,Home Decor,Table,2024-04-13,4583.86,9198.83,4614.97,0
2025-02-10,SKU043,168,1469289.36,8745.77,0,0,0,2025,2,7,Winter,Product 043,Kitchen,Cushion,2024-02-10,2605.61,8745.77,6140.16,0
2025-02-10,SKU044,66,357210.48,5412.28,0,0,0,2025,2,7,Winter,Product 044,Lighting,Cookware,2023-01-25,488.84,5412.28,4923.44,0
2025-02-10,SKU045,202,1550709.56,7676.78,0,0,0,2025,2,7,Winter,Product 045,Storage,Lamp,2022-03-16,3634.56,7676.78,4042.22,0
2025-02-10,SKU046,64,459234.56,7175.54,0,0,0,2025,2,7,Winter,Product 046,Furniture,Shelf,2024-12-03,1913.03,7175.54,5262.51,0
2025-02-10,SKU047,104,825574.88,7938.22,0,0,0,2025,2,7,Winter,Product 047,Home Decor,Cabinet,2023-05-06,3416.1,7938.22,4522.12,0
2025-02-10,SKU048,44,60700.2,1379.55,0,0,0,2025,2,7,Winter,Product 048,Kitchen,Rug,2024-09-09,6863.87,1379.55,-5484.32,1
2025-02-10,SKU049,182,950653.34,5223.37,0,0,0,2025,2,7,Winter,Product 049,Lighting,Organizer,2024-01-16,2063.03,5223.37,3160.34,0
2025-02-10,SKU050,51,45018.72,882.72,0,0,0,2025,2,7,Winter,Product 050,Storage,Sofa,2024-05-06,701.85,882.72,180.87,0
2025-02-17,SKU001,116,425029.8,3664.05,0,0,0,2025,2,8,Winter,Product 001,Furniture,Chair,2022-04-09,1758.45,3664.05,1905.6,0
2025-02-17,SKU002,82,312066.58,3805.69,0,0,0,2025,2,8,Winter,Product 002,Home Decor,Table,2024-05-01,3867.09,3805.69,-61.4,1
2025-02-17,SKU003,45,363520.35,8078.23,0,0,0,2025,2,8,Winter,Product 003,Kitchen,Cushion,2023-12-22,589.48,8078.23,7488.75,0
2025-02-17,SKU004,33,226431.81,6861.57,0,0,0,2025,2,8,Winter,Product 004,Lighting,Cookware,2023-04-28,1445.74,6861.57,5415.83,0
2025-02-17,SKU005,139,1319557.58,9493.22,0,0,0,2025,2,8,Winter,Product 005,Storage,Lamp,2023-04-22,5543.63,9493.22,3949.59,0
2025-02-17,SKU006,51,413408.04,8106.04,0,0,0,2025,2,8,Winter,Product 006,Furniture,Shelf,2024-08-02,6021.91,8106.04,2084.13,0
2025-02-17,SKU007,171,874509.39,5114.09,0,0,0,2025,2,8,Winter,Product 007,Home Decor,Cabinet,2022-04-05,7748.2,5114.09,-2634.11,1
2025-02-17,SKU008,112,1102375.68,9842.64,0,0,0,2025,2,8,Winter,Product 008,Kitchen,Rug,2024-02-07,2775.15,9842.64,7067.49,0
2025-02-17,SKU009,75,175266.75,2336.89,0,0,0,2025,2,8,Winter,Product 009,Lighting,Organizer,2022-08-10,3121.06,2336.89,-784.17,1
2025-02-17,SKU010,128,84922.88,663.46,0,0,0,2025,2,8,Winter,Product 010,Storage,Sofa,2022-04-14,3889.06,663.46,-3225.6,1
2025-02-17,SKU011,23,33224.88,1444.56,0,0,0,2025,2,8,Winter,Product 011,Furniture,Chair,2023-08-03,1718.4,1444.56,-273.84,1
2025-02-17,SKU012,214,1878785.18,8779.37,0,0,0,2025,2,8,Winter,Product 012,Home Decor,Table,2024-12-09,1256.89,8779.37,7522.48,0
2025-02-17,SKU013,100,575778.0,5757.78,0,0,0,2025,2,8,Winter,Product 013,Kitchen,Cushion,2024-03-20,3936.71,5757.78,1821.07,0
2025-02-17,SKU014,155,351966.25,2270.75,0,0,0,2025,2,8,Winter,Product 014,Lighting,Cookware,2024-04-17,2008.55,2270.75,262.2,0
2025-02-17,SKU015,30,186363.6,6212.12,0,0,0,2025,2,8,Winter,Product 015,Storage,Lamp,2024-02-29,5441.06,6212.12,771.06,0
2025-02-17,SKU016,97,210181.54,2166.82,0,0,0,2025,2,8,Winter,Product 016,Furniture,Shelf,2024-05-14,3637.93,2166.82,-1471.11,1
2025-02-17,SKU017,107,907073.24,8477.32,0,0,0,2025,2,8,Winter,Product 017,Home Decor,Cabinet,2023-07-19,6703.26,8477.32,1774.06,0
2025-02-17,SKU018,194,1081629.54,5575.41,0,0,0,2025,2,8,Winter,Product 018,Kitchen,Rug,2022-05-21,5677.05,5575.41,-101.64,1
2025-02-17,SKU019,132,636220.2,4819.85,0,0,0,2025,2,8,Winter,Product 019,Lighting,Organizer,2024-07-12,2670.84,4819.85,2149.01,0
2025-02-17,SKU020,97,378061.38,3897.54,0,0,0,2025,2,8,Winter,Product 020,Storage,Sofa,2023-05-11,6700.01,3897.54,-2802.47,1
2025-02-17,SKU021,63,485810.64,7711.28,0,0,0,2025,2,8,Winter,Product 021,Furniture,Chair,2023-07-05,6486.92,7711.28,1224.36,0
2025-02-17,SKU022,88,404538.64,4597.03,0,0,0,2025,2,8,Winter,Product 022,Home Decor,Table,2023-02-12,3252.96,4597.03,1344.07,0
2025-02-17,SKU023,115,162925.1,1416.74,0,0,0,2025,2,8,Winter,Product 023,Kitchen,Cushion,2022-07-20,2484.54,1416.74,-1067.8,1
2025-02-17,SKU024,91,160967.17,1768.87,0,0,0,2025,2,8,Winter,Product 024,Lighting,Cookware,2024-10-16,5539.34,1768.87,-3770.47,1
2025-02-17,SKU025,17,196486.17,11558.01,0,0,0,2025,2,8,Winter,Product 025,Storage,Lamp,2024-05-09,1333.08,11558.01,10224.93,0
2025-02-17,SKU026,177,1936298.58,10939.54,0,0,0,2025,2,8,Winter,Product 026,Furniture,Shelf,2023-12-10,1799.29,10939.54,9140.25,0
2025-02-17,SKU027,156,1328589.6,8516.6,0,0,0,2025,2,8,Winter,Product 027,Home Decor,Cabinet,2023-03-19,307.06,8516.6,8209.54,0
2025-02-17,SKU028,32,111490.88,3484.09,0,0,0,2025,2,8,Winter,Product 028,Kitchen,Rug,2024-06-24,6348.66,3484.09,-2864.57,1
2025-02-17,SKU029,118,1373809.1,11642.45,0,0,0,2025,2,8,Winter,Product 029,Lighting,Organizer,2023-08-23,5402.59,11642.45,6239.86,0
2025-02-17,SKU030,39,367906.89,9433.51,0,0,0,2025,2,8,Winter,Product 030,Storage,Sofa,2023-05-03,5715.03,9433.51,3718.48,0
2025-02-17,SKU031,130,1133070.9,8715.93,0,0,0,2025,2,8,Winter,Product 031,Furniture,Chair,2023-05-11,6300.65,8715.93,2415.28,0
2025-02-17,SKU032,80,449007.2,5612.59,0,0,0,2025,2,8,Winter,Product 032,Home Decor,Table,2022-09-07,3806.6,5612.59,1805.99,0
2025-02-17,SKU033,129,458982.0,3558.0,0,0,0,2025,2,8,Winter,Product 033,Kitchen,Cushion,2022-04-12,4657.74,3558.0,-1099.74,1
2025-02-17,SKU034,163,247456.82,1518.14,0,0,0,2025,2,8,Winter,Product 034,Lighting,Cookware,2023-09-03,1333.43,1518.14,184.71,0
2025-02-17,SKU035,165,1793581.35,10870.19,0,0,0,2025,2,8,Winter,Product 035,Storage,Lamp,2024-09-03,1137.61,10870.19,9732.58,0
2025-02-17,SKU036,40,227480.0,5687.0,0,0,0,2025,2,8,Winter,Product 036,Furniture,Shelf,2022-03-12,5430.12,5687.0,256.88,0
2025-02-17,SKU037,181,497283.02,2747.42,0,0,0,2025,2,8,Winter,Product 037,Home Decor,Cabinet,2024-08-02,3901.0,2747.42,-1153.58,1
2025-02-17,SKU038,61,240895.1,3949.1,0,0,0,2025,2,8,Winter,Product 038,Kitchen,Rug,2024-06-29,4630.58,3949.1,-681.48,1
2025-02-17,SKU039,18,128141.1,7118.95,0,0,0,2025,2,8,Winter,Product 039,Lighting,Organizer,2022-11-01,6178.74,7118.95,940.21,0
2025-02-17,SKU040,111,272012.16,2450.56,0,0,0,2025,2,8,Winter,Product 040,Storage,Sofa,2023-11-26,5169.07,2450.56,-2718.51,1
2025-02-17,SKU041,96,992326.08,10336.73,0,0,0,2025,2,8,Winter,Product 041,Furniture,Chair,2022-07-01,4540.24,10336.73,5796.49,0
2025-02-17,SKU042,165,1517806.95,9198.83,0,0,0,2025,2,8,Winter,Product 042,Home Decor,Table,2024-04-13,4583.86,9198.83,4614.97,0
2025-02-17,SKU043,153,1338102.81,8745.77,0,0,0,2025,2,8,Winter,Product 043,Kitchen,Cushion,2024-02-10,2605.61,8745.77,6140.16,0
2025-02-17,SKU044,67,362622.76,5412.28,0,0,0,2025,2,8,Winter,Product 044,Lighting,Cookware,2023-01-25,488.84,5412.28,4923.44,0
2025-02-17,SKU045,202,1550709.56,7676.78,0,0,0,2025,2,8,Winter,Product 045,Storage,Lamp,2022-03-16,3634.56,7676.78,4042.22,0
2025-02-17,SKU046,70,502287.8,7175.54,0,0,0,2025,2,8,Winter,Product 046,Furniture,Shelf,2024-12-03,1913.03,7175.54,5262.51,0
2025-02-17,SKU047,105,833513.1,7938.22,0,0,0,2025,2,8,Winter,Product 047,Home Decor,Cabinet,2023-05-06,3416.1,7938.22,4522.12,0
2025-02-17,SKU048,59,81393.45,1379.55,0,0,0,2025,2,8,Winter,Product 048,Kitchen,Rug,2024-09-09,6863.87,1379.55,-5484.32,1
2025-02-17,SKU049,184,961100.08,5223.37,0,0,0,2025,2,8,Winter,Product 049,Lighting,Organizer,2024-01-16,2063.03,5223.37,3160.34,0
2025-02-17,SKU050,44,38839.68,882.72,0,0,0,2025,2,8,Winter,Product 050,Storage,Sofa,2024-05-06,701.85,882.72,180.87,0
2025-02-24,SKU001,111,406709.55,3664.05,2,2,0,2025,2,9,Winter,Product 001,Furniture,Chair,2022-04-09,1758.45,3664.05,1905.6,0
2025-02-24,SKU002,95,361540.55,3805.69,2,2,0,2025,2,9,Winter,Product 002,Home Decor,Table,2024-05-01,3867.09,3805.69,-61.4,1
2025-02-24,SKU003,54,436224.42,8078.23,2,2,0,2025,2,9,Winter,Product 003,Kitchen,Cushion,2023-12-22,589.48,8078.23,7488.75,0
2025-02-24,SKU004,50,343078.5,6861.57,2,2,0,2025,2,9,Winter,Product 004,Lighting,Cookware,2023-04-28,1445.74,6861.57,5415.83,0
2025-02-24,SKU005,160,1518915.2,9493.22,2,2,0,2025,2,9,Winter,Product 005,Storage,Lamp,2023-04-22,5543.63,9493.22,3949.59,0
2025-02-24,SKU006,57,462044.28,8106.04,2,2,0,2025,2,9,Winter,Product 006,Furniture,Shelf,2024-08-02,6021.91,8106.04,2084.13,0
2025-02-24,SKU007,189,966563.01,5114.09,2,2,0,2025,2,9,Winter,Product 007,Home Decor,Cabinet,2022-04-05,7748.2,5114.09,-2634.11,1
2025-02-24,SKU008,138,1358284.32,9842.64,2,2,0,2025,2,9,Winter,Product 008,Kitchen,Rug,2024-02-07,2775.15,9842.64,7067.49,0
2025-02-24,SKU009,91,212656.99,2336.89,2,2,0,2025,2,9,Winter,Product 009,Lighting,Organizer,2022-08-10,3121.06,2336.89,-784.17,1
2025-02-24,SKU010,155,102836.3,663.46,2,2,0,2025,2,9,Winter,Product 010,Storage,Sofa,2022-04-14,3889.06,663.46,-3225.6,1
2025-02-24,SKU011,18,26002.08,1444.56,2,2,0,2025,2,9,Winter,Product 011,Furniture,Chair,2023-08-03,1718.4,1444.56,-273.84,1
2025-02-24,SKU012,208,1826108.96,8779.37,2,2,0,2025,2,9,Winter,Product 012,Home Decor,Table,2024-12-09,1256.89,8779.37,7522.48,0
2025-02-24,SKU013,105,604566.9,5757.78,2,2,0,2025,2,9,Winter,Product 013,Kitchen,Cushion,2024-03-20,3936.71,5757.78,1821.07,0
2025-02-24,SKU014,180,408735.0,2270.75,2,2,0,2025,2,9,Winter,Product 014,Lighting,Cookware,2024-04-17,2008.55,2270.75,262.2,0
2025-02-24,SKU015,36,223636.32,6212.12,2,2,0,2025,2,9,Winter,Product 015,Storage,Lamp,2024-02-29,5441.06,6212.12,771.06,0
2025-02-24,SKU016,135,292520.7,2166.82,2,2,0,2025,2,9,Winter,Product 016,Furniture,Shelf,2024-05-14,3637.93,2166.82,-1471.11,1
2025-02-24,SKU017,127,1076619.64,8477.32,2,2,0,2025,2,9,Winter,Product 017,Home Decor,Cabinet,2023-07-19,6703.26,8477.32,1774.06,0
2025-02-24,SKU018,211,1176411.51,5575.41,2,2,0,2025,2,9,Winter,Product 018,Kitchen,Rug,2022-05-21,5677.05,5575.41,-101.64,1
2025-02-24,SKU019,140,674779.0,4819.85,2,2,0,2025,2,9,Winter,Product 019,Lighting,Organizer,2024-07-12,2670.84,4819.85,2149.01,0
2025-02-24,SKU020,95,370266.3,3897.54,2,2,0,2025,2,9,Winter,Product 020,Storage,Sofa,2023-05-11,6700.01,3897.54,-2802.47,1
2025-02-24,SKU021,78,601479.84,7711.28,2,2,0,2025,2,9,Winter,Product 021,Furniture,Chair,2023-07-05,6486.92,7711.28,1224.36,0
2025-02-24,SKU022,76,349374.28,4597.03,2,2,0,2025,2,9,Winter,Product 022,Home Decor,Table,2023-02-12,3252.96,4597.03,1344.07,0
2025-02-24,SKU023,119,168592.06,1416.74,2,2,0,2025,2,9,Winter,Product 023,Kitchen,Cushion,2022-07-20,2484.54,1416.74,-1067.8,1
2025-02-24,SKU024,116,205188.92,1768.87,2,2,0,2025,2,9,Winter,Product 024,Lighting,Cookware,2024-10-16,5539.34,1768.87,-3770.47,1
2025-02-24,SKU025,27,312066.27,11558.01,2,2,0,2025,2,9,Winter,Product 025,Storage,Lamp,2024-05-09,1333.08,11558.01,10224.93,0
2025-02-24,SKU026,169,1848782.26,10939.54,2,2,0,2025,2,9,Winter,Product 026,Furniture,Shelf,2023-12-10,1799.29,10939.54,9140.25,0
2025-02-24,SKU027,204,1737386.4,8516.6,2,2,0,2025,2,9,Winter,Product 027,Home Decor,Cabinet,2023-03-19,307.06,8516.6,8209.54,0
2025-02-24,SKU028,41,142847.69,3484.09,2,2,0,2025,2,9,Winter,Product 028,Kitchen,Rug,2024-06-24,6348.66,3484.09,-2864.57,1
2025-02-24,SKU029,116,1350524.2,11642.45,2,2,0,2025,2,9,Winter,Product 029,Lighting,Organizer,2023-08-23,5402.59,11642.45,6239.86,0
2025-02-24,SKU030,47,443374.97,9433.51,2,2,0,2025,2,9,Winter,Product 030,Storage,Sofa,2023-05-03,5715.03,9433.51,3718.48,0
2025-02-24,SKU031,137,1194082.41,8715.93,2,2,0,2025,2,9,Winter,Product 031,Furniture,Chair,2023-05-11,6300.65,8715.93,2415.28,0
2025-02-24,SKU032,73,409719.07,5612.59,2,2,0,2025,2,9,Winter,Product 032,Home Decor,Table,2022-09-07,3806.6,5612.59,1805.99,0
2025-02-24,SKU033,138,491004.0,3558.0,2,2,0,2025,2,9,Winter,Product 033,Kitchen,Cushion,2022-04-12,4657.74,3558.0,-1099.74,1
2025-02-24,SKU034,153,232275.42,1518.14,2,2,0,2025,2,9,Winter,Product 034,Lighting,Cookware,2023-09-03,1333.43,1518.14,184.71,0
2025-02-24,SKU035,189,2054465.91,10870.19,2,2,0,2025,2,9,Winter,Product 035,Storage,Lamp,2024-09-03,1137.61,10870.19,9732.58,0
2025-02-24,SKU036,34,193358.0,5687.0,2,2,0,2025,2,9,Winter,Product 036,Furniture,Shelf,2022-03-12,5430.12,5687.0,256.88,0
2025-02-24,SKU037,220,604432.4,2747.42,2,2,0,2025,2,9,Winter,Product 037,Home Decor,Cabinet,2024-08-02,3901.0,2747.42,-1153.58,1
2025-02-24,SKU038,53,209302.3,3949.1,2,2,0,2025,2,9,Winter,Product 038,Kitchen,Rug,2024-06-29,4630.58,3949.1,-681.48,1
2025-02-24,SKU039,28,199330.6,7118.95,2,2,0,2025,2,9,Winter,Product 039,Lighting,Organizer,2022-11-01,6178.74,7118.95,940.21,0
2025-02-24,SKU040,136,333276.16,2450.56,2,2,0,2025,2,9,Winter,Product 040,Storage,Sofa,2023-11-26,5169.07,2450.56,-2718.51,1
2025-02-24,SKU041,99,1023336.27,10336.73,2,2,0,2025,2,9,Winter,Product 041,Furniture,Chair,2022-07-01,4540.24,10336.73,5796.49,0
2025-02-24,SKU042,175,1609795.25,9198.83,2,2,0,2025,2,9,Winter,Product 042,Home Decor,Table,2024-04-13,4583.86,9198.83,4614.97,0
2025-02-24,SKU043,193,1687933.61,8745.77,2,2,0,2025,2,9,Winter,Product 043,Kitchen,Cushion,2024-02-10,2605.61,8745.77,6140.16,0
2025-02-24,SKU044,75,405921.0,5412.28,2,2,0,2025,2,9,Winter,Product 044,Lighting,Cookware,2023-01-25,488.84,5412.28,4923.44,0
2025-02-24,SKU045,218,1673538.04,7676.78,2,2,0,2025,2,9,Winter,Product 045,Storage,Lamp,2022-03-16,3634.56,7676.78,4042.22,0
2025-02-24,SKU046,88,631447.52,7175.54,2,2,0,2025,2,9,Winter,Product 046,Furniture,Shelf,2024-12-03,1913.03,7175.54,5262.51,0
2025-02-24,SKU047,107,849389.54,7938.22,2,2,0,2025,2,9,Winter,Product 047,Home Decor,Cabinet,2023-05-06,3416.1,7938.22,4522.12,0
2025-02-24,SKU048,72,99327.6,1379.55,2,2,0,2025,2,9,Winter,Product 048,Kitchen,Rug,2024-09-09,6863.87,1379.55,-5484.32,1
2025-02-24,SKU049,207,1081237.59,5223.37,2,2,0,2025,2,9,Winter,Product 049,Lighting,Organizer,2024-01-16,2063.03,5223.37,3160.34,0
2025-02-24,SKU050,53,46784.16,882.72,2,2,0,2025,2,9,Winter,Product 050,Storage,Sofa,2024-05-06,701.85,882.72,180.87,0
2025-03-03,SKU001,98,359076.9,3664.05,2,2,0,2025,3,10,Spring,Product 001,Furniture,Chair,2022-04-09,1758.45,3664.05,1905.6,0
2025-03-03,SKU002,99,376763.31,3805.69,2,2,0,2025,3,10,Spring,Product 002,Home Decor,Table,2024-05-01,3867.09,3805.69,-61.4,1
2025-03-03,SKU003,44,355442.12,8078.23,2,2,0,2025,3,10,Spring,Product 003,Kitchen,Cushion,2023-12-22,589.48,8078.23,7488.75,0
2025-03-03,SKU004,36,247016.52,6861.57,2,2,0,2025,3,10,Spring,Product 004,Lighting,Cookware,2023-04-28,1445.74,6861.57,5415.83,0
2025-03-03,SKU005,140,1329050.8,9493.22,2,2,0,2025,3,10,Spring,Product 005,Storage,Lamp,2023-04-22,5543.63,9493.22,3949.59,0
2025-03-03,SKU006,58,470150.32,8106.04,2,2,0,2025,3,10,Spring,Product 006,Furniture,Shelf,2024-08-02,6021.91,8106.04,2084.13,0
2025-03-03,SKU007,217,1109757.53,5114.09,2,2,0,2025,3,10,Spring,Product 007,Home Decor,Cabinet,2022-04-05,7748.2,5114.09,-2634.11,1
2025-03-03,SKU008,133,1309071.12,9842.64,2,2,0,2025,3,10,Spring,Product 008,Kitchen,Rug,2024-02-07,2775.15,9842.64,7067.49,0
2025-03-03,SKU009,99,231352.11,2336.89,2,2,0,2025,3,10,Spring,Product 009,Lighting,Organizer,2022-08-10,3121.06,2336.89,-784.17,1
2025-03-03,SKU010,160,106153.6,663.46,2,2,0,2025,3,10,Spring,Product 010,Storage,Sofa,2022-04-14,3889.06,663.46,-3225.6,1
2025-03-03,SKU011,15,21668.4,1444.56,2,2,0,2025,3,10,Spring,Product 011,Furniture,Chair,2023-08-03,1718.4,1444.56,-273.84,1
2025-03-03,SKU012,224,1966578.88,8779.37,2,2,0,2025,3,10,Spring,Product 012,Home Decor,Table,2024-12-09,1256.89,8779.37,7522.48,0
2025-03-03,SKU013,110,633355.8,5757.78,2,2,0,2025,3,10,Spring,Product 013,Kitchen,Cushion,2024-03-20,3936.71,5757.78,1821.07,0
2025-03-03,SKU014,182,413276.5,2270.75,2,2,0,2025,3,10,Spring,Product 014,Lighting,Cookware,2024-04-17,2008.55,2270.75,262.2,0
2025-03-03,SKU015,37,229848.44,6212.12,2,2,0,2025,3,10,Spring,Product 015,Storage,Lamp,2024-02-29,5441.06,6212.12,771.06,0
2025-03-03,SKU016,103,223182.46,2166.82,2,2,0,2025,3,10,Spring,Product 016,Furniture,Shelf,2024-05-14,3637.93,2166.82,-1471.11,1
2025-03-03,SKU017,104,881641.28,8477.32,2,2,0,2025,3,10,Spring,Product 017,Home Decor,Cabinet,2023-07-19,6703.26,8477.32,1774.06,0
2025-03-03,SKU018,206,1148534.46,5575.41,2,2,0,2025,3,10,Spring,Product 018,Kitchen,Rug,2022-05-21,5677.05,5575.41,-101.64,1
2025-03-03,SKU019,143,689238.55,4819.85,2,2,0,2025,3,10,Spring,Product 019,Lighting,Organizer,2024-07-12,2670.84,4819.85,2149.01,0
2025-03-03,SKU020,119,463807.26,3897.54,2,2,0,2025,3,10,Spring,Product 020,Storage,Sofa,2023-05-11,6700.01,3897.54,-2802.47,1
2025-03-03,SKU021,59,454965.52,7711.28,2,2,0,2025,3,10,Spring,Product 021,Furniture,Chair,2023-07-05,6486.92,7711.28,1224.36,0
2025-03-03,SKU022,78,358568.34,4597.03,2,2,0,2025,3,10,Spring,Product 022,Home Decor,Table,2023-02-12,3252.96,4597.03,1344.07,0
2025-03-03,SKU023,125,177092.5,1416.74,2,2,0,2025,3,10,Spring,Product 023,Kitchen,Cushion,2022-07-20,2484.54,1416.74,-1067.8,1
2025-03-03,SKU024,104,183962.48,1768.87,2,2,0,2025,3,10,Spring,Product 024,Lighting,Cookware,2024-10-16,5539.34,1768.87,-3770.47,1
2025-03-03,SKU025,20,231160.2,11558.01,2,2,0,2025,3,10,Spring,Product 025,Storage,Lamp,2024-05-09,1333.08,11558.01,10224.93,0
2025-03-03,SKU026,173,1892540.42,10939.54,2,2,0,2025,3,10,Spring,Product 026,Furniture,Shelf,2023-12-10,1799.29,10939.54,9140.25,0
2025-03-03,SKU027,206,1754419.6,8516.6,2,2,0,2025,3,10,Spring,Product 027,Home Decor,Cabinet,2023-03-19,307.06,8516.6,8209.54,0
2025-03-03,SKU028,52,181172.68,3484.09,2,2,0,2025,3,10,Spring,Product 028,Kitchen,Rug,2024-06-24,6348.66,3484.09,-2864.57,1
2025-03-03,SKU029,127,1478591.15,11642.45,2,2,0,2025,3,10,Spring,Product 029,Lighting,Organizer,2023-08-23,5402.59,11642.45,6239.86,0
2025-03-03,SKU030,39,367906.89,9433.51,2,2,0,2025,3,10,Spring,Product 030,Storage,Sofa,2023-05-03,5715.03,9433.51,3718.48,0
2025-03-03,SKU031,170,1481708.1,8715.93,2,2,0,2025,3,10,Spring,Product 031,Furniture,Chair,2023-05-11,6300.65,8715.93,2415.28,0
2025-03-03,SKU032,58,325530.22,5612.59,2,2,0,2025,3,10,Spring,Product 032,Home Decor,Table,2022-09-07,3806.6,5612.59,1805.99,0
2025-03-03,SKU033,154,547932.0,3558.0,2,2,0,2025,3,10,Spring,Product 033,Kitchen,Cushion,2022-04-12,4657.74,3558.0,-1099.74,1
2025-03-03,SKU034,176,267192.64,1518.14,2,2,0,2025,3,10,Spring,Product 034,Lighting,Cookware,2023-09-03,1333.43,1518.14,184.71,0
2025-03-03,SKU035,175,1902283.25,10870.19,2,2,0,2025,3,10,Spring,Product 035,Storage,Lamp,2024-09-03,1137.61,10870.19,9732.58,0
2025-03-03,SKU036,35,199045.0,5687.0,2,2,0,2025,3,10,Spring,Product 036,Furniture,Shelf,2022-03-12,5430.12,5687.0,256.88,0
2025-03-03,SKU037,220,604432.4,2747.42,2,2,0,2025,3,10,Spring,Product 037,Home Decor,Cabinet,2024-08-02,3901.0,2747.42,-1153.58,1
2025-03-03,SKU038,59,232996.9,3949.1,2,2,0,2025,3,10,Spring,Product 038,Kitchen,Rug,2024-06-29,4630.58,3949.1,-681.48,1
2025-03-03,SKU039,31,220687.45,7118.95,2,2,0,2025,3,10,Spring,Product 039,Lighting,Organizer,2022-11-01,6178.74,7118.95,940.21,0
2025-03-03,SKU040,126,308770.56,2450.56,2,2,0,2025,3,10,Spring,Product 040,Storage,Sofa,2023-11-26,5169.07,2450.56,-2718.51,1
2025-03-03,SKU041,101,1044009.73,10336.73,2,2,0,2025,3,10,Spring,Product 041,Furniture,Chair,2022-07-01,4540.24,10336.73,5796.49,0
2025-03-03,SKU042,193,1775374.19,9198.83,2,2,0,2025,3,10,Spring,Product 042,Home Decor,Table,2024-04-13,4583.86,9198.83,4614.97,0
2025-03-03,SKU043,186,1626713.22,8745.77,2,2,0,2025,3,10,Spring,Product 043,Kitchen,Cushion,2024-02-10,2605.61,8745.77,6140.16,0
2025-03-03,SKU044,90,487105.2,5412.28,2,2,0,2025,3,10,Spring,Product 044,Lighting,Cookware,2023-01-25,488.84,5412.28,4923.44,0
2025-03-03,SKU045,240,1842427.2,7676.78,2,2,0,2025,3,10,Spring,Product 045,Storage,Lamp,2022-03-16,3634.56,7676.78,4042.22,0
2025-03-03,SKU046,76,545341.04,7175.54,2,2,0,2025,3,10,Spring,Product 046,Furniture,Shelf,2024-12-03,1913.03,7175.54,5262.51,0
2025-03-03,SKU047,146,1158980.12,7938.22,2,2,0,2025,3,10,Spring,Product 047,Home Decor,Cabinet,2023-05-06,3416.1,7938.22,4522.12,0
2025-03-03,SKU048,67,92429.85,1379.55,2,2,0,2025,3,10,Spring,Product 048,Kitchen,Rug,2024-09-09,6863.87,1379.55,-5484.32,1
2025-03-03,SKU049,214,1117801.18,5223.37,2,2,0,2025,3,10,Spring,Product 049,Lighting,Organizer,2024-01-16,2063.03,5223.37,3160.34,0
2025-03-03,SKU050,67,59142.24,882.72,2,2,0,2025,3,10,Spring,Product 050,Storage,Sofa,2024-05-06,701.85,882.72,180.87,0
2025-03-10,SKU001,133,487318.65,3664.05,2,2,0,2025,3,11,Spring,Product 001,Furniture,Chair,2022-04-09,1758.45,3664.05,1905.6,0
2025-03-10,SKU002,80,304455.2,3805.69,2,2,0,2025,3,11,Spring,Product 002,Home Decor,Table,2024-05-01,3867.09,3805.69,-61.4,1
2025-03-10,SKU003,57,460459.11,8078.23,2,2,0,2025,3,11,Spring,Product 003,Kitchen,Cushion,2023-12-22,589.48,8078.23,7488.75,0
2025-03-10,SKU004,35,240154.95,6861.57,2,2,0,2025,3,11,Spring,Product 004,Lighting,Cookware,2023-04-28,1445.74,6861.57,5415.83,0
2025-03-10,SKU005,142,1348037.24,9493.22,2,2,0,2025,3,11,Spring,Product 005,Storage,Lamp,2023-04-22,5543.63,9493.22,3949.59,0
2025-03-10,SKU006,66,534998.64,8106.04,2,2,0,2025,3,11,Spring,Product 006,Furniture,Shelf,2024-08-02,6021.91,8106.04,2084.13,0
2025-03-10,SKU007,191,976791.19,5114.09,2,2,0,2025,3,11,Spring,Product 007,Home Decor,Cabinet,2022-04-05,7748.2,5114.09,-2634.11,1
2025-03-10,SKU008,153,1505923.92,9842.64,2,2,0,2025,3,11,Spring,Product 008,Kitchen,Rug,2024-02-07,2775.15,9842.64,7067.49,0
2025-03-10,SKU009,92,214993.88,2336.89,2,2,0,2025,3,11,Spring,Product 009,Lighting,Organizer,2022-08-10,3121.06,2336.89,-784.17,1
2025-03-10,SKU010,139,92220.94,663.46,2,2,0,2025,3,11,Spring,Product 010,Storage,Sofa,2022-04-14,3889.06,663.46,-3225.6,1
2025-03-10,SKU011,22,31780.32,1444.56,2,2,0,2025,3,11,Spring,Product 011,Furniture,Chair,2023-08-03,1718.4,1444.56,-273.84,1
2025-03-10,SKU012,217,1905123.29,8779.37,2,2,0,2025,3,11,Spring,Product 012,Home Decor,Table,2024-12-09,1256.89,8779.37,7522.48,0
2025-03-10,SKU013,110,633355.8,5757.78,2,2,0,2025,3,11,Spring,Product 013,Kitchen,Cushion,2024-03-20,3936.71,5757.78,1821.07,0
2025-03-10,SKU014,207,470045.25,2270.75,2,2,0,2025,3,11,Spring,Product 014,Lighting,Cookware,2024-04-17,2008.55,2270.75,262.2,0
2025-03-10,SKU015,38,236060.56,6212.12,2,2,0,2025,3,11,Spring,Product 015,Storage,Lamp,2024-02-29,5441.06,6212.12,771.06,0
2025-03-10,SKU016,115,249184.3,2166.82,2,2,0,2025,3,11,Spring,Product 016,Furniture,Shelf,2024-05-14,3637.93,2166.82,-1471.11,1
2025-03-10,SKU017,129,1093574.28,8477.32,2,2,0,2025,3,11,Spring,Product 017,Home Decor,Cabinet,2023-07-19,6703.26,8477.32,1774.06,0
2025-03-10,SKU018,214,1193137.74,5575.41,2,2,0,2025,3,11,Spring,Product 018,Kitchen,Rug,2022-05-21,5677.05,5575.41,-101.64,1
2025-03-10,SKU019,135,650679.75,4819.85,2,2,0,2025,3,11,Spring,Product 019,Lighting,Organizer,2024-07-12,2670.84,4819.85,2149.01,0
2025-03-10,SKU020,105,409241.7,3897.54,2,2,0,2025,3,11,Spring,Product 020,Storage,Sofa,2023-05-11,6700.01,3897.54,-2802.47,1
2025-03-10,SKU021,64,493521.92,7711.28,2,2,0,2025,3,11,Spring,Product 021,Furniture,Chair,2023-07-05,6486.92,7711.28,1224.36,0
2025-03-10,SKU022,82,376956.46,4597.03,2,2,0,2025,3,11,Spring,Product 022,Home Decor,Table,2023-02-12,3252.96,4597.03,1344.07,0
2025-03-10,SKU023,131,185592.94,1416.74,2,2,0,2025,3,11,Spring,Product 023,Kitchen,Cushion,2022-07-20,2484.54,1416.74,-1067.8,1
2025-03-10,SKU024,117,206957.79,1768.87,2,2,0,2025,3,11,Spring,Product 024,Lighting,Cookware,2024-10-16,5539.34,1768.87,-3770.47,1
2025-03-10,SKU025,16,184928.16,11558.01,2,2,0,2025,3,11,Spring,Product 025,Storage,Lamp,2024-05-09,1333.08,11558.01,10224.93,0
2025-03-10,SKU026,197,2155089.38,10939.54,2,2,0,2025,3,11,Spring,Product 026,Furniture,Shelf,2023-12-10,1799.29,10939.54,9140.25,0
2025-03-10,SKU027,219,1865135.4,8516.6,2,2,0,2025,3,11,Spring,Product 027,Home Decor,Cabinet,2023-03-19,307.06,8516.6,8209.54,0
2025-03-10,SKU028,43,149815.87,3484.09,2,2,0,2025,3,11,Spring,Product 028,Kitchen,Rug,2024-06-24,6348.66,3484.09,-2864.57,1
2025-03-10,SKU029,106,1234099.7,11642.45,2,2,0,2025,3,11,Spring,Product 029,Lighting,Organizer,2023-08-23,5402.59,11642.45,6239.86,0
2025-03-10,SKU030,32,301872.32,9433.51,2,2,0,2025,3,11,Spring,Product 030,Storage,Sofa,2023-05-03,5715.03,9433.51,3718.48,0
2025-03-10,SKU031,133,1159218.69,8715.93,2,2,0,2025,3,11,Spring,Product 031,Furniture,Chair,2023-05-11,6300.65,8715.93,2415.28,0
2025-03-10,SKU032,98,550033.82,5612.59,2,2,0,2025,3,11,Spring,Product 032,Home Decor,Table,2022-09-07,3806.6,5612.59,1805.99,0
2025-03-10,SKU033,160,569280.0,3558.0,2,2,0,2025,3,11,Spring,Product 033,Kitchen,Cushion,2022-04-12,4657.74,3558.0,-1099.74,1
2025-03-10,SKU034,197,299073.58,1518.14,2,2,0,2025,3,11,Spring,Product 034,Lighting,Cookware,2023-09-03,1333.43,1518.14,184.71,0
2025-03-10,SKU035,162,1760970.78,10870.19,2,2,0,2025,3,11,Spring,Product 035,Storage,Lamp,2024-09-03,1137.61,10870.19,9732.58,0
2025-03-10,SKU036,27,153549.0,5687.0,2,2,0,2025,3,11,Spring,Product 036,Furniture,Shelf,2022-03-12,5430.12,5687.0,256.88,0
2025-03-10,SKU037,206,565968.52,2747.42,2,2,0,2025,3,11,Spring,Product 037,Home Decor,Cabinet,2024-08-02,3901.0,2747.42,-1153.58,1
2025-03-10,SKU038,77,304080.7,3949.1,2,2,0,2025,3,11,Spring,Product 038,Kitchen,Rug,2024-06-29,4630.58,3949.1,-681.48,1
2025-03-10,SKU039,20,142379.0,7118.95,2,2,0,2025,3,11,Spring,Product 039,Lighting,Organizer,2022-11-01,6178.74,7118.95,940.21,0
2025-03-10,SKU040,146,357781.76,2450.56,2,2,0,2025,3,11,Spring,Product 040,Storage,Sofa,2023-11-26,5169.07,2450.56,-2718.51,1
2025-03-10,SKU041,101,1044009.73,10336.73,2,2,0,2025,3,11,Spring,Product 041,Furniture,Chair,2022-07-01,4540.24,10336.73,5796.49,0
2025-03-10,SKU042,194,1784573.02,9198.83,2,2,0,2025,3,11,Spring,Product 042,Home Decor,Table,2024-04-13,4583.86,9198.83,4614.97,0
2025-03-10,SKU043,184,1609221.68,8745.77,2,2,0,2025,3,11,Spring,Product 043,Kitchen,Cushion,2024-02-10,2605.61,8745.77,6140.16,0
2025-03-10,SKU044,88,476280.64,5412.28,2,2,0,2025,3,11,Spring,Product 044,Lighting,Cookware,2023-01-25,488.84,5412.28,4923.44,0
2025-03-10,SKU045,226,1734952.28,7676.78,2,2,0,2025,3,11,Spring,Product 045,Storage,Lamp,2022-03-16,3634.56,7676.78,4042.22,0
2025-03-10,SKU046,77,552516.58,7175.54,2,2,0,2025,3,11,Spring,Product 046,Furniture,Shelf,2024-12-03,1913.03,7175.54,5262.51,0
2025-03-10,SKU047,134,1063721.48,7938.22,2,2,0,2025,3,11,Spring,Product 047,Home Decor,Cabinet,2023-05-06,3416.1,7938.22,4522.12,0
2025-03-10,SKU048,71,97948.05,1379.55,2,2,0,2025,3,11,Spring,Product 048,Kitchen,Rug,2024-09-09,6863.87,1379.55,-5484.32,1
2025-03-10,SKU049,190,992440.3,5223.37,2,2,0,2025,3,11,Spring,Product 049,Lighting,Organizer,2024-01-16,2063.03,5223.37,3160.34,0
2025-03-10,SKU050,52,45901.44,882.72,2,2,0,2025,3,11,Spring,Product 050,Storage,Sofa,2024-05-06,701.85,882.72,180.87,0
2025-03-17,SKU001,128,468998.4,3664.05,2,2,0,2025,3,12,Spring,Product 001,Furniture,Chair,2022-04-09,1758.45,3664.05,1905.6,0
2025-03-17,SKU002,81,308260.89,3805.69,2,2,0,2025,3,12,Spring,Product 002,Home Decor,Table,2024-05-01,3867.09,3805.69,-61.4,1
2025-03-17,SKU003,69,557397.87,8078.23,2,2,0,2025,3,12,Spring,Product 003,Kitchen,Cushion,2023-12-22,589.48,8078.23,7488.75,0
2025-03-17,SKU004,39,267601.23,6861.57,2,2,0,2025,3,12,Spring,Product 004,Lighting,Cookware,2023-04-28,1445.74,6861.57,5415.83,0
2025-03-17,SKU005,144,1367023.68,9493.22,2,2,0,2025,3,12,Spring,Product 005,Storage,Lamp,2023-04-22,5543.63,9493.22,3949.59,0
2025-03-17,SKU006,42,340453.68,8106.04,2,2,0,2025,3,12,Spring,Product 006,Furniture,Shelf,2024-08-02,6021.91,8106.04,2084.13,0
2025-03-17,SKU007,194,992133.46,5114.09,2,2,0,2025,3,12,Spring,Product 007,Home Decor,Cabinet,2022-04-05,7748.2,5114.09,-2634.11,1
2025-03-17,SKU008,139,1368126.96,9842.64,2,2,0,2025,3,12,Spring,Product 008,Kitchen,Rug,2024-02-07,2775.15,9842.64,7067.49,0
2025-03-17,SKU009,102,238362.78,2336.89,2,2,0,2025,3,12,Spring,Product 009,Lighting,Organizer,2022-08-10,3121.06,2336.89,-784.17,1
2025-03-17,SKU010,139,92220.94,663.46,2,2,0,2025,3,12,Spring,Product 010,Storage,Sofa,2022-04-14,3889.06,663.46,-3225.6,1
2025-03-17,SKU011,19,27446.64,1444.56,2,2,0,2025,3,12,Spring,Product 011,Furniture,Chair,2023-08-03,1718.4,1444.56,-273.84,1
2025-03-17,SKU012,217,1905123.29,8779.37,2,2,0,2025,3,12,Spring,Product 012,Home Decor,Table,2024-12-09,1256.89,8779.37,7522.48,0
2025-03-17,SKU013,115,662144.7,5757.78,2,2,0,2025,3,12,Spring,Product 013,Kitchen,Cushion,2024-03-20,3936.71,5757.78,1821.07,0
2025-03-17,SKU014,187,424630.25,2270.75,2,2,0,2025,3,12,Spring,Product 014,Lighting,Cookware,2024-04-17,2008.55,2270.75,262.2,0
2025-03-17,SKU015,22,136666.64,6212.12,2,2,0,2025,3,12,Spring,Product 015,Storage,Lamp,2024-02-29,5441.06,6212.12,771.06,0
2025-03-17,SKU016,113,244850.66,2166.82,2,2,0,2025,3,12,Spring,Product 016,Furniture,Shelf,2024-05-14,3637.93,2166.82,-1471.11,1
2025-03-17,SKU017,124,1051187.68,8477.32,2,2,0,2025,3,12,Spring,Product 017,Home Decor,Cabinet,2023-07-19,6703.26,8477.32,1774.06,0
2025-03-17,SKU018,219,1221014.79,5575.41,2,2,0,2025,3,12,Spring,Product 018,Kitchen,Rug,2022-05-21,5677.05,5575.41,-101.64,1
2025-03-17,SKU019,127,612120.95,4819.85,2,2,0,2025,3,12,Spring,Product 019,Lighting,Organizer,2024-07-12,2670.84,4819.85,2149.01,0
2025-03-17,SKU020,101,393651.54,3897.54,2,2,0,2025,3,12,Spring,Product 020,Storage,Sofa,2023-05-11,6700.01,3897.54,-2802.47,1
2025-03-17,SKU021,75,578346.0,7711.28,2,2,0,2025,3,12,Spring,Product 021,Furniture,Chair,2023-07-05,6486.92,7711.28,1224.36,0
2025-03-17,SKU022,84,386150.52,4597.03,2,2,0,2025,3,12,Spring,Product 022,Home Decor,Table,2023-02-12,3252.96,4597.03,1344.07,0
2025-03-17,SKU023,127,179925.98,1416.74,2,2,0,2025,3,12,Spring,Product 023,Kitchen,Cushion,2022-07-20,2484.54,1416.74,-1067.8,1
2025-03-17,SKU024,141,249410.67,1768.87,2,2,0,2025,3,12,Spring,Product 024,Lighting,Cookware,2024-10-16,5539.34,1768.87,-3770.47,1
2025-03-17,SKU025,28,323624.28,11558.01,2,2,0,2025,3,12,Spring,Product 025,Storage,Lamp,2024-05-09,1333.08,11558.01,10224.93,0
2025-03-17,SKU026,207,2264484.78,10939.54,2,2,0,2025,3,12,Spring,Product 026,Furniture,Shelf,2023-12-10,1799.29,10939.54,9140.25,0
2025-03-17,SKU027,216,1839585.6,8516.6,2,2,0,2025,3,12,Spring,Product 027,Home Decor,Cabinet,2023-03-19,307.06,8516.6,8209.54,0
2025-03-17,SKU028,50,174204.5,3484.09,2,2,0,2025,3,12,Spring,Product 028,Kitchen,Rug,2024-06-24,6348.66,3484.09,-2864.57,1
2025-03-17,SKU029,147,1711440.15,11642.45,2,2,0,2025,3,12,Spring,Product 029,Lighting,Organizer,2023-08-23,5402.59,11642.45,6239.86,0
2025-03-17,SKU030,44,415074.44,9433.51,2,2,0,2025,3,12,Spring,Product 030,Storage,Sofa,2023-05-03,5715.03,9433.51,3718.48,0
2025-03-17,SKU031,145,1263809.85,8715.93,2,2,0,2025,3,12,Spring,Product 031,Furniture,Chair,2023-05-11,6300.65,8715.93,2415.28,0
2025-03-17,SKU032,83,465844.97,5612.59,2,2,0,2025,3,12,Spring,Product 032,Home Decor,Table,2022-09-07,3806.6,5612.59,1805.99,0
2025-03-17,SKU033,149,530142.0,3558.0,2,2,0,2025,3,12,Spring,Product 033,Kitchen,Cushion,2022-04-12,4657.74,3558.0,-1099.74,1
2025-03-17,SKU034,170,258083.8,1518.14,2,2,0,2025,3,12,Spring,Product 034,Lighting,Cookware,2023-09-03,1333.43,1518.14,184.71,0
2025-03-17,SKU035,176,1913153.44,10870.19,2,2,0,2025,3,12,Spring,Product 035,Storage,Lamp,2024-09-03,1137.61,10870.19,9732.58,0
2025-03-17,SKU036,34,193358.0,5687.0,2,2,0,2025,3,12,Spring,Product 036,Furniture,Shelf,2022-03-12,5430.12,5687.0,256.88,0
2025-03-17,SKU037,217,596190.14,2747.42,2,2,0,2025,3,12,Spring,Product 037,Home Decor,Cabinet,2024-08-02,3901.0,2747.42,-1153.58,1
2025-03-17,SKU038,65,256691.5,3949.1,2,2,0,2025,3,12,Spring,Product 038,Kitchen,Rug,2024-06-29,4630.58,3949.1,-681.48,1
2025-03-17,SKU039,23,163735.85,7118.95,2,2,0,2025,3,12,Spring,Product 039,Lighting,Organizer,2022-11-01,6178.74,7118.95,940.21,0
2025-03-17,SKU040,151,370034.56,2450.56,2,2,0,2025,3,12,Spring,Product 040,Storage,Sofa,2023-11-26,5169.07,2450.56,-2718.51,1
2025-03-17,SKU041,90,930305.7,10336.73,2,2,0,2025,3,12,Spring,Product 041,Furniture,Chair,2022-07-01,4540.24,10336.73,5796.49,0
2025-03-17,SKU042,182,1674187.06,9198.83,2,2,0,2025,3,12,Spring,Product 042,Home Decor,Table,2024-04-13,4583.86,9198.83,4614.97,0
2025-03-17,SKU043,191,1670442.07,8745.77,2,2,0,2025,3,12,Spring,Product 043,Kitchen,Cushion,2024-02-10,2605.61,8745.77,6140.16,0
2025-03-17,SKU044,85,460043.8,5412.28,2,2,0,2025,3,12,Spring,Product 044,Lighting,Cookware,2023-01-25,488.84,5412.28,4923.44,0
2025-03-17,SKU045,223,1711921.94,7676.78,2,2,0,2025,3,12,Spring,Product 045,Storage,Lamp,2022-03-16,3634.56,7676.78,4042.22,0
2025-03-17,SKU046,71,509463.34,7175.54,2,2,0,2025,3,12,Spring,Product 046,Furniture,Shelf,2024-12-03,1913.03,7175.54,5262.51,0
2025-03-17,SKU047,128,1016092.16,7938.22,2,2,0,2025,3,12,Spring,Product 047,Home Decor,Cabinet,2023-05-06,3416.1,7938.22,4522.12,0
2025-03-17,SKU048,64,88291.2,1379.55,2,2,0,2025,3,12,Spring,Product 048,Kitchen,Rug,2024-09-09,6863.87,1379.55,-5484.32,1
2025-03-17,SKU049,218,1138694.66,5223.37,2,2,0,2025,3,12,Spring,Product 049,Lighting,Organizer,2024-01-16,2063.03,5223.37,3160.34,0
2025-03-17,SKU050,61,53845.92,882.72,2,2,0,2025,3,12,Spring,Product 050,Storage,Sofa,2024-05-06,701.85,882.72,180.87,0
2025-03-24,SKU001,115,421365.75,3664.05,2,2,0,2025,3,13,Spring,Product 001,Furniture,Chair,2022-04-09,1758.45,3664.05,1905.6,0
2025-03-24,SKU002,96,365346.24,3805.69,2,2,0,2025,3,13,Spring,Product 002,Home Decor,Table,2024-05-01,3867.09,3805.69,-61.4,1
2025-03-24,SKU003,50,403911.5,8078.23,2,2,0,2025,3,13,Spring,Product 003,Kitchen,Cushion,2023-12-22,589.48,8078.23,7488.75,0
2025-03-24,SKU004,43,295047.51,6861.57,2,2,0,2025,3,13,Spring,Product 004,Lighting,Cookware,2023-04-28,1445.74,6861.57,5415.83,0
2025-03-24,SKU005,134,1272091.48,9493.22,2,2,0,2025,3,13,Spring,Product 005,Storage,Lamp,2023-04-22,5543.63,9493.22,3949.59,0
2025-03-24,SKU006,55,445832.2,8106.04,2,2,0,2025,3,13,Spring,Product 006,Furniture,Shelf,2024-08-02,6021.91,8106.04,2084.13,0
2025-03-24,SKU007,208,1063730.72,5114.09,2,2,0,2025,3,13,Spring,Product 007,Home Decor,Cabinet,2022-04-05,7748.2,5114.09,-2634.11,1
2025-03-24,SKU008,154,1515766.56,9842.64,2,2,0,2025,3,13,Spring,Product 008,Kitchen,Rug,2024-02-07,2775.15,9842.64,7067.49,0
2025-03-24,SKU009,82,191624.98,2336.89,2,2,0,2025,3,13,Spring,Product 009,Lighting,Organizer,2022-08-10,3121.06,2336.89,-784.17,1
2025-03-24,SKU010,156,103499.76,663.46,2,2,0,2025,3,13,Spring,Product 010,Storage,Sofa,2022-04-14,3889.06,663.46,-3225.6,1
2025-03-24,SKU011,18,26002.08,1444.56,2,2,0,2025,3,13,Spring,Product 011,Furniture,Chair,2023-08-03,1718.4,1444.56,-273.84,1
2025-03-24,SKU012,253,2221180.61,8779.37,2,2,0,2025,3,13,Spring,Product 012,Home Decor,Table,2024-12-09,1256.89,8779.37,7522.48,0
2025-03-24,SKU013,127,731238.06,5757.78,2,2,0,2025,3,13,Spring,Product 013,Kitchen,Cushion,2024-03-20,3936.71,5757.78,1821.07,0
2025-03-24,SKU014,173,392839.75,2270.75,2,2,0,2025,3,13,Spring,Product 014,Lighting,Cookware,2024-04-17,2008.55,2270.75,262.2,0
2025-03-24,SKU015,30,186363.6,6212.12,2,2,0,2025,3,13,Spring,Product 015,Storage,Lamp,2024-02-29,5441.06,6212.12,771.06,0
2025-03-24,SKU016,146,316355.72,2166.82,2,2,0,2025,3,13,Spring,Product 016,Furniture,Shelf,2024-05-14,3637.93,2166.82,-1471.11,1
2025-03-24,SKU017,135,1144438.2,8477.32,2,2,0,2025,3,13,Spring,Product 017,Home Decor,Cabinet,2023-07-19,6703.26,8477.32,1774.06,0
2025-03-24,SKU018,196,1092780.36,5575.41,2,2,0,2025,3,13,Spring,Product 018,Kitchen,Rug,2022-05-21,5677.05,5575.41,-101.64,1
2025-03-24,SKU019,130,626580.5,4819.85,2,2,0,2025,3,13,Spring,Product 019,Lighting,Organizer,2024-07-12,2670.84,4819.85,2149.01,0
2025-03-24,SKU020,111,432626.94,3897.54,2,2,0,2025,3,13,Spring,Product 020,Storage,Sofa,2023-05-11,6700.01,3897.54,-2802.47,1
2025-03-24,SKU021,76,586057.28,7711.28,2,2,0,2025,3,13,Spring,Product 021,Furniture,Chair,2023-07-05,6486.92,7711.28,1224.36,0
2025-03-24,SKU022,87,399941.61,4597.03,2,2,0,2025,3,13,Spring,Product 022,Home Decor,Table,2023-02-12,3252.96,4597.03,1344.07,0
2025-03-24,SKU023,141,199760.34,1416.74,2,2,0,2025,3,13,Spring,Product 023,Kitchen,Cushion,2022-07-20,2484.54,1416.74,-1067.8,1
2025-03-24,SKU024,119,210495.53,1768.87,2,2,0,2025,3,13,Spring,Product 024,Lighting,Cookware,2024-10-16,5539.34,1768.87,-3770.47,1
2025-03-24,SKU025,27,312066.27,11558.01,2,2,0,2025,3,13,Spring,Product 025,Storage,Lamp,2024-05-09,1333.08,11558.01,10224.93,0
2025-03-24,SKU026,202,2209787.08,10939.54,2,2,0,2025,3,13,Spring,Product 026,Furniture,Shelf,2023-12-10,1799.29,10939.54,9140.25,0
2025-03-24,SKU027,206,1754419.6,8516.6,2,2,0,2025,3,13,Spring,Product 027,Home Decor,Cabinet,2023-03-19,307.06,8516.6,8209.54,0
2025-03-24,SKU028,54,188140.86,3484.09,2,2,0,2025,3,13,Spring,Product 028,Kitchen,Rug,2024-06-24,6348.66,3484.09,-2864.57,1
2025-03-24,SKU029,132,1536803.4,11642.45,2,2,0,2025,3,13,Spring,Product 029,Lighting,Organizer,2023-08-23,5402.59,11642.45,6239.86,0
2025-03-24,SKU030,40,377340.4,9433.51,2,2,0,2025,3,13,Spring,Product 030,Storage,Sofa,2023-05-03,5715.03,9433.51,3718.48,0
2025-03-24,SKU031,173,1507855.89,8715.93,2,2,0,2025,3,13,Spring,Product 031,Furniture,Chair,2023-05-11,6300.65,8715.93,2415.28,0
2025-03-24,SKU032,74,415331.66,5612.59,2,2,0,2025,3,13,Spring,Product 032,Home Decor,Table,2022-09-07,3806.6,5612.59,1805.99,0
2025-03-24,SKU033,179,636882.0,3558.0,2,2,0,2025,3,13,Spring,Product 033,Kitchen,Cushion,2022-04-12,4657.74,3558.0,-1099.74,1
2025-03-24,SKU034,176,267192.64,1518.14,2,2,0,2025,3,13,Spring,Product 034,Lighting,Cookware,2023-09-03,1333.43,1518.14,184.71,0
2025-03-24,SKU035,181,1967504.39,10870.19,2,2,0,2025,3,13,Spring,Product 035,Storage,Lamp,2024-09-03,1137.61,10870.19,9732.58,0
2025-03-24,SKU036,41,233167.0,5687.0,2,2,0,2025,3,13,Spring,Product 036,Furniture,Shelf,2022-03-12,5430.12,5687.0,256.88,0
2025-03-24,SKU037,231,634654.02,2747.42,2,2,0,2025,3,13,Spring,Product 037,Home Decor,Cabinet,2024-08-02,3901.0,2747.42,-1153.58,1
2025-03-24,SKU038,59,232996.9,3949.1,2,2,0,2025,3,13,Spring,Product 038,Kitchen,Rug,2024-06-29,4630.58,3949.1,-681.48,1
2025-03-24,SKU039,20,142379.0,7118.95,2,2,0,2025,3,13,Spring,Product 039,Lighting,Organizer,2022-11-01,6178.74,7118.95,940.21,0
2025-03-24,SKU040,120,294067.2,2450.56,2,2,0,2025,3,13,Spring,Product 040,Storage,Sofa,2023-11-26,5169.07,2450.56,-2718.51,1
2025-03-24,SKU041,105,1085356.65,10336.73,2,2,0,2025,3,13,Spring,Product 041,Furniture,Chair,2022-07-01,4540.24,10336.73,5796.49,0
2025-03-24,SKU042,183,1683385.89,9198.83,2,2,0,2025,3,13,Spring,Product 042,Home Decor,Table,2024-04-13,4583.86,9198.83,4614.97,0
2025-03-24,SKU043,200,1749154.0,8745.77,2,2,0,2025,3,13,Spring,Product 043,Kitchen,Cushion,2024-02-10,2605.61,8745.77,6140.16,0
2025-03-24,SKU044,76,411333.28,5412.28,2,2,0,2025,3,13,Spring,Product 044,Lighting,Cookware,2023-01-25,488.84,5412.28,4923.44,0
2025-03-24,SKU045,211,1619800.58,7676.78,2,2,0,2025,3,13,Spring,Product 045,Storage,Lamp,2022-03-16,3634.56,7676.78,4042.22,0
2025-03-24,SKU046,70,502287.8,7175.54,2,2,0,2025,3,13,Spring,Product 046,Furniture,Shelf,2024-12-03,1913.03,7175.54,5262.51,0
2025-03-24,SKU047,125,992277.5,7938.22,2,2,0,2025,3,13,Spring,Product 047,Home Decor,Cabinet,2023-05-06,3416.1,7938.22,4522.12,0
2025-03-24,SKU048,76,104845.8,1379.55,2,2,0,2025,3,13,Spring,Product 048,Kitchen,Rug,2024-09-09,6863.87,1379.55,-5484.32,1
2025-03-24,SKU049,230,1201375.1,5223.37,2,2,0,2025,3,13,Spring,Product 049,Lighting,Organizer,2024-01-16,2063.03,5223.37,3160.34,0
2025-03-24,SKU050,49,43253.28,882.72,2,2,0,2025,3,13,Spring,Product 050,Storage,Sofa,2024-05-06,701.85,882.72,180.87,0
2025-03-31,SKU001,100,366405.0,3664.05,0,0,0,2025,3,14,Spring,Product 001,Furniture,Chair,2022-04-09,1758.45,3664.05,1905.6,0
2025-03-31,SKU002,80,304455.2,3805.69,0,0,0,2025,3,14,Spring,Product 002,Home Decor,Table,2024-05-01,3867.09,3805.69,-61.4,1
2025-03-31,SKU003,38,306972.74,8078.23,0,0,0,2025,3,14,Spring,Product 003,Kitchen,Cushion,2023-12-22,589.48,8078.23,7488.75,0
2025-03-31,SKU004,22,150954.54,6861.57,0,0,0,2025,3,14,Spring,Product 004,Lighting,Cookware,2023-04-28,1445.74,6861.57,5415.83,0
2025-03-31,SKU005,142,1348037.24,9493.22,0,0,0,2025,3,14,Spring,Product 005,Storage,Lamp,2023-04-22,5543.63,9493.22,3949.59,0
2025-03-31,SKU006,56,453938.24,8106.04,0,0,0,2025,3,14,Spring,Product 006,Furniture,Shelf,2024-08-02,6021.91,8106.04,2084.13,0
2025-03-31,SKU007,201,1027932.09,5114.09,0,0,0,2025,3,14,Spring,Product 007,Home Decor,Cabinet,2022-04-05,7748.2,5114.09,-2634.11,1
2025-03-31,SKU008,146,1437025.44,9842.64,0,0,0,2025,3,14,Spring,Product 008,Kitchen,Rug,2024-02-07,2775.15,9842.64,7067.49,0
2025-03-31,SKU009,76,177603.64,2336.89,0,0,0,2025,3,14,Spring,Product 009,Lighting,Organizer,2022-08-10,3121.06,2336.89,-784.17,1
2025-03-31,SKU010,149,98855.54,663.46,0,0,0,2025,3,14,Spring,Product 010,Storage,Sofa,2022-04-14,3889.06,663.46,-3225.6,1
2025-03-31,SKU011,20,28891.2,1444.56,0,0,0,2025,3,14,Spring,Product 011,Furniture,Chair,2023-08-03,1718.4,1444.56,-273.84,1
2025-03-31,SKU012,218,1913902.66,8779.37,0,0,0,2025,3,14,Spring,Product 012,Home Decor,Table,2024-12-09,1256.89,8779.37,7522.48,0
2025-03-31,SKU013,111,639113.58,5757.78,0,0,0,2025,3,14,Spring,Product 013,Kitchen,Cushion,2024-03-20,3936.71,5757.78,1821.07,0
2025-03-31,SKU014,163,370132.25,2270.75,0,0,0,2025,3,14,Spring,Product 014,Lighting,Cookware,2024-04-17,2008.55,2270.75,262.2,0
2025-03-31,SKU015,40,248484.8,6212.12,0,0,0,2025,3,14,Spring,Product 015,Storage,Lamp,2024-02-29,5441.06,6212.12,771.06,0
2025-03-31,SKU016,116,251351.12,2166.82,0,0,0,2025,3,14,Spring,Product 016,Furniture,Shelf,2024-05-14,3637.93,2166.82,-1471.11,1
2025-03-31,SKU017,114,966414.48,8477.32,0,0,0,2025,3,14,Spring,Product 017,Home Decor,Cabinet,2023-07-19,6703.26,8477.32,1774.06,0
2025-03-31,SKU018,207,1154109.87,5575.41,0,0,0,2025,3,14,Spring,Product 018,Kitchen,Rug,2022-05-21,5677.05,5575.41,-101.64,1
2025-03-31,SKU019,132,636220.2,4819.85,0,0,0,2025,3,14,Spring,Product 019,Lighting,Organizer,2024-07-12,2670.84,4819.85,2149.01,0
2025-03-31,SKU020,132,514475.28,3897.54,0,0,0,2025,3,14,Spring,Product 020,Storage,Sofa,2023-05-11,6700.01,3897.54,-2802.47,1
2025-03-31,SKU021,68,524367.04,7711.28,0,0,0,2025,3,14,Spring,Product 021,Furniture,Chair,2023-07-05,6486.92,7711.28,1224.36,0
2025-03-31,SKU022,61,280418.83,4597.03,0,0,0,2025,3,14,Spring,Product 022,Home Decor,Table,2023-02-12,3252.96,4597.03,1344.07,0
2025-03-31,SKU023,121,171425.54,1416.74,0,0,0,2025,3,14,Spring,Product 023,Kitchen,Cushion,2022-07-20,2484.54,1416.74,-1067.8,1
2025-03-31,SKU024,116,205188.92,1768.87,0,0,0,2025,3,14,Spring,Product 024,Lighting,Cookware,2024-10-16,5539.34,1768.87,-3770.47,1
2025-03-31,SKU025,10,115580.1,11558.01,0,0,0,2025,3,14,Spring,Product 025,Storage,Lamp,2024-05-09,1333.08,11558.01,10224.93,0
2025-03-31,SKU026,174,1903479.96,10939.54,0,0,0,2025,3,14,Spring,Product 026,Furniture,Shelf,2023-12-10,1799.29,10939.54,9140.25,0
2025-03-31,SKU027,188,1601120.8,8516.6,0,0,0,2025,3,14,Spring,Product 027,Home Decor,Cabinet,2023-03-19,307.06,8516.6,8209.54,0
2025-03-31,SKU028,36,125427.24,3484.09,0,0,0,2025,3,14,Spring,Product 028,Kitchen,Rug,2024-06-24,6348.66,3484.09,-2864.57,1
2025-03-31,SKU029,136,1583373.2,11642.45,0,0,0,2025,3,14,Spring,Product 029,Lighting,Organizer,2023-08-23,5402.59,11642.45,6239.86,0
2025-03-31,SKU030,30,283005.3,9433.51,0,0,0,2025,3,14,Spring,Product 030,Storage,Sofa,2023-05-03,5715.03,9433.51,3718.48,0
2025-03-31,SKU031,131,1141786.83,8715.93,0,0,0,2025,3,14,Spring,Product 031,Furniture,Chair,2023-05-11,6300.65,8715.93,2415.28,0
2025-03-31,SKU032,68,381656.12,5612.59,0,0,0,2025,3,14,Spring,Product 032,Home Decor,Table,2022-09-07,3806.6,5612.59,1805.99,0
2025-03-31,SKU033,156,555048.0,3558.0,0,0,0,2025,3,14,Spring,Product 033,Kitchen,Cushion,2022-04-12,4657.74,3558.0,-1099.74,1
2025-03-31,SKU034,159,241384.26,1518.14,0,0,0,2025,3,14,Spring,Product 034,Lighting,Cookware,2023-09-03,1333.43,1518.14,184.71,0
2025-03-31,SKU035,164,1782711.16,10870.19,0,0,0,2025,3,14,Spring,Product 035,Storage,Lamp,2024-09-03,1137.61,10870.19,9732.58,0
2025-03-31,SKU036,40,227480.0,5687.0,0,0,0,2025,3,14,Spring,Product 036,Furniture,Shelf,2022-03-12,5430.12,5687.0,256.88,0
2025-03-31,SKU037,204,560473.68,2747.42,0,0,0,2025,3,14,Spring,Product 037,Home Decor,Cabinet,2024-08-02,3901.0,2747.42,-1153.58,1
2025-03-31,SKU038,73,288284.3,3949.1,0,0,0,2025,3,14,Spring,Product 038,Kitchen,Rug,2024-06-29,4630.58,3949.1,-681.48,1
2025-03-31,SKU039,27,192211.65,7118.95,0,0,0,2025,3,14,Spring,Product 039,Lighting,Organizer,2022-11-01,6178.74,7118.95,940.21,0
2025-03-31,SKU040,135,330825.6,2450.56,0,0,0,2025,3,14,Spring,Product 040,Storage,Sofa,2023-11-26,5169.07,2450.56,-2718.51,1
2025-03-31,SKU041,93,961315.89,10336.73,0,0,0,2025,3,14,Spring,Product 041,Furniture,Chair,2022-07-01,4540.24,10336.73,5796.49,0
2025-03-31,SKU042,201,1848964.83,9198.83,0,0,0,2025,3,14,Spring,Product 042,Home Decor,Table,2024-04-13,4583.86,9198.83,4614.97,0
2025-03-31,SKU043,188,1644204.76,8745.77,0,0,0,2025,3,14,Spring,Product 043,Kitchen,Cushion,2024-02-10,2605.61,8745.77,6140.16,0
2025-03-31,SKU044,85,460043.8,5412.28,0,0,0,2025,3,14,Spring,Product 044,Lighting,Cookware,2023-01-25,488.84,5412.28,4923.44,0
2025-03-31,SKU045,205,1573739.9,7676.78,0,0,0,2025,3,14,Spring,Product 045,Storage,Lamp,2022-03-16,3634.56,7676.78,4042.22,0
2025-03-31,SKU046,73,523814.42,7175.54,0,0,0,2025,3,14,Spring,Product 046,Furniture,Shelf,2024-12-03,1913.03,7175.54,5262.51,0
2025-03-31,SKU047,114,904957.08,7938.22,0,0,0,2025,3,14,Spring,Product 047,Home Decor,Cabinet,2023-05-06,3416.1,7938.22,4522.12,0
2025-03-31,SKU048,61,84152.55,1379.55,0,0,0,2025,3,14,Spring,Product 048,Kitchen,Rug,2024-09-09,6863.87,1379.55,-5484.32,1
2025-03-31,SKU049,184,961100.08,5223.37,0,0,0,2025,3,14,Spring,Product 049,Lighting,Organizer,2024-01-16,2063.03,5223.37,3160.34,0
2025-03-31,SKU050,65,57376.8,882.72,0,0,0,2025,3,14,Spring,Product 050,Storage,Sofa,2024-05-06,701.85,882.72,180.87,0
2025-04-07,SKU001,112,410373.6,3664.05,0,0,0,2025,4,15,Spring,Product 001,Furniture,Chair,2022-04-09,1758.45,3664.05,1905.6,0
2025-04-07,SKU002,89,338706.41,3805.69,0,0,0,2025,4,15,Spring,Product 002,Home Decor,Table,2024-05-01,3867.09,3805.69,-61.4,1
2025-04-07,SKU003,48,387755.04,8078.23,0,0,0,2025,4,15,Spring,Product 003,Kitchen,Cushion,2023-12-22,589.48,8078.23,7488.75,0
2025-04-07,SKU004,39,267601.23,6861.57,0,0,0,2025,4,15,Spring,Product 004,Lighting,Cookware,2023-04-28,1445.74,6861.57,5415.83,0
2025-04-07,SKU005,132,1253105.04,9493.22,0,0,0,2025,4,15,Spring,Product 005,Storage,Lamp,2023-04-22,5543.63,9493.22,3949.59,0
2025-04-07,SKU006,53,429620.12,8106.04,0,0,0,2025,4,15,Spring,Product 006,Furniture,Shelf,2024-08-02,6021.91,8106.04,2084.13,0
2025-04-07,SKU007,194,992133.46,5114.09,0,0,0,2025,4,15,Spring,Product 007,Home Decor,Cabinet,2022-04-05,7748.2,5114.09,-2634.11,1
2025-04-07,SKU008,131,1289385.84,9842.64,0,0,0,2025,4,15,Spring,Product 008,Kitchen,Rug,2024-02-07,2775.15,9842.64,7067.49,0
2025-04-07,SKU009,79,184614.31,2336.89,0,0,0,2025,4,15,Spring,Product 009,Lighting,Organizer,2022-08-10,3121.06,2336.89,-784.17,1
2025-04-07,SKU010,133,88240.18,663.46,0,0,0,2025,4,15,Spring,Product 010,Storage,Sofa,2022-04-14,3889.06,663.46,-3225.6,1
2025-04-07,SKU011,26,37558.56,1444.56,0,0,0,2025,4,15,Spring,Product 011,Furniture,Chair,2023-08-03,1718.4,1444.56,-273.84,1
2025-04-07,SKU012,195,1711977.15,8779.37,0,0,0,2025,4,15,Spring,Product 012,Home Decor,Table,2024-12-09,1256.89,8779.37,7522.48,0
2025-04-07,SKU013,105,604566.9,5757.78,0,0,0,2025,4,15,Spring,Product 013,Kitchen,Cushion,2024-03-20,3936.71,5757.78,1821.07,0
2025-04-07,SKU014,182,413276.5,2270.75,0,0,0,2025,4,15,Spring,Product 014,Lighting,Cookware,2024-04-17,2008.55,2270.75,262.2,0
2025-04-07,SKU015,38,236060.56,6212.12,0,0,0,2025,4,15,Spring,Product 015,Storage,Lamp,2024-02-29,5441.06,6212.12,771.06,0
2025-04-07,SKU016,124,268685.68,2166.82,0,0,0,2025,4,15,Spring,Product 016,Furniture,Shelf,2024-05-14,3637.93,2166.82,-1471.11,1
2025-04-07,SKU017,115,974891.8,8477.32,0,0,0,2025,4,15,Spring,Product 017,Home Decor,Cabinet,2023-07-19,6703.26,8477.32,1774.06,0
2025-04-07,SKU018,197,1098355.77,5575.41,0,0,0,2025,4,15,Spring,Product 018,Kitchen,Rug,2022-05-21,5677.05,5575.41,-101.64,1
2025-04-07,SKU019,144,694058.4,4819.85,0,0,0,2025,4,15,Spring,Product 019,Lighting,Organizer,2024-07-12,2670.84,4819.85,2149.01,0
2025-04-07,SKU020,107,417036.78,3897.54,0,0,0,2025,4,15,Spring,Product 020,Storage,Sofa,2023-05-11,6700.01,3897.54,-2802.47,1
2025-04-07,SKU021,50,385564.0,7711.28,0,0,0,2025,4,15,Spring,Product 021,Furniture,Chair,2023-07-05,6486.92,7711.28,1224.36,0
2025-04-07,SKU022,67,308001.01,4597.03,0,0,0,2025,4,15,Spring,Product 022,Home Decor,Table,2023-02-12,3252.96,4597.03,1344.07,0
2025-04-07,SKU023,127,179925.98,1416.74,0,0,0,2025,4,15,Spring,Product 023,Kitchen,Cushion,2022-07-20,2484.54,1416.74,-1067.8,1
2025-04-07,SKU024,90,159198.3,1768.87,0,0,0,2025,4,15,Spring,Product 024,Lighting,Cookware,2024-10-16,5539.34,1768.87,-3770.47,1
2025-04-07,SKU025,26,300508.26,11558.01,0,0,0,2025,4,15,Spring,Product 025,Storage,Lamp,2024-05-09,1333.08,11558.01,10224.93,0
2025-04-07,SKU026,195,2133210.3,10939.54,0,0,0,2025,4,15,Spring,Product 026,Furniture,Shelf,2023-12-10,1799.29,10939.54,9140.25,0
2025-04-07,SKU027,195,1660737.0,8516.6,0,0,0,2025,4,15,Spring,Product 027,Home Decor,Cabinet,2023-03-19,307.06,8516.6,8209.54,0
2025-04-07,SKU028,42,146331.78,3484.09,0,0,0,2025,4,15,Spring,Product 028,Kitchen,Rug,2024-06-24,6348.66,3484.09,-2864.57,1
2025-04-07,SKU029,120,1397094.0,11642.45,0,0,0,2025,4,15,Spring,Product 029,Lighting,Organizer,2023-08-23,5402.59,11642.45,6239.86,0
2025-04-07,SKU030,35,330172.85,9433.51,0,0,0,2025,4,15,Spring,Product 030,Storage,Sofa,2023-05-03,5715.03,9433.51,3718.48,0
2025-04-07,SKU031,160,1394548.8,8715.93,0,0,0,2025,4,15,Spring,Product 031,Furniture,Chair,2023-05-11,6300.65,8715.93,2415.28,0
2025-04-07,SKU032,78,437782.02,5612.59,0,0,0,2025,4,15,Spring,Product 032,Home Decor,Table,2022-09-07,3806.6,5612.59,1805.99,0
2025-04-07,SKU033,159,565722.0,3558.0,0,0,0,2025,4,15,Spring,Product 033,Kitchen,Cushion,2022-04-12,4657.74,3558.0,-1099.74,1
2025-04-07,SKU034,150,227721.0,1518.14,0,0,0,2025,4,15,Spring,Product 034,Lighting,Cookware,2023-09-03,1333.43,1518.14,184.71,0
2025-04-07,SKU035,187,2032725.53,10870.19,0,0,0,2025,4,15,Spring,Product 035,Storage,Lamp,2024-09-03,1137.61,10870.19,9732.58,0
2025-04-07,SKU036,46,261602.0,5687.0,0,0,0,2025,4,15,Spring,Product 036,Furniture,Shelf,2022-03-12,5430.12,5687.0,256.88,0
2025-04-07,SKU037,195,535746.9,2747.42,0,0,0,2025,4,15,Spring,Product 037,Home Decor,Cabinet,2024-08-02,3901.0,2747.42,-1153.58,1
2025-04-07,SKU038,73,288284.3,3949.1,0,0,0,2025,4,15,Spring,Product 038,Kitchen,Rug,2024-06-29,4630.58,3949.1,-681.48,1
2025-04-07,SKU039,24,170854.8,7118.95,0,0,0,2025,4,15,Spring,Product 039,Lighting,Organizer,2022-11-01,6178.74,7118.95,940.21,0
2025-04-07,SKU040,122,298968.32,2450.56,0,0,0,2025,4,15,Spring,Product 040,Storage,Sofa,2023-11-26,5169.07,2450.56,-2718.51,1
2025-04-07,SKU041,96,992326.08,10336.73,0,0,0,2025,4,15,Spring,Product 041,Furniture,Chair,2022-07-01,4540.24,10336.73,5796.49,0
2025-04-07,SKU042,168,1545403.44,9198.83,0,0,0,2025,4,15,Spring,Product 042,Home Decor,Table,2024-04-13,4583.86,9198.83,4614.97,0
2025-04-07,SKU043,176,1539255.52,8745.77,0,0,0,2025,4,15,Spring,Product 043,Kitchen,Cushion,2024-02-10,2605.61,8745.77,6140.16,0
2025-04-07,SKU044,67,362622.76,5412.28,0,0,0,2025,4,15,Spring,Product 044,Lighting,Cookware,2023-01-25,488.84,5412.28,4923.44,0
2025-04-07,SKU045,233,1788689.74,7676.78,0,0,0,2025,4,15,Spring,Product 045,Storage,Lamp,2022-03-16,3634.56,7676.78,4042.22,0
2025-04-07,SKU046,59,423356.86,7175.54,0,0,0,2025,4,15,Spring,Product 046,Furniture,Shelf,2024-12-03,1913.03,7175.54,5262.51,0
2025-04-07,SKU047,104,825574.88,7938.22,0,0,0,2025,4,15,Spring,Product 047,Home Decor,Cabinet,2023-05-06,3416.1,7938.22,4522.12,0
2025-04-07,SKU048,80,110364.0,1379.55,0,0,0,2025,4,15,Spring,Product 048,Kitchen,Rug,2024-09-09,6863.87,1379.55,-5484.32,1
2025-04-07,SKU049,213,1112577.81,5223.37,0,0,0,2025,4,15,Spring,Product 049,Lighting,Organizer,2024-01-16,2063.03,5223.37,3160.34,0
2025-04-07,SKU050,48,42370.56,882.72,0,0,0,2025,4,15,Spring,Product 050,Storage,Sofa,2024-05-06,701.85,882.72,180.87,0
2025-04-14,SKU001,108,395717.4,3664.05,0,0,0,2025,4,16,Spring,Product 001,Furniture,Chair,2022-04-09,1758.45,3664.05,1905.6,0
2025-04-14,SKU002,82,312066.58,3805.69,0,0,0,2025,4,16,Spring,Product 002,Home Decor,Table,2024-05-01,3867.09,3805.69,-61.4,1
2025-04-14,SKU003,48,387755.04,8078.23,0,0,0,2025,4,16,Spring,Product 003,Kitchen,Cushion,2023-12-22,589.48,8078.23,7488.75,0
2025-04-14,SKU004,45,308770.65,6861.57,0,0,0,2025,4,16,Spring,Product 004,Lighting,Cookware,2023-04-28,1445.74,6861.57,5415.83,0
2025-04-14,SKU005,134,1272091.48,9493.22,0,0,0,2025,4,16,Spring,Product 005,Storage,Lamp,2023-04-22,5543.63,9493.22,3949.59,0
2025-04-14,SKU006,46,372877.84,8106.04,0,0,0,2025,4,16,Spring,Product 006,Furniture,Shelf,2024-08-02,6021.91,8106.04,2084.13,0
2025-04-14,SKU007,200,1022818.0,5114.09,0,0,0,2025,4,16,Spring,Product 007,Home Decor,Cabinet,2022-04-05,7748.2,5114.09,-2634.11,1
2025-04-14,SKU008,138,1358284.32,9842.64,0,0,0,2025,4,16,Spring,Product 008,Kitchen,Rug,2024-02-07,2775.15,9842.64,7067.49,0
2025-04-14,SKU009,69,161245.41,2336.89,0,0,0,2025,4,16,Spring,Product 009,Lighting,Organizer,2022-08-10,3121.06,2336.89,-784.17,1
2025-04-14,SKU010,137,90894.02,663.46,0,0,0,2025,4,16,Spring,Product 010,Storage,Sofa,2022-04-14,3889.06,663.46,-3225.6,1
2025-04-14,SKU011,22,31780.32,1444.56,0,0,0,2025,4,16,Spring,Product 011,Furniture,Chair,2023-08-03,1718.4,1444.56,-273.84,1
2025-04-14,SKU012,198,1738315.26,8779.37,0,0,0,2025,4,16,Spring,Product 012,Home Decor,Table,2024-12-09,1256.89,8779.37,7522.48,0
2025-04-14,SKU013,114,656386.92,5757.78,0,0,0,2025,4,16,Spring,Product 013,Kitchen,Cushion,2024-03-20,3936.71,5757.78,1821.07,0
2025-04-14,SKU014,176,399652.0,2270.75,0,0,0,2025,4,16,Spring,Product 014,Lighting,Cookware,2024-04-17,2008.55,2270.75,262.2,0
2025-04-14,SKU015,36,223636.32,6212.12,0,0,0,2025,4,16,Spring,Product 015,Storage,Lamp,2024-02-29,5441.06,6212.12,771.06,0
2025-04-14,SKU016,98,212348.36,2166.82,0,0,0,2025,4,16,Spring,Product 016,Furniture,Shelf,2024-05-14,3637.93,2166.82,-1471.11,1
2025-04-14,SKU017,115,974891.8,8477.32,0,0,0,2025,4,16,Spring,Product 017,Home Decor,Cabinet,2023-07-19,6703.26,8477.32,1774.06,0
2025-04-14,SKU018,212,1181986.92,5575.41,0,0,0,2025,4,16,Spring,Product 018,Kitchen,Rug,2022-05-21,5677.05,5575.41,-101.64,1
2025-04-14,SKU019,135,650679.75,4819.85,0,0,0,2025,4,16,Spring,Product 019,Lighting,Organizer,2024-07-12,2670.84,4819.85,2149.01,0
2025-04-14,SKU020,117,456012.18,3897.54,0,0,0,2025,4,16,Spring,Product 020,Storage,Sofa,2023-05-11,6700.01,3897.54,-2802.47,1
2025-04-14,SKU021,66,508944.48,7711.28,0,0,0,2025,4,16,Spring,Product 021,Furniture,Chair,2023-07-05,6486.92,7711.28,1224.36,0
2025-04-14,SKU022,77,353971.31,4597.03,0,0,0,2025,4,16,Spring,Product 022,Home Decor,Table,2023-02-12,3252.96,4597.03,1344.07,0
2025-04-14,SKU023,120,170008.8,1416.74,0,0,0,2025,4,16,Spring,Product 023,Kitchen,Cushion,2022-07-20,2484.54,1416.74,-1067.8,1
2025-04-14,SKU024,110,194575.7,1768.87,0,0,0,2025,4,16,Spring,Product 024,Lighting,Cookware,2024-10-16,5539.34,1768.87,-3770.47,1
2025-04-14,SKU025,14,161812.14,11558.01,0,0,0,2025,4,16,Spring,Product 025,Storage,Lamp,2024-05-09,1333.08,11558.01,10224.93,0
2025-04-14,SKU026,160,1750326.4,10939.54,0,0,0,2025,4,16,Spring,Product 026,Furniture,Shelf,2023-12-10,1799.29,10939.54,9140.25,0
2025-04-14,SKU027,228,1941784.8,8516.6,0,0,0,2025,4,16,Spring,Product 027,Home Decor,Cabinet,2023-03-19,307.06,8516.6,8209.54,0
2025-04-14,SKU028,44,153299.96,3484.09,0,0,0,2025,4,16,Spring,Product 028,Kitchen,Rug,2024-06-24,6348.66,3484.09,-2864.57,1
2025-04-14,SKU029,131,1525160.95,11642.45,0,0,0,2025,4,16,Spring,Product 029,Lighting,Organizer,2023-08-23,5402.59,11642.45,6239.86,0
2025-04-14,SKU030,31,292438.81,9433.51,0,0,0,2025,4,16,Spring,Product 030,Storage,Sofa,2023-05-03,5715.03,9433.51,3718.48,0
2025-04-14,SKU031,132,1150502.76,8715.93,0,0,0,2025,4,16,Spring,Product 031,Furniture,Chair,2023-05-11,6300.65,8715.93,2415.28,0
2025-04-14,SKU032,92,516358.28,5612.59,0,0,0,2025,4,16,Spring,Product 032,Home Decor,Table,2022-09-07,3806.6,5612.59,1805.99,0
2025-04-14,SKU033,130,462540.0,3558.0,0,0,0,2025,4,16,Spring,Product 033,Kitchen,Cushion,2022-04-12,4657.74,3558.0,-1099.74,1
2025-04-14,SKU034,156,236829.84,1518.14,0,0,0,2025,4,16,Spring,Product 034,Lighting,Cookware,2023-09-03,1333.43,1518.14,184.71,0
2025-04-14,SKU035,173,1880542.87,10870.19,0,0,0,2025,4,16,Spring,Product 035,Storage,Lamp,2024-09-03,1137.61,10870.19,9732.58,0
2025-04-14,SKU036,33,187671.0,5687.0,0,0,0,2025,4,16,Spring,Product 036,Furniture,Shelf,2022-03-12,5430.12,5687.0,256.88,0
2025-04-14,SKU037,189,519262.38,2747.42,0,0,0,2025,4,16,Spring,Product 037,Home Decor,Cabinet,2024-08-02,3901.0,2747.42,-1153.58,1
2025-04-14,SKU038,71,280386.1,3949.1,0,0,0,2025,4,16,Spring,Product 038,Kitchen,Rug,2024-06-29,4630.58,3949.1,-681.48,1
2025-04-14,SKU039,24,170854.8,7118.95,0,0,0,2025,4,16,Spring,Product 039,Lighting,Organizer,2022-11-01,6178.74,7118.95,940.21,0
2025-04-14,SKU040,116,284264.96,2450.56,0,0,0,2025,4,16,Spring,Product 040,Storage,Sofa,2023-11-26,5169.07,2450.56,-2718.51,1
2025-04-14,SKU041,91,940642.43,10336.73,0,0,0,2025,4,16,Spring,Product 041,Furniture,Chair,2022-07-01,4540.24,10336.73,5796.49,0
2025-04-14,SKU042,174,1600596.42,9198.83,0,0,0,2025,4,16,Spring,Product 042,Home Decor,Table,2024-04-13,4583.86,9198.83,4614.97,0
2025-04-14,SKU043,184,1609221.68,8745.77,0,0,0,2025,4,16,Spring,Product 043,Kitchen,Cushion,2024-02-10,2605.61,8745.77,6140.16,0
2025-04-14,SKU044,84,454631.52,5412.28,0,0,0,2025,4,16,Spring,Product 044,Lighting,Cookware,2023-01-25,488.84,5412.28,4923.44,0
2025-04-14,SKU045,216,1658184.48,7676.78,0,0,0,2025,4,16,Spring,Product 045,Storage,Lamp,2022-03-16,3634.56,7676.78,4042.22,0
2025-04-14,SKU046,78,559692.12,7175.54,0,0,0,2025,4,16,Spring,Product 046,Furniture,Shelf,2024-12-03,1913.03,7175.54,5262.51,0
2025-04-14,SKU047,110,873204.2,7938.22,0,0,0,2025,4,16,Spring,Product 047,Home Decor,Cabinet,2023-05-06,3416.1,7938.22,4522.12,0
2025-04-14,SKU048,79,108984.45,1379.55,0,0,0,2025,4,16,Spring,Product 048,Kitchen,Rug,2024-09-09,6863.87,1379.55,-5484.32,1
2025-04-14,SKU049,198,1034227.26,5223.37,0,0,0,2025,4,16,Spring,Product 049,Lighting,Organizer,2024-01-16,2063.03,5223.37,3160.34,0
2025-04-14,SKU050,46,40605.12,882.72,0,0,0,2025,4,16,Spring,Product 050,Storage,Sofa,2024-05-06,701.85,882.72,180.87,0
2025-04-21,SKU001,134,490982.7,3664.05,0,0,0,2025,4,17,Spring,Product 001,Furniture,Chair,2022-04-09,1758.45,3664.05,1905.6,0
2025-04-21,SKU002,79,300649.51,3805.69,0,0,0,2025,4,17,Spring,Product 002,Home Decor,Table,2024-05-01,3867.09,3805.69,-61.4,1
2025-04-21,SKU003,49,395833.27,8078.23,0,0,0,2025,4,17,Spring,Product 003,Kitchen,Cushion,2023-12-22,589.48,8078.23,7488.75,0
2025-04-21,SKU004,41,281324.37,6861.57,0,0,0,2025,4,17,Spring,Product 004,Lighting,Cookware,2023-04-28,1445.74,6861.57,5415.83,0
2025-04-21,SKU005,141,1338544.02,9493.22,0,0,0,2025,4,17,Spring,Product 005,Storage,Lamp,2023-04-22,5543.63,9493.22,3949.59,0
2025-04-21,SKU006,67,543104.68,8106.04,0,0,0,2025,4,17,Spring,Product 006,Furniture,Shelf,2024-08-02,6021.91,8106.04,2084.13,0
2025-04-21,SKU007,201,1027932.09,5114.09,0,0,0,2025,4,17,Spring,Product 007,Home Decor,Cabinet,2022-04-05,7748.2,5114.09,-2634.11,1
2025-04-21,SKU008,130,1279543.2,9842.64,0,0,0,2025,4,17,Spring,Product 008,Kitchen,Rug,2024-02-07,2775.15,9842.64,7067.49,0
2025-04-21,SKU009,100,233689.0,2336.89,0,0,0,2025,4,17,Spring,Product 009,Lighting,Organizer,2022-08-10,3121.06,2336.89,-784.17,1
2025-04-21,SKU010,144,95538.24,663.46,0,0,0,2025,4,17,Spring,Product 010,Storage,Sofa,2022-04-14,3889.06,663.46,-3225.6,1
2025-04-21,SKU011,24,34669.44,1444.56,0,0,0,2025,4,17,Spring,Product 011,Furniture,Chair,2023-08-03,1718.4,1444.56,-273.84,1
2025-04-21,SKU012,210,1843667.7,8779.37,0,0,0,2025,4,17,Spring,Product 012,Home Decor,Table,2024-12-09,1256.89,8779.37,7522.48,0
2025-04-21,SKU013,110,633355.8,5757.78,0,0,0,2025,4,17,Spring,Product 013,Kitchen,Cushion,2024-03-20,3936.71,5757.78,1821.07,0
2025-04-21,SKU014,177,401922.75,2270.75,0,0,0,2025,4,17,Spring,Product 014,Lighting,Cookware,2024-04-17,2008.55,2270.75,262.2,0
2025-04-21,SKU015,33,204999.96,6212.12,0,0,0,2025,4,17,Spring,Product 015,Storage,Lamp,2024-02-29,5441.06,6212.12,771.06,0
2025-04-21,SKU016,102,221015.64,2166.82,0,0,0,2025,4,17,Spring,Product 016,Furniture,Shelf,2024-05-14,3637.93,2166.82,-1471.11,1
2025-04-21,SKU017,138,1169870.16,8477.32,0,0,0,2025,4,17,Spring,Product 017,Home Decor,Cabinet,2023-07-19,6703.26,8477.32,1774.06,0
2025-04-21,SKU018,210,1170836.1,5575.41,0,0,0,2025,4,17,Spring,Product 018,Kitchen,Rug,2022-05-21,5677.05,5575.41,-101.64,1
2025-04-21,SKU019,117,563922.45,4819.85,0,0,0,2025,4,17,Spring,Product 019,Lighting,Organizer,2024-07-12,2670.84,4819.85,2149.01,0
2025-04-21,SKU020,111,432626.94,3897.54,0,0,0,2025,4,17,Spring,Product 020,Storage,Sofa,2023-05-11,6700.01,3897.54,-2802.47,1
2025-04-21,SKU021,61,470388.08,7711.28,0,0,0,2025,4,17,Spring,Product 021,Furniture,Chair,2023-07-05,6486.92,7711.28,1224.36,0
2025-04-21,SKU022,81,372359.43,4597.03,0,0,0,2025,4,17,Spring,Product 022,Home Decor,Table,2023-02-12,3252.96,4597.03,1344.07,0
2025-04-21,SKU023,128,181342.72,1416.74,0,0,0,2025,4,17,Spring,Product 023,Kitchen,Cushion,2022-07-20,2484.54,1416.74,-1067.8,1
2025-04-21,SKU024,105,185731.35,1768.87,0,0,0,2025,4,17,Spring,Product 024,Lighting,Cookware,2024-10-16,5539.34,1768.87,-3770.47,1
2025-04-21,SKU025,16,184928.16,11558.01,0,0,0,2025,4,17,Spring,Product 025,Storage,Lamp,2024-05-09,1333.08,11558.01,10224.93,0
2025-04-21,SKU026,189,2067573.06,10939.54,0,0,0,2025,4,17,Spring,Product 026,Furniture,Shelf,2023-12-10,1799.29,10939.54,9140.25,0
2025-04-21,SKU027,180,1532988.0,8516.6,0,0,0,2025,4,17,Spring,Product 027,Home Decor,Cabinet,2023-03-19,307.06,8516.6,8209.54,0
2025-04-21,SKU028,49,170720.41,3484.09,0,0,0,2025,4,17,Spring,Product 028,Kitchen,Rug,2024-06-24,6348.66,3484.09,-2864.57,1
2025-04-21,SKU029,120,1397094.0,11642.45,0,0,0,2025,4,17,Spring,Product 029,Lighting,Organizer,2023-08-23,5402.59,11642.45,6239.86,0
2025-04-21,SKU030,40,377340.4,9433.51,0,0,0,2025,4,17,Spring,Product 030,Storage,Sofa,2023-05-03,5715.03,9433.51,3718.48,0
2025-04-21,SKU031,130,1133070.9,8715.93,0,0,0,2025,4,17,Spring,Product 031,Furniture,Chair,2023-05-11,6300.65,8715.93,2415.28,0
2025-04-21,SKU032,71,398493.89,5612.59,0,0,0,2025,4,17,Spring,Product 032,Home Decor,Table,2022-09-07,3806.6,5612.59,1805.99,0
2025-04-21,SKU033,159,565722.0,3558.0,0,0,0,2025,4,17,Spring,Product 033,Kitchen,Cushion,2022-04-12,4657.74,3558.0,-1099.74,1
2025-04-21,SKU034,170,258083.8,1518.14,0,0,0,2025,4,17,Spring,Product 034,Lighting,Cookware,2023-09-03,1333.43,1518.14,184.71,0
2025-04-21,SKU035,160,1739230.4,10870.19,0,0,0,2025,4,17,Spring,Product 035,Storage,Lamp,2024-09-03,1137.61,10870.19,9732.58,0
2025-04-21,SKU036,47,267289.0,5687.0,0,0,0,2025,4,17,Spring,Product 036,Furniture,Shelf,2022-03-12,5430.12,5687.0,256.88,0
2025-04-21,SKU037,182,500030.44,2747.42,0,0,0,2025,4,17,Spring,Product 037,Home Decor,Cabinet,2024-08-02,3901.0,2747.42,-1153.58,1
2025-04-21,SKU038,63,248793.3,3949.1,0,0,0,2025,4,17,Spring,Product 038,Kitchen,Rug,2024-06-29,4630.58,3949.1,-681.48,1
2025-04-21,SKU039,18,128141.1,7118.95,0,0,0,2025,4,17,Spring,Product 039,Lighting,Organizer,2022-11-01,6178.74,7118.95,940.21,0
2025-04-21,SKU040,100,245056.0,2450.56,0,0,0,2025,4,17,Spring,Product 040,Storage,Sofa,2023-11-26,5169.07,2450.56,-2718.51,1
2025-04-21,SKU041,97,1002662.81,10336.73,0,0,0,2025,4,17,Spring,Product 041,Furniture,Chair,2022-07-01,4540.24,10336.73,5796.49,0
2025-04-21,SKU042,180,1655789.4,9198.83,0,0,0,2025,4,17,Spring,Product 042,Home Decor,Table,2024-04-13,4583.86,9198.83,4614.97,0
2025-04-21,SKU043,176,1539255.52,8745.77,0,0,0,2025,4,17,Spring,Product 043,Kitchen,Cushion,2024-02-10,2605.61,8745.77,6140.16,0
2025-04-21,SKU044,77,416745.56,5412.28,0,0,0,2025,4,17,Spring,Product 044,Lighting,Cookware,2023-01-25,488.84,5412.28,4923.44,0
2025-04-21,SKU045,186,1427881.08,7676.78,0,0,0,2025,4,17,Spring,Product 045,Storage,Lamp,2022-03-16,3634.56,7676.78,4042.22,0
2025-04-21,SKU046,79,566867.66,7175.54,0,0,0,2025,4,17,Spring,Product 046,Furniture,Shelf,2024-12-03,1913.03,7175.54,5262.51,0
2025-04-21,SKU047,115,912895.3,7938.22,0,0,0,2025,4,17,Spring,Product 047,Home Decor,Cabinet,2023-05-06,3416.1,7938.22,4522.12,0
2025-04-21,SKU048,56,77254.8,1379.55,0,0,0,2025,4,17,Spring,Product 048,Kitchen,Rug,2024-09-09,6863.87,1379.55,-5484.32,1
2025-04-21,SKU049,203,1060344.11,5223.37,0,0,0,2025,4,17,Spring,Product 049,Lighting,Organizer,2024-01-16,2063.03,5223.37,3160.34,0
2025-04-21,SKU050,46,40605.12,882.72,0,0,0,2025,4,17,Spring,Product 050,Storage,Sofa,2024-05-06,701.85,882.72,180.87,0
2025-04-28,SKU001,99,362740.95,3664.05,0,0,0,2025,4,18,Summer,Product 001,Furniture,Chair,2022-04-09,1758.45,3664.05,1905.6,0
2025-04-28,SKU002,67,254981.23,3805.69,0,0,0,2025,4,18,Summer,Product 002,Home Decor,Table,2024-05-01,3867.09,3805.69,-61.4,1
2025-04-28,SKU003,41,331207.43,8078.23,0,0,0,2025,4,18,Summer,Product 003,Kitchen,Cushion,2023-12-22,589.48,8078.23,7488.75,0
2025-04-28,SKU004,31,212708.67,6861.57,0,0,0,2025,4,18,Summer,Product 004,Lighting,Cookware,2023-04-28,1445.74,6861.57,5415.83,0
2025-04-28,SKU005,116,1101213.52,9493.22,0,0,0,2025,4,18,Summer,Product 005,Storage,Lamp,2023-04-22,5543.63,9493.22,3949.59,0
2025-04-28,SKU006,44,356665.76,8106.04,0,0,0,2025,4,18,Summer,Product 006,Furniture,Shelf,2024-08-02,6021.91,8106.04,2084.13,0
2025-04-28,SKU007,199,1017703.91,5114.09,0,0,0,2025,4,18,Summer,Product 007,Home Decor,Cabinet,2022-04-05,7748.2,5114.09,-2634.11,1
2025-04-28,SKU008,127,1250015.28,9842.64,0,0,0,2025,4,18,Summer,Product 008,Kitchen,Rug,2024-02-07,2775.15,9842.64,7067.49,0
2025-04-28,SKU009,76,177603.64,2336.89,0,0,0,2025,4,18,Summer,Product 009,Lighting,Organizer,2022-08-10,3121.06,2336.89,-784.17,1
2025-04-28,SKU010,134,88903.64,663.46,0,0,0,2025,4,18,Summer,Product 010,Storage,Sofa,2022-04-14,3889.06,663.46,-3225.6,1
2025-04-28,SKU011,17,24557.52,1444.56,0,0,0,2025,4,18,Summer,Product 011,Furniture,Chair,2023-08-03,1718.4,1444.56,-273.84,1
2025-04-28,SKU012,202,1773432.74,8779.37,0,0,0,2025,4,18,Summer,Product 012,Home Decor,Table,2024-12-09,1256.89,8779.37,7522.48,0
2025-04-28,SKU013,109,627598.02,5757.78,0,0,0,2025,4,18,Summer,Product 013,Kitchen,Cushion,2024-03-20,3936.71,5757.78,1821.07,0
2025-04-28,SKU014,156,354237.0,2270.75,0,0,0,2025,4,18,Summer,Product 014,Lighting,Cookware,2024-04-17,2008.55,2270.75,262.2,0
2025-04-28,SKU015,31,192575.72,6212.12,0,0,0,2025,4,18,Summer,Product 015,Storage,Lamp,2024-02-29,5441.06,6212.12,771.06,0
2025-04-28,SKU016,111,240517.02,2166.82,0,0,0,2025,4,18,Summer,Product 016,Furniture,Shelf,2024-05-14,3637.93,2166.82,-1471.11,1
2025-04-28,SKU017,95,805345.4,8477.32,0,0,0,2025,4,18,Summer,Product 017,Home Decor,Cabinet,2023-07-19,6703.26,8477.32,1774.06,0
2025-04-28,SKU018,220,1226590.2,5575.41,0,0,0,2025,4,18,Summer,Product 018,Kitchen,Rug,2022-05-21,5677.05,5575.41,-101.64,1
2025-04-28,SKU019,127,612120.95,4819.85,0,0,0,2025,4,18,Summer,Product 019,Lighting,Organizer,2024-07-12,2670.84,4819.85,2149.01,0
2025-04-28,SKU020,107,417036.78,3897.54,0,0,0,2025,4,18,Summer,Product 020,Storage,Sofa,2023-05-11,6700.01,3897.54,-2802.47,1
2025-04-28,SKU021,66,508944.48,7711.28,0,0,0,2025,4,18,Summer,Product 021,Furniture,Chair,2023-07-05,6486.92,7711.28,1224.36,0
2025-04-28,SKU022,85,390747.55,4597.03,0,0,0,2025,4,18,Summer,Product 022,Home Decor,Table,2023-02-12,3252.96,4597.03,1344.07,0
2025-04-28,SKU023,107,151591.18,1416.74,0,0,0,2025,4,18,Summer,Product 023,Kitchen,Cushion,2022-07-20,2484.54,1416.74,-1067.8,1
2025-04-28,SKU024,108,191037.96,1768.87,0,0,0,2025,4,18,Summer,Product 024,Lighting,Cookware,2024-10-16,5539.34,1768.87,-3770.47,1
2025-04-28,SKU025,13,150254.13,11558.01,0,0,0,2025,4,18,Summer,Product 025,Storage,Lamp,2024-05-09,1333.08,11558.01,10224.93,0
2025-04-28,SKU026,179,1958177.66,10939.54,0,0,0,2025,4,18,Summer,Product 026,Furniture,Shelf,2023-12-10,1799.29,10939.54,9140.25,0
2025-04-28,SKU027,188,1601120.8,8516.6,0,0,0,2025,4,18,Summer,Product 027,Home Decor,Cabinet,2023-03-19,307.06,8516.6,8209.54,0
2025-04-28,SKU028,44,153299.96,3484.09,0,0,0,2025,4,18,Summer,Product 028,Kitchen,Rug,2024-06-24,6348.66,3484.09,-2864.57,1
2025-04-28,SKU029,116,1350524.2,11642.45,0,0,0,2025,4,18,Summer,Product 029,Lighting,Organizer,2023-08-23,5402.59,11642.45,6239.86,0
2025-04-28,SKU030,44,415074.44,9433.51,0,0,0,2025,4,18,Summer,Product 030,Storage,Sofa,2023-05-03,5715.03,9433.51,3718.48,0
2025-04-28,SKU031,153,1333537.29,8715.93,0,0,0,2025,4,18,Summer,Product 031,Furniture,Chair,2023-05-11,6300.65,8715.93,2415.28,0
2025-04-28,SKU032,89,499520.51,5612.59,0,0,0,2025,4,18,Summer,Product 032,Home Decor,Table,2022-09-07,3806.6,5612.59,1805.99,0
2025-04-28,SKU033,152,540816.0,3558.0,0,0,0,2025,4,18,Summer,Product 033,Kitchen,Cushion,2022-04-12,4657.74,3558.0,-1099.74,1
2025-04-28,SKU034,150,227721.0,1518.14,0,0,0,2025,4,18,Summer,Product 034,Lighting,Cookware,2023-09-03,1333.43,1518.14,184.71,0
2025-04-28,SKU035,176,1913153.44,10870.19,0,0,0,2025,4,18,Summer,Product 035,Storage,Lamp,2024-09-03,1137.61,10870.19,9732.58,0
2025-04-28,SKU036,43,244541.0,5687.0,0,0,0,2025,4,18,Summer,Product 036,Furniture,Shelf,2022-03-12,5430.12,5687.0,256.88,0
2025-04-28,SKU037,225,618169.5,2747.42,0,0,0,2025,4,18,Summer,Product 037,Home Decor,Cabinet,2024-08-02,3901.0,2747.42,-1153.58,1
2025-04-28,SKU038,51,201404.1,3949.1,0,0,0,2025,4,18,Summer,Product 038,Kitchen,Rug,2024-06-29,4630.58,3949.1,-681.48,1
2025-04-28,SKU039,23,163735.85,7118.95,0,0,0,2025,4,18,Summer,Product 039,Lighting,Organizer,2022-11-01,6178.74,7118.95,940.21,0
2025-04-28,SKU040,136,333276.16,2450.56,0,0,0,2025,4,18,Summer,Product 040,Storage,Sofa,2023-11-26,5169.07,2450.56,-2718.51,1
2025-04-28,SKU041,99,1023336.27,10336.73,0,0,0,2025,4,18,Summer,Product 041,Furniture,Chair,2022-07-01,4540.24,10336.73,5796.49,0
2025-04-28,SKU042,194,1784573.02,9198.83,0,0,0,2025,4,18,Summer,Product 042,Home Decor,Table,2024-04-13,4583.86,9198.83,4614.97,0
2025-04-28,SKU043,179,1565492.83,8745.77,0,0,0,2025,4,18,Summer,Product 043,Kitchen,Cushion,2024-02-10,2605.61,8745.77,6140.16,0
2025-04-28,SKU044,74,400508.72,5412.28,0,0,0,2025,4,18,Summer,Product 044,Lighting,Cookware,2023-01-25,488.84,5412.28,4923.44,0
2025-04-28,SKU045,186,1427881.08,7676.78,0,0,0,2025,4,18,Summer,Product 045,Storage,Lamp,2022-03-16,3634.56,7676.78,4042.22,0
2025-04-28,SKU046,81,581218.74,7175.54,0,0,0,2025,4,18,Summer,Product 046,Furniture,Shelf,2024-12-03,1913.03,7175.54,5262.51,0
2025-04-28,SKU047,122,968462.84,7938.22,0,0,0,2025,4,18,Summer,Product 047,Home Decor,Cabinet,2023-05-06,3416.1,7938.22,4522.12,0
2025-04-28,SKU048,73,100707.15,1379.55,0,0,0,2025,4,18,Summer,Product 048,Kitchen,Rug,2024-09-09,6863.87,1379.55,-5484.32,1
2025-04-28,SKU049,202,1055120.74,5223.37,0,0,0,2025,4,18,Summer,Product 049,Lighting,Organizer,2024-01-16,2063.03,5223.37,3160.34,0
2025-04-28,SKU050,45,39722.4,882.72,0,0,0,2025,4,18,Summer,Product 050,Storage,Sofa,2024-05-06,701.85,882.72,180.87,0
2025-05-05,SKU001,119,436021.95,3664.05,0,0,0,2025,5,19,Summer,Product 001,Furniture,Chair,2022-04-09,1758.45,3664.05,1905.6,0
2025-05-05,SKU002,77,293038.13,3805.69,0,0,0,2025,5,19,Summer,Product 002,Home Decor,Table,2024-05-01,3867.09,3805.69,-61.4,1
2025-05-05,SKU003,50,403911.5,8078.23,0,0,0,2025,5,19,Summer,Product 003,Kitchen,Cushion,2023-12-22,589.48,8078.23,7488.75,0
2025-05-05,SKU004,34,233293.38,6861.57,0,0,0,2025,5,19,Summer,Product 004,Lighting,Cookware,2023-04-28,1445.74,6861.57,5415.83,0
2025-05-05,SKU005,117,1110706.74,9493.22,0,0,0,2025,5,19,Summer,Product 005,Storage,Lamp,2023-04-22,5543.63,9493.22,3949.59,0
2025-05-05,SKU006,66,534998.64,8106.04,0,0,0,2025,5,19,Summer,Product 006,Furniture,Shelf,2024-08-02,6021.91,8106.04,2084.13,0
2025-05-05,SKU007,168,859167.12,5114.09,0,0,0,2025,5,19,Summer,Product 007,Home Decor,Cabinet,2022-04-05,7748.2,5114.09,-2634.11,1
2025-05-05,SKU008,139,1368126.96,9842.64,0,0,0,2025,5,19,Summer,Product 008,Kitchen,Rug,2024-02-07,2775.15,9842.64,7067.49,0
2025-05-05,SKU009,92,214993.88,2336.89,0,0,0,2025,5,19,Summer,Product 009,Lighting,Organizer,2022-08-10,3121.06,2336.89,-784.17,1
2025-05-05,SKU010,130,86249.8,663.46,0,0,0,2025,5,19,Summer,Product 010,Storage,Sofa,2022-04-14,3889.06,663.46,-3225.6,1
2025-05-05,SKU011,17,24557.52,1444.56,0,0,0,2025,5,19,Summer,Product 011,Furniture,Chair,2023-08-03,1718.4,1444.56,-273.84,1
2025-05-05,SKU012,196,1720756.52,8779.37,0,0,0,2025,5,19,Summer,Product 012,Home Decor,Table,2024-12-09,1256.89,8779.37,7522.48,0
2025-05-05,SKU013,139,800331.42,5757.78,0,0,0,2025,5,19,Summer,Product 013,Kitchen,Cushion,2024-03-20,3936.71,5757.78,1821.07,0
2025-05-05,SKU014,156,354237.0,2270.75,0,0,0,2025,5,19,Summer,Product 014,Lighting,Cookware,2024-04-17,2008.55,2270.75,262.2,0
2025-05-05,SKU015,40,248484.8,6212.12,0,0,0,2025,5,19,Summer,Product 015,Storage,Lamp,2024-02-29,5441.06,6212.12,771.06,0
2025-05-05,SKU016,114,247017.48,2166.82,0,0,0,2025,5,19,Summer,Product 016,Furniture,Shelf,2024-05-14,3637.93,2166.82,-1471.11,1
2025-05-05,SKU017,102,864686.64,8477.32,0,0,0,2025,5,19,Summer,Product 017,Home Decor,Cabinet,2023-07-19,6703.26,8477.32,1774.06,0
2025-05-05,SKU018,220,1226590.2,5575.41,0,0,0,2025,5,19,Summer,Product 018,Kitchen,Rug,2022-05-21,5677.05,5575.41,-101.64,1
2025-05-05,SKU019,122,588021.7,4819.85,0,0,0,2025,5,19,Summer,Product 019,Lighting,Organizer,2024-07-12,2670.84,4819.85,2149.01,0
2025-05-05,SKU020,115,448217.1,3897.54,0,0,0,2025,5,19,Summer,Product 020,Storage,Sofa,2023-05-11,6700.01,3897.54,-2802.47,1
2025-05-05,SKU021,79,609191.12,7711.28,0,0,0,2025,5,19,Summer,Product 021,Furniture,Chair,2023-07-05,6486.92,7711.28,1224.36,0
2025-05-05,SKU022,69,317195.07,4597.03,0,0,0,2025,5,19,Summer,Product 022,Home Decor,Table,2023-02-12,3252.96,4597.03,1344.07,0
2025-05-05,SKU023,133,188426.42,1416.74,0,0,0,2025,5,19,Summer,Product 023,Kitchen,Cushion,2022-07-20,2484.54,1416.74,-1067.8,1
2025-05-05,SKU024,121,214033.27,1768.87,0,0,0,2025,5,19,Summer,Product 024,Lighting,Cookware,2024-10-16,5539.34,1768.87,-3770.47,1
2025-05-05,SKU025,16,184928.16,11558.01,0,0,0,2025,5,19,Summer,Product 025,Storage,Lamp,2024-05-09,1333.08,11558.01,10224.93,0
2025-05-05,SKU026,177,1936298.58,10939.54,0,0,0,2025,5,19,Summer,Product 026,Furniture,Shelf,2023-12-10,1799.29,10939.54,9140.25,0
2025-05-05,SKU027,180,1532988.0,8516.6,0,0,0,2025,5,19,Summer,Product 027,Home Decor,Cabinet,2023-03-19,307.06,8516.6,8209.54,0
2025-05-05,SKU028,49,170720.41,3484.09,0,0,0,2025,5,19,Summer,Product 028,Kitchen,Rug,2024-06-24,6348.66,3484.09,-2864.57,1
2025-05-05,SKU029,127,1478591.15,11642.45,0,0,0,2025,5,19,Summer,Product 029,Lighting,Organizer,2023-08-23,5402.59,11642.45,6239.86,0
2025-05-05,SKU030,30,283005.3,9433.51,0,0,0,2025,5,19,Summer,Product 030,Storage,Sofa,2023-05-03,5715.03,9433.51,3718.48,0
2025-05-05,SKU031,156,1359685.08,8715.93,0,0,0,2025,5,19,Summer,Product 031,Furniture,Chair,2023-05-11,6300.65,8715.93,2415.28,0
2025-05-05,SKU032,94,527583.46,5612.59,0,0,0,2025,5,19,Summer,Product 032,Home Decor,Table,2022-09-07,3806.6,5612.59,1805.99,0
2025-05-05,SKU033,154,547932.0,3558.0,0,0,0,2025,5,19,Summer,Product 033,Kitchen,Cushion,2022-04-12,4657.74,3558.0,-1099.74,1
2025-05-05,SKU034,127,192803.78,1518.14,0,0,0,2025,5,19,Summer,Product 034,Lighting,Cookware,2023-09-03,1333.43,1518.14,184.71,0
2025-05-05,SKU035,180,1956634.2,10870.19,0,0,0,2025,5,19,Summer,Product 035,Storage,Lamp,2024-09-03,1137.61,10870.19,9732.58,0
2025-05-05,SKU036,44,250228.0,5687.0,0,0,0,2025,5,19,Summer,Product 036,Furniture,Shelf,2022-03-12,5430.12,5687.0,256.88,0
2025-05-05,SKU037,201,552231.42,2747.42,0,0,0,2025,5,19,Summer,Product 037,Home Decor,Cabinet,2024-08-02,3901.0,2747.42,-1153.58,1
2025-05-05,SKU038,67,264589.7,3949.1,0,0,0,2025,5,19,Summer,Product 038,Kitchen,Rug,2024-06-29,4630.58,3949.1,-681.48,1
2025-05-05,SKU039,33,234925.35,7118.95,0,0,0,2025,5,19,Summer,Product 039,Lighting,Organizer,2022-11-01,6178.74,7118.95,940.21,0
2025-05-05,SKU040,129,316122.24,2450.56,0,0,0,2025,5,19,Summer,Product 040,Storage,Sofa,2023-11-26,5169.07,2450.56,-2718.51,1
2025-05-05,SKU041,67,692560.91,10336.73,0,0,0,2025,5,19,Summer,Product 041,Furniture,Chair,2022-07-01,4540.24,10336.73,5796.49,0
2025-05-05,SKU042,192,1766175.36,9198.83,0,0,0,2025,5,19,Summer,Product 042,Home Decor,Table,2024-04-13,4583.86,9198.83,4614.97,0
2025-05-05,SKU043,165,1443052.05,8745.77,0,0,0,2025,5,19,Summer,Product 043,Kitchen,Cushion,2024-02-10,2605.61,8745.77,6140.16,0
2025-05-05,SKU044,81,438394.68,5412.28,0,0,0,2025,5,19,Summer,Product 044,Lighting,Cookware,2023-01-25,488.84,5412.28,4923.44,0
2025-05-05,SKU045,192,1473941.76,7676.78,0,0,0,2025,5,19,Summer,Product 045,Storage,Lamp,2022-03-16,3634.56,7676.78,4042.22,0
2025-05-05,SKU046,60,430532.4,7175.54,0,0,0,2025,5,19,Summer,Product 046,Furniture,Shelf,2024-12-03,1913.03,7175.54,5262.51,0
2025-05-05,SKU047,112,889080.64,7938.22,0,0,0,2025,5,19,Summer,Product 047,Home Decor,Cabinet,2023-05-06,3416.1,7938.22,4522.12,0
2025-05-05,SKU048,74,102086.7,1379.55,0,0,0,2025,5,19,Summer,Product 048,Kitchen,Rug,2024-09-09,6863.87,1379.55,-5484.32,1
2025-05-05,SKU049,222,1159588.14,5223.37,0,0,0,2025,5,19,Summer,Product 049,Lighting,Organizer,2024-01-16,2063.03,5223.37,3160.34,0
2025-05-05,SKU050,53,46784.16,882.72,0,0,0,2025,5,19,Summer,Product 050,Storage,Sofa,2024-05-06,701.85,882.72,180.87,0
2025-05-12,SKU001,115,421365.75,3664.05,0,0,0,2025,5,20,Summer,Product 001,Furniture,Chair,2022-04-09,1758.45,3664.05,1905.6,0
2025-05-12,SKU002,84,319677.96,3805.69,0,0,0,2025,5,20,Summer,Product 002,Home Decor,Table,2024-05-01,3867.09,3805.69,-61.4,1
2025-05-12,SKU003,41,331207.43,8078.23,0,0,0,2025,5,20,Summer,Product 003,Kitchen,Cushion,2023-12-22,589.48,8078.23,7488.75,0
2025-05-12,SKU004,33,226431.81,6861.57,0,0,0,2025,5,20,Summer,Product 004,Lighting,Cookware,2023-04-28,1445.74,6861.57,5415.83,0
2025-05-12,SKU005,122,1158172.84,9493.22,0,0,0,2025,5,20,Summer,Product 005,Storage,Lamp,2023-04-22,5543.63,9493.22,3949.59,0
2025-05-12,SKU006,55,445832.2,8106.04,0,0,0,2025,5,20,Summer,Product 006,Furniture,Shelf,2024-08-02,6021.91,8106.04,2084.13,0
2025-05-12,SKU007,180,920536.2,5114.09,0,0,0,2025,5,20,Summer,Product 007,Home Decor,Cabinet,2022-04-05,7748.2,5114.09,-2634.11,1
2025-05-12,SKU008,121,1190959.44,9842.64,0,0,0,2025,5,20,Summer,Product 008,Kitchen,Rug,2024-02-07,2775.15,9842.64,7067.49,0
2025-05-12,SKU009,104,243036.56,2336.89,0,0,0,2025,5,20,Summer,Product 009,Lighting,Organizer,2022-08-10,3121.06,2336.89,-784.17,1
2025-05-12,SKU010,131,86913.26,663.46,0,0,0,2025,5,20,Summer,Product 010,Storage,Sofa,2022-04-14,3889.06,663.46,-3225.6,1
2025-05-12,SKU011,14,20223.84,1444.56,0,0,0,2025,5,20,Summer,Product 011,Furniture,Chair,2023-08-03,1718.4,1444.56,-273.84,1
2025-05-12,SKU012,206,1808550.22,8779.37,0,0,0,2025,5,20,Summer,Product 012,Home Decor,Table,2024-12-09,1256.89,8779.37,7522.48,0
2025-05-12,SKU013,106,610324.68,5757.78,0,0,0,2025,5,20,Summer,Product 013,Kitchen,Cushion,2024-03-20,3936.71,5757.78,1821.07,0
2025-05-12,SKU014,151,342883.25,2270.75,0,0,0,2025,5,20,Summer,Product 014,Lighting,Cookware,2024-04-17,2008.55,2270.75,262.2,0
2025-05-12,SKU015,33,204999.96,6212.12,0,0,0,2025,5,20,Summer,Product 015,Storage,Lamp,2024-02-29,5441.06,6212.12,771.06,0
2025-05-12,SKU016,126,273019.32,2166.82,0,0,0,2025,5,20,Summer,Product 016,Furniture,Shelf,2024-05-14,3637.93,2166.82,-1471.11,1
2025-05-12,SKU017,109,924027.88,8477.32,0,0,0,2025,5,20,Summer,Product 017,Home Decor,Cabinet,2023-07-19,6703.26,8477.32,1774.06,0
2025-05-12,SKU018,207,1154109.87,5575.41,0,0,0,2025,5,20,Summer,Product 018,Kitchen,Rug,2022-05-21,5677.05,5575.41,-101.64,1
2025-05-12,SKU019,112,539823.2,4819.85,0,0,0,2025,5,20,Summer,Product 019,Lighting,Organizer,2024-07-12,2670.84,4819.85,2149.01,0
2025-05-12,SKU020,110,428729.4,3897.54,0,0,0,2025,5,20,Summer,Product 020,Storage,Sofa,2023-05-11,6700.01,3897.54,-2802.47,1
2025-05-12,SKU021,72,555212.16,7711.28,0,0,0,2025,5,20,Summer,Product 021,Furniture,Chair,2023-07-05,6486.92,7711.28,1224.36,0
2025-05-12,SKU022,80,367762.4,4597.03,0,0,0,2025,5,20,Summer,Product 022,Home Decor,Table,2023-02-12,3252.96,4597.03,1344.07,0
2025-05-12,SKU023,111,157258.14,1416.74,0,0,0,2025,5,20,Summer,Product 023,Kitchen,Cushion,2022-07-20,2484.54,1416.74,-1067.8,1
2025-05-12,SKU024,88,155660.56,1768.87,0,0,0,2025,5,20,Summer,Product 024,Lighting,Cookware,2024-10-16,5539.34,1768.87,-3770.47,1
2025-05-12,SKU025,21,242718.21,11558.01,0,0,0,2025,5,20,Summer,Product 025,Storage,Lamp,2024-05-09,1333.08,11558.01,10224.93,0
2025-05-12,SKU026,184,2012875.36,10939.54,0,0,0,2025,5,20,Summer,Product 026,Furniture,Shelf,2023-12-10,1799.29,10939.54,9140.25,0
2025-05-12,SKU027,209,1779969.4,8516.6,0,0,0,2025,5,20,Summer,Product 027,Home Decor,Cabinet,2023-03-19,307.06,8516.6,8209.54,0
2025-05-12,SKU028,48,167236.32,3484.09,0,0,0,2025,5,20,Summer,Product 028,Kitchen,Rug,2024-06-24,6348.66,3484.09,-2864.57,1
2025-05-12,SKU029,142,1653227.9,11642.45,0,0,0,2025,5,20,Summer,Product 029,Lighting,Organizer,2023-08-23,5402.59,11642.45,6239.86,0
2025-05-12,SKU030,37,349039.87,9433.51,0,0,0,2025,5,20,Summer,Product 030,Storage,Sofa,2023-05-03,5715.03,9433.51,3718.48,0
2025-05-12,SKU031,145,1263809.85,8715.93,0,0,0,2025,5,20,Summer,Product 031,Furniture,Chair,2023-05-11,6300.65,8715.93,2415.28,0
2025-05-12,SKU032,73,409719.07,5612.59,0,0,0,2025,5,20,Summer,Product 032,Home Decor,Table,2022-09-07,3806.6,5612.59,1805.99,0
2025-05-12,SKU033,140,498120.0,3558.0,0,0,0,2025,5,20,Summer,Product 033,Kitchen,Cushion,2022-04-12,4657.74,3558.0,-1099.74,1
2025-05-12,SKU034,171,259601.94,1518.14,0,0,0,2025,5,20,Summer,Product 034,Lighting,Cookware,2023-09-03,1333.43,1518.14,184.71,0
2025-05-12,SKU035,181,1967504.39,10870.19,0,0,0,2025,5,20,Summer,Product 035,Storage,Lamp,2024-09-03,1137.61,10870.19,9732.58,0
2025-05-12,SKU036,45,255915.0,5687.0,0,0,0,2025,5,20,Summer,Product 036,Furniture,Shelf,2022-03-12,5430.12,5687.0,256.88,0
2025-05-12,SKU037,193,530252.06,2747.42,0,0,0,2025,5,20,Summer,Product 037,Home Decor,Cabinet,2024-08-02,3901.0,2747.42,-1153.58,1
2025-05-12,SKU038,62,244844.2,3949.1,0,0,0,2025,5,20,Summer,Product 038,Kitchen,Rug,2024-06-29,4630.58,3949.1,-681.48,1
2025-05-12,SKU039,29,206449.55,7118.95,0,0,0,2025,5,20,Summer,Product 039,Lighting,Organizer,2022-11-01,6178.74,7118.95,940.21,0
2025-05-12,SKU040,122,298968.32,2450.56,0,0,0,2025,5,20,Summer,Product 040,Storage,Sofa,2023-11-26,5169.07,2450.56,-2718.51,1
2025-05-12,SKU041,89,919968.97,10336.73,0,0,0,2025,5,20,Summer,Product 041,Furniture,Chair,2022-07-01,4540.24,10336.73,5796.49,0
2025-05-12,SKU042,202,1858163.66,9198.83,0,0,0,2025,5,20,Summer,Product 042,Home Decor,Table,2024-04-13,4583.86,9198.83,4614.97,0
2025-05-12,SKU043,170,1486780.9,8745.77,0,0,0,2025,5,20,Summer,Product 043,Kitchen,Cushion,2024-02-10,2605.61,8745.77,6140.16,0
2025-05-12,SKU044,88,476280.64,5412.28,0,0,0,2025,5,20,Summer,Product 044,Lighting,Cookware,2023-01-25,488.84,5412.28,4923.44,0
2025-05-12,SKU045,209,1604447.02,7676.78,0,0,0,2025,5,20,Summer,Product 045,Storage,Lamp,2022-03-16,3634.56,7676.78,4042.22,0
2025-05-12,SKU046,78,559692.12,7175.54,0,0,0,2025,5,20,Summer,Product 046,Furniture,Shelf,2024-12-03,1913.03,7175.54,5262.51,0
2025-05-12,SKU047,103,817636.66,7938.22,0,0,0,2025,5,20,Summer,Product 047,Home Decor,Cabinet,2023-05-06,3416.1,7938.22,4522.12,0
2025-05-12,SKU048,71,97948.05,1379.55,0,0,0,2025,5,20,Summer,Product 048,Kitchen,Rug,2024-09-09,6863.87,1379.55,-5484.32,1
2025-05-12,SKU049,185,966323.45,5223.37,0,0,0,2025,5,20,Summer,Product 049,Lighting,Organizer,2024-01-16,2063.03,5223.37,3160.34,0
2025-05-12,SKU050,51,45018.72,882.72,0,0,0,2025,5,20,Summer,Product 050,Storage,Sofa,2024-05-06,701.85,882.72,180.87,0
2025-05-19,SKU001,119,436021.95,3664.05,0,0,0,2025,5,21,Summer,Product 001,Furniture,Chair,2022-04-09,1758.45,3664.05,1905.6,0
2025-05-19,SKU002,82,312066.58,3805.69,0,0,0,2025,5,21,Summer,Product 002,Home Decor,Table,2024-05-01,3867.09,3805.69,-61.4,1
2025-05-19,SKU003,43,347363.89,8078.23,0,0,0,2025,5,21,Summer,Product 003,Kitchen,Cushion,2023-12-22,589.48,8078.23,7488.75,0
2025-05-19,SKU004,38,260739.66,6861.57,0,0,0,2025,5,21,Summer,Product 004,Lighting,Cookware,2023-04-28,1445.74,6861.57,5415.83,0
2025-05-19,SKU005,137,1300571.14,9493.22,0,0,0,2025,5,21,Summer,Product 005,Storage,Lamp,2023-04-22,5543.63,9493.22,3949.59,0
2025-05-19,SKU006,51,413408.04,8106.04,0,0,0,2025,5,21,Summer,Product 006,Furniture,Shelf,2024-08-02,6021.91,8106.04,2084.13,0
2025-05-19,SKU007,203,1038160.27,5114.09,0,0,0,2025,5,21,Summer,Product 007,Home Decor,Cabinet,2022-04-05,7748.2,5114.09,-2634.11,1
2025-05-19,SKU008,118,1161431.52,9842.64,0,0,0,2025,5,21,Summer,Product 008,Kitchen,Rug,2024-02-07,2775.15,9842.64,7067.49,0
2025-05-19,SKU009,88,205646.32,2336.89,0,0,0,2025,5,21,Summer,Product 009,Lighting,Organizer,2022-08-10,3121.06,2336.89,-784.17,1
2025-05-19,SKU010,141,93547.86,663.46,0,0,0,2025,5,21,Summer,Product 010,Storage,Sofa,2022-04-14,3889.06,663.46,-3225.6,1
2025-05-19,SKU011,16,23112.96,1444.56,0,0,0,2025,5,21,Summer,Product 011,Furniture,Chair,2023-08-03,1718.4,1444.56,-273.84,1
2025-05-19,SKU012,202,1773432.74,8779.37,0,0,0,2025,5,21,Summer,Product 012,Home Decor,Table,2024-12-09,1256.89,8779.37,7522.48,0
2025-05-19,SKU013,90,518200.2,5757.78,0,0,0,2025,5,21,Summer,Product 013,Kitchen,Cushion,2024-03-20,3936.71,5757.78,1821.07,0
2025-05-19,SKU014,164,372403.0,2270.75,0,0,0,2025,5,21,Summer,Product 014,Lighting,Cookware,2024-04-17,2008.55,2270.75,262.2,0
2025-05-19,SKU015,27,167727.24,6212.12,0,0,0,2025,5,21,Summer,Product 015,Storage,Lamp,2024-02-29,5441.06,6212.12,771.06,0
2025-05-19,SKU016,107,231849.74,2166.82,0,0,0,2025,5,21,Summer,Product 016,Furniture,Shelf,2024-05-14,3637.93,2166.82,-1471.11,1
2025-05-19,SKU017,114,966414.48,8477.32,0,0,0,2025,5,21,Summer,Product 017,Home Decor,Cabinet,2023-07-19,6703.26,8477.32,1774.06,0
2025-05-19,SKU018,201,1120657.41,5575.41,0,0,0,2025,5,21,Summer,Product 018,Kitchen,Rug,2022-05-21,5677.05,5575.41,-101.64,1
2025-05-19,SKU019,131,631400.35,4819.85,0,0,0,2025,5,21,Summer,Product 019,Lighting,Organizer,2024-07-12,2670.84,4819.85,2149.01,0
2025-05-19,SKU020,105,409241.7,3897.54,0,0,0,2025,5,21,Summer,Product 020,Storage,Sofa,2023-05-11,6700.01,3897.54,-2802.47,1
2025-05-19,SKU021,70,539789.6,7711.28,0,0,0,2025,5,21,Summer,Product 021,Furniture,Chair,2023-07-05,6486.92,7711.28,1224.36,0
2025-05-19,SKU022,93,427523.79,4597.03,0,0,0,2025,5,21,Summer,Product 022,Home Decor,Table,2023-02-12,3252.96,4597.03,1344.07,0
2025-05-19,SKU023,118,167175.32,1416.74,0,0,0,2025,5,21,Summer,Product 023,Kitchen,Cushion,2022-07-20,2484.54,1416.74,-1067.8,1
2025-05-19,SKU024,91,160967.17,1768.87,0,0,0,2025,5,21,Summer,Product 024,Lighting,Cookware,2024-10-16,5539.34,1768.87,-3770.47,1
2025-05-19,SKU025,19,219602.19,11558.01,0,0,0,2025,5,21,Summer,Product 025,Storage,Lamp,2024-05-09,1333.08,11558.01,10224.93,0
2025-05-19,SKU026,177,1936298.58,10939.54,0,0,0,2025,5,21,Summer,Product 026,Furniture,Shelf,2023-12-10,1799.29,10939.54,9140.25,0
2025-05-19,SKU027,204,1737386.4,8516.6,0,0,0,2025,5,21,Summer,Product 027,Home Decor,Cabinet,2023-03-19,307.06,8516.6,8209.54,0
2025-05-19,SKU028,52,181172.68,3484.09,0,0,0,2025,5,21,Summer,Product 028,Kitchen,Rug,2024-06-24,6348.66,3484.09,-2864.57,1
2025-05-19,SKU029,130,1513518.5,11642.45,0,0,0,2025,5,21,Summer,Product 029,Lighting,Organizer,2023-08-23,5402.59,11642.45,6239.86,0
2025-05-19,SKU030,38,358473.38,9433.51,0,0,0,2025,5,21,Summer,Product 030,Storage,Sofa,2023-05-03,5715.03,9433.51,3718.48,0
2025-05-19,SKU031,158,1377116.94,8715.93,0,0,0,2025,5,21,Summer,Product 031,Furniture,Chair,2023-05-11,6300.65,8715.93,2415.28,0
2025-05-19,SKU032,69,387268.71,5612.59,0,0,0,2025,5,21,Summer,Product 032,Home Decor,Table,2022-09-07,3806.6,5612.59,1805.99,0
2025-05-19,SKU033,132,469656.0,3558.0,0,0,0,2025,5,21,Summer,Product 033,Kitchen,Cushion,2022-04-12,4657.74,3558.0,-1099.74,1
2025-05-19,SKU034,162,245938.68,1518.14,0,0,0,2025,5,21,Summer,Product 034,Lighting,Cookware,2023-09-03,1333.43,1518.14,184.71,0
2025-05-19,SKU035,169,1837062.11,10870.19,0,0,0,2025,5,21,Summer,Product 035,Storage,Lamp,2024-09-03,1137.61,10870.19,9732.58,0
2025-05-19,SKU036,28,159236.0,5687.0,0,0,0,2025,5,21,Summer,Product 036,Furniture,Shelf,2022-03-12,5430.12,5687.0,256.88,0
2025-05-19,SKU037,199,546736.58,2747.42,0,0,0,2025,5,21,Summer,Product 037,Home Decor,Cabinet,2024-08-02,3901.0,2747.42,-1153.58,1
2025-05-19,SKU038,76,300131.6,3949.1,0,0,0,2025,5,21,Summer,Product 038,Kitchen,Rug,2024-06-29,4630.58,3949.1,-681.48,1
2025-05-19,SKU039,24,170854.8,7118.95,0,0,0,2025,5,21,Summer,Product 039,Lighting,Organizer,2022-11-01,6178.74,7118.95,940.21,0
2025-05-19,SKU040,123,301418.88,2450.56,0,0,0,2025,5,21,Summer,Product 040,Storage,Sofa,2023-11-26,5169.07,2450.56,-2718.51,1
2025-05-19,SKU041,79,816601.67,10336.73,0,0,0,2025,5,21,Summer,Product 041,Furniture,Chair,2022-07-01,4540.24,10336.73,5796.49,0
2025-05-19,SKU042,180,1655789.4,9198.83,0,0,0,2025,5,21,Summer,Product 042,Home Decor,Table,2024-04-13,4583.86,9198.83,4614.97,0
2025-05-19,SKU043,184,1609221.68,8745.77,0,0,0,2025,5,21,Summer,Product 043,Kitchen,Cushion,2024-02-10,2605.61,8745.77,6140.16,0
2025-05-19,SKU044,72,389684.16,5412.28,0,0,0,2025,5,21,Summer,Product 044,Lighting,Cookware,2023-01-25,488.84,5412.28,4923.44,0
2025-05-19,SKU045,199,1527679.22,7676.78,0,0,0,2025,5,21,Summer,Product 045,Storage,Lamp,2022-03-16,3634.56,7676.78,4042.22,0
2025-05-19,SKU046,67,480761.18,7175.54,0,0,0,2025,5,21,Summer,Product 046,Furniture,Shelf,2024-12-03,1913.03,7175.54,5262.51,0
2025-05-19,SKU047,114,904957.08,7938.22,0,0,0,2025,5,21,Summer,Product 047,Home Decor,Cabinet,2023-05-06,3416.1,7938.22,4522.12,0
2025-05-19,SKU048,61,84152.55,1379.55,0,0,0,2025,5,21,Summer,Product 048,Kitchen,Rug,2024-09-09,6863.87,1379.55,-5484.32,1
2025-05-19,SKU049,187,976770.19,5223.37,0,0,0,2025,5,21,Summer,Product 049,Lighting,Organizer,2024-01-16,2063.03,5223.37,3160.34,0
2025-05-19,SKU050,70,61790.4,882.72,0,0,0,2025,5,21,Summer,Product 050,Storage,Sofa,2024-05-06,701.85,882.72,180.87,0
2025-05-26,SKU001,111,406709.55,3664.05,1,1,0,2025,5,22,Summer,Product 001,Furniture,Chair,2022-04-09,1758.45,3664.05,1905.6,0
2025-05-26,SKU002,93,353929.17,3805.69,1,1,0,2025,5,22,Summer,Product 002,Home Decor,Table,2024-05-01,3867.09,3805.69,-61.4,1
2025-05-26,SKU003,45,363520.35,8078.23,1,1,0,2025,5,22,Summer,Product 003,Kitchen,Cushion,2023-12-22,589.48,8078.23,7488.75,0
2025-05-26,SKU004,30,205847.1,6861.57,1,1,0,2025,5,22,Summer,Product 004,Lighting,Cookware,2023-04-28,1445.74,6861.57,5415.83,0
2025-05-26,SKU005,130,1234118.6,9493.22,1,1,0,2025,5,22,Summer,Product 005,Storage,Lamp,2023-04-22,5543.63,9493.22,3949.59,0
2025-05-26,SKU006,50,405302.0,8106.04,1,1,0,2025,5,22,Summer,Product 006,Furniture,Shelf,2024-08-02,6021.91,8106.04,2084.13,0
2025-05-26,SKU007,196,1002361.64,5114.09,1,1,0,2025,5,22,Summer,Product 007,Home Decor,Cabinet,2022-04-05,7748.2,5114.09,-2634.11,1
2025-05-26,SKU008,135,1328756.4,9842.64,1,1,0,2025,5,22,Summer,Product 008,Kitchen,Rug,2024-02-07,2775.15,9842.64,7067.49,0
2025-05-26,SKU009,74,172929.86,2336.89,1,1,0,2025,5,22,Summer,Product 009,Lighting,Organizer,2022-08-10,3121.06,2336.89,-784.17,1
2025-05-26,SKU010,145,96201.7,663.46,1,1,0,2025,5,22,Summer,Product 010,Storage,Sofa,2022-04-14,3889.06,663.46,-3225.6,1
2025-05-26,SKU011,29,41892.24,1444.56,1,1,0,2025,5,22,Summer,Product 011,Furniture,Chair,2023-08-03,1718.4,1444.56,-273.84,1
2025-05-26,SKU012,200,1755874.0,8779.37,1,1,0,2025,5,22,Summer,Product 012,Home Decor,Table,2024-12-09,1256.89,8779.37,7522.48,0
2025-05-26,SKU013,117,673660.26,5757.78,1,1,0,2025,5,22,Summer,Product 013,Kitchen,Cushion,2024-03-20,3936.71,5757.78,1821.07,0
2025-05-26,SKU014,164,372403.0,2270.75,1,1,0,2025,5,22,Summer,Product 014,Lighting,Cookware,2024-04-17,2008.55,2270.75,262.2,0
2025-05-26,SKU015,36,223636.32,6212.12,1,1,0,2025,5,22,Summer,Product 015,Storage,Lamp,2024-02-29,5441.06,6212.12,771.06,0
2025-05-26,SKU016,116,251351.12,2166.82,1,1,0,2025,5,22,Summer,Product 016,Furniture,Shelf,2024-05-14,3637.93,2166.82,-1471.11,1
2025-05-26,SKU017,109,924027.88,8477.32,1,1,0,2025,5,22,Summer,Product 017,Home Decor,Cabinet,2023-07-19,6703.26,8477.32,1774.06,0
2025-05-26,SKU018,192,1070478.72,5575.41,1,1,0,2025,5,22,Summer,Product 018,Kitchen,Rug,2022-05-21,5677.05,5575.41,-101.64,1
2025-05-26,SKU019,130,626580.5,4819.85,1,1,0,2025,5,22,Summer,Product 019,Lighting,Organizer,2024-07-12,2670.84,4819.85,2149.01,0
2025-05-26,SKU020,112,436524.48,3897.54,1,1,0,2025,5,22,Summer,Product 020,Storage,Sofa,2023-05-11,6700.01,3897.54,-2802.47,1
2025-05-26,SKU021,71,547500.88,7711.28,1,1,0,2025,5,22,Summer,Product 021,Furniture,Chair,2023-07-05,6486.92,7711.28,1224.36,0
2025-05-26,SKU022,90,413732.7,4597.03,1,1,0,2025,5,22,Summer,Product 022,Home Decor,Table,2023-02-12,3252.96,4597.03,1344.07,0
2025-05-26,SKU023,112,158674.88,1416.74,1,1,0,2025,5,22,Summer,Product 023,Kitchen,Cushion,2022-07-20,2484.54,1416.74,-1067.8,1
2025-05-26,SKU024,97,171580.39,1768.87,1,1,0,2025,5,22,Summer,Product 024,Lighting,Cookware,2024-10-16,5539.34,1768.87,-3770.47,1
2025-05-26,SKU025,30,346740.3,11558.01,1,1,0,2025,5,22,Summer,Product 025,Storage,Lamp,2024-05-09,1333.08,11558.01,10224.93,0
2025-05-26,SKU026,206,2253545.24,10939.54,1,1,0,2025,5,22,Summer,Product 026,Furniture,Shelf,2023-12-10,1799.29,10939.54,9140.25,0
2025-05-26,SKU027,195,1660737.0,8516.6,1,1,0,2025,5,22,Summer,Product 027,Home Decor,Cabinet,2023-03-19,307.06,8516.6,8209.54,0
2025-05-26,SKU028,40,139363.6,3484.09,1,1,0,2025,5,22,Summer,Product 028,Kitchen,Rug,2024-06-24,6348.66,3484.09,-2864.57,1
2025-05-26,SKU029,133,1548445.85,11642.45,1,1,0,2025,5,22,Summer,Product 029,Lighting,Organizer,2023-08-23,5402.59,11642.45,6239.86,0
2025-05-26,SKU030,39,367906.89,9433.51,1,1,0,2025,5,22,Summer,Product 030,Storage,Sofa,2023-05-03,5715.03,9433.51,3718.48,0
2025-05-26,SKU031,153,1333537.29,8715.93,1,1,0,2025,5,22,Summer,Product 031,Furniture,Chair,2023-05-11,6300.65,8715.93,2415.28,0
2025-05-26,SKU032,79,443394.61,5612.59,1,1,0,2025,5,22,Summer,Product 032,Home Decor,Table,2022-09-07,3806.6,5612.59,1805.99,0
2025-05-26,SKU033,155,551490.0,3558.0,1,1,0,2025,5,22,Summer,Product 033,Kitchen,Cushion,2022-04-12,4657.74,3558.0,-1099.74,1
2025-05-26,SKU034,180,273265.2,1518.14,1,1,0,2025,5,22,Summer,Product 034,Lighting,Cookware,2023-09-03,1333.43,1518.14,184.71,0
2025-05-26,SKU035,183,1989244.77,10870.19,1,1,0,2025,5,22,Summer,Product 035,Storage,Lamp,2024-09-03,1137.61,10870.19,9732.58,0
2025-05-26,SKU036,44,250228.0,5687.0,1,1,0,2025,5,22,Summer,Product 036,Furniture,Shelf,2022-03-12,5430.12,5687.0,256.88,0
2025-05-26,SKU037,216,593442.72,2747.42,1,1,0,2025,5,22,Summer,Product 037,Home Decor,Cabinet,2024-08-02,3901.0,2747.42,-1153.58,1
2025-05-26,SKU038,60,236946.0,3949.1,1,1,0,2025,5,22,Summer,Product 038,Kitchen,Rug,2024-06-29,4630.58,3949.1,-681.48,1
2025-05-26,SKU039,20,142379.0,7118.95,1,1,0,2025,5,22,Summer,Product 039,Lighting,Organizer,2022-11-01,6178.74,7118.95,940.21,0
2025-05-26,SKU040,134,328375.04,2450.56,1,1,0,2025,5,22,Summer,Product 040,Storage,Sofa,2023-11-26,5169.07,2450.56,-2718.51,1
2025-05-26,SKU041,81,837275.13,10336.73,1,1,0,2025,5,22,Summer,Product 041,Furniture,Chair,2022-07-01,4540.24,10336.73,5796.49,0
2025-05-26,SKU042,172,1582198.76,9198.83,1,1,0,2025,5,22,Summer,Product 042,Home Decor,Table,2024-04-13,4583.86,9198.83,4614.97,0
2025-05-26,SKU043,192,1679187.84,8745.77,1,1,0,2025,5,22,Summer,Product 043,Kitchen,Cushion,2024-02-10,2605.61,8745.77,6140.16,0
2025-05-26,SKU044,89,481692.92,5412.28,1,1,0,2025,5,22,Summer,Product 044,Lighting,Cookware,2023-01-25,488.84,5412.28,4923.44,0
2025-05-26,SKU045,231,1773336.18,7676.78,1,1,0,2025,5,22,Summer,Product 045,Storage,Lamp,2022-03-16,3634.56,7676.78,4042.22,0
2025-05-26,SKU046,77,552516.58,7175.54,1,1,0,2025,5,22,Summer,Product 046,Furniture,Shelf,2024-12-03,1913.03,7175.54,5262.51,0
2025-05-26,SKU047,122,968462.84,7938.22,1,1,0,2025,5,22,Summer,Product 047,Home Decor,Cabinet,2023-05-06,3416.1,7938.22,4522.12,0
2025-05-26,SKU048,71,97948.05,1379.55,1,1,0,2025,5,22,Summer,Product 048,Kitchen,Rug,2024-09-09,6863.87,1379.55,-5484.32,1
2025-05-26,SKU049,213,1112577.81,5223.37,1,1,0,2025,5,22,Summer,Product 049,Lighting,Organizer,2024-01-16,2063.03,5223.37,3160.34,0
2025-05-26,SKU050,61,53845.92,882.72,1,1,0,2025,5,22,Summer,Product 050,Storage,Sofa,2024-05-06,701.85,882.72,180.87,0
2025-06-02,SKU001,121,443350.05,3664.05,2,2,0,2025,6,23,Summer,Product 001,Furniture,Chair,2022-04-09,1758.45,3664.05,1905.6,0
2025-06-02,SKU002,73,277815.37,3805.69,2,2,0,2025,6,23,Summer,Product 002,Home Decor,Table,2024-05-01,3867.09,3805.69,-61.4,1
2025-06-02,SKU003,50,403911.5,8078.23,2,2,0,2025,6,23,Summer,Product 003,Kitchen,Cushion,2023-12-22,589.48,8078.23,7488.75,0
2025-06-02,SKU004,28,192123.96,6861.57,2,2,0,2025,6,23,Summer,Product 004,Lighting,Cookware,2023-04-28,1445.74,6861.57,5415.83,0
2025-06-02,SKU005,140,1329050.8,9493.22,2,2,0,2025,6,23,Summer,Product 005,Storage,Lamp,2023-04-22,5543.63,9493.22,3949.59,0
2025-06-02,SKU006,57,462044.28,8106.04,2,2,0,2025,6,23,Summer,Product 006,Furniture,Shelf,2024-08-02,6021.91,8106.04,2084.13,0
2025-06-02,SKU007,185,946106.65,5114.09,2,2,0,2025,6,23,Summer,Product 007,Home Decor,Cabinet,2022-04-05,7748.2,5114.09,-2634.11,1
2025-06-02,SKU008,122,1200802.08,9842.64,2,2,0,2025,6,23,Summer,Product 008,Kitchen,Rug,2024-02-07,2775.15,9842.64,7067.49,0
2025-06-02,SKU009,88,205646.32,2336.89,2,2,0,2025,6,23,Summer,Product 009,Lighting,Organizer,2022-08-10,3121.06,2336.89,-784.17,1
2025-06-02,SKU010,136,90230.56,663.46,2,2,0,2025,6,23,Summer,Product 010,Storage,Sofa,2022-04-14,3889.06,663.46,-3225.6,1
2025-06-02,SKU011,20,28891.2,1444.56,2,2,0,2025,6,23,Summer,Product 011,Furniture,Chair,2023-08-03,1718.4,1444.56,-273.84,1
2025-06-02,SKU012,205,1799770.85,8779.37,2,2,0,2025,6,23,Summer,Product 012,Home Decor,Table,2024-12-09,1256.89,8779.37,7522.48,0
2025-06-02,SKU013,99,570020.22,5757.78,2,2,0,2025,6,23,Summer,Product 013,Kitchen,Cushion,2024-03-20,3936.71,5757.78,1821.07,0
2025-06-02,SKU014,202,458691.5,2270.75,2,2,0,2025,6,23,Summer,Product 014,Lighting,Cookware,2024-04-17,2008.55,2270.75,262.2,0
2025-06-02,SKU015,30,186363.6,6212.12,2,2,0,2025,6,23,Summer,Product 015,Storage,Lamp,2024-02-29,5441.06,6212.12,771.06,0
2025-06-02,SKU016,111,240517.02,2166.82,2,2,0,2025,6,23,Summer,Product 016,Furniture,Shelf,2024-05-14,3637.93,2166.82,-1471.11,1
2025-06-02,SKU017,111,940982.52,8477.32,2,2,0,2025,6,23,Summer,Product 017,Home Decor,Cabinet,2023-07-19,6703.26,8477.32,1774.06,0
2025-06-02,SKU018,203,1131808.23,5575.41,2,2,0,2025,6,23,Summer,Product 018,Kitchen,Rug,2022-05-21,5677.05,5575.41,-101.64,1
2025-06-02,SKU019,148,713337.8,4819.85,2,2,0,2025,6,23,Summer,Product 019,Lighting,Organizer,2024-07-12,2670.84,4819.85,2149.01,0
2025-06-02,SKU020,111,432626.94,3897.54,2,2,0,2025,6,23,Summer,Product 020,Storage,Sofa,2023-05-11,6700.01,3897.54,-2802.47,1
2025-06-02,SKU021,77,593768.56,7711.28,2,2,0,2025,6,23,Summer,Product 021,Furniture,Chair,2023-07-05,6486.92,7711.28,1224.36,0
2025-06-02,SKU022,89,409135.67,4597.03,2,2,0,2025,6,23,Summer,Product 022,Home Decor,Table,2023-02-12,3252.96,4597.03,1344.07,0
2025-06-02,SKU023,122,172842.28,1416.74,2,2,0,2025,6,23,Summer,Product 023,Kitchen,Cushion,2022-07-20,2484.54,1416.74,-1067.8,1
2025-06-02,SKU024,94,166273.78,1768.87,2,2,0,2025,6,23,Summer,Product 024,Lighting,Cookware,2024-10-16,5539.34,1768.87,-3770.47,1
2025-06-02,SKU025,19,219602.19,11558.01,2,2,0,2025,6,23,Summer,Product 025,Storage,Lamp,2024-05-09,1333.08,11558.01,10224.93,0
2025-06-02,SKU026,199,2176968.46,10939.54,2,2,0,2025,6,23,Summer,Product 026,Furniture,Shelf,2023-12-10,1799.29,10939.54,9140.25,0
2025-06-02,SKU027,181,1541504.6,8516.6,2,2,0,2025,6,23,Summer,Product 027,Home Decor,Cabinet,2023-03-19,307.06,8516.6,8209.54,0
2025-06-02,SKU028,49,170720.41,3484.09,2,2,0,2025,6,23,Summer,Product 028,Kitchen,Rug,2024-06-24,6348.66,3484.09,-2864.57,1
2025-06-02,SKU029,117,1362166.65,11642.45,2,2,0,2025,6,23,Summer,Product 029,Lighting,Organizer,2023-08-23,5402.59,11642.45,6239.86,0
2025-06-02,SKU030,38,358473.38,9433.51,2,2,0,2025,6,23,Summer,Product 030,Storage,Sofa,2023-05-03,5715.03,9433.51,3718.48,0
2025-06-02,SKU031,156,1359685.08,8715.93,2,2,0,2025,6,23,Summer,Product 031,Furniture,Chair,2023-05-11,6300.65,8715.93,2415.28,0
2025-06-02,SKU032,77,432169.43,5612.59,2,2,0,2025,6,23,Summer,Product 032,Home Decor,Table,2022-09-07,3806.6,5612.59,1805.99,0
2025-06-02,SKU033,132,469656.0,3558.0,2,2,0,2025,6,23,Summer,Product 033,Kitchen,Cushion,2022-04-12,4657.74,3558.0,-1099.74,1
2025-06-02,SKU034,163,247456.82,1518.14,2,2,0,2025,6,23,Summer,Product 034,Lighting,Cookware,2023-09-03,1333.43,1518.14,184.71,0
2025-06-02,SKU035,190,2065336.1,10870.19,2,2,0,2025,6,23,Summer,Product 035,Storage,Lamp,2024-09-03,1137.61,10870.19,9732.58,0
2025-06-02,SKU036,31,176297.0,5687.0,2,2,0,2025,6,23,Summer,Product 036,Furniture,Shelf,2022-03-12,5430.12,5687.0,256.88,0
2025-06-02,SKU037,212,582453.04,2747.42,2,2,0,2025,6,23,Summer,Product 037,Home Decor,Cabinet,2024-08-02,3901.0,2747.42,-1153.58,1
2025-06-02,SKU038,62,244844.2,3949.1,2,2,0,2025,6,23,Summer,Product 038,Kitchen,Rug,2024-06-29,4630.58,3949.1,-681.48,1
2025-06-02,SKU039,26,185092.7,7118.95,2,2,0,2025,6,23,Summer,Product 039,Lighting,Organizer,2022-11-01,6178.74,7118.95,940.21,0
2025-06-02,SKU040,124,303869.44,2450.56,2,2,0,2025,6,23,Summer,Product 040,Storage,Sofa,2023-11-26,5169.07,2450.56,-2718.51,1
2025-06-02,SKU041,93,961315.89,10336.73,2,2,0,2025,6,23,Summer,Product 041,Furniture,Chair,2022-07-01,4540.24,10336.73,5796.49,0
2025-06-02,SKU042,199,1830567.17,9198.83,2,2,0,2025,6,23,Summer,Product 042,Home Decor,Table,2024-04-13,4583.86,9198.83,4614.97,0
2025-06-02,SKU043,194,1696679.38,8745.77,2,2,0,2025,6,23,Summer,Product 043,Kitchen,Cushion,2024-02-10,2605.61,8745.77,6140.16,0
2025-06-02,SKU044,73,395096.44,5412.28,2,2,0,2025,6,23,Summer,Product 044,Lighting,Cookware,2023-01-25,488.84,5412.28,4923.44,0
2025-06-02,SKU045,200,1535356.0,7676.78,2,2,0,2025,6,23,Summer,Product 045,Storage,Lamp,2022-03-16,3634.56,7676.78,4042.22,0
2025-06-02,SKU046,75,538165.5,7175.54,2,2,0,2025,6,23,Summer,Product 046,Furniture,Shelf,2024-12-03,1913.03,7175.54,5262.51,0
2025-06-02,SKU047,123,976401.06,7938.22,2,2,0,2025,6,23,Summer,Product 047,Home Decor,Cabinet,2023-05-06,3416.1,7938.22,4522.12,0
2025-06-02,SKU048,67,92429.85,1379.55,2,2,0,2025,6,23,Summer,Product 048,Kitchen,Rug,2024-09-09,6863.87,1379.55,-5484.32,1
2025-06-02,SKU049,206,1076014.22,5223.37,2,2,0,2025,6,23,Summer,Product 049,Lighting,Organizer,2024-01-16,2063.03,5223.37,3160.34,0
2025-06-02,SKU050,45,39722.4,882.72,2,2,0,2025,6,23,Summer,Product 050,Storage,Sofa,2024-05-06,701.85,882.72,180.87,0
2025-06-09,SKU001,104,381061.2,3664.05,2,2,0,2025,6,24,Summer,Product 001,Furniture,Chair,2022-04-09,1758.45,3664.05,1905.6,0
2025-06-09,SKU002,91,346317.79,3805.69,2,2,0,2025,6,24,Summer,Product 002,Home Decor,Table,2024-05-01,3867.09,3805.69,-61.4,1
2025-06-09,SKU003,53,428146.19,8078.23,2,2,0,2025,6,24,Summer,Product 003,Kitchen,Cushion,2023-12-22,589.48,8078.23,7488.75,0
2025-06-09,SKU004,29,198985.53,6861.57,2,2,0,2025,6,24,Summer,Product 004,Lighting,Cookware,2023-04-28,1445.74,6861.57,5415.83,0
2025-06-09,SKU005,133,1262598.26,9493.22,2,2,0,2025,6,24,Summer,Product 005,Storage,Lamp,2023-04-22,5543.63,9493.22,3949.59,0
2025-06-09,SKU006,64,518786.56,8106.04,2,2,0,2025,6,24,Summer,Product 006,Furniture,Shelf,2024-08-02,6021.91,8106.04,2084.13,0
2025-06-09,SKU007,174,889851.66,5114.09,2,2,0,2025,6,24,Summer,Product 007,Home Decor,Cabinet,2022-04-05,7748.2,5114.09,-2634.11,1
2025-06-09,SKU008,136,1338599.04,9842.64,2,2,0,2025,6,24,Summer,Product 008,Kitchen,Rug,2024-02-07,2775.15,9842.64,7067.49,0
2025-06-09,SKU009,86,200972.54,2336.89,2,2,0,2025,6,24,Summer,Product 009,Lighting,Organizer,2022-08-10,3121.06,2336.89,-784.17,1
2025-06-09,SKU010,141,93547.86,663.46,2,2,0,2025,6,24,Summer,Product 010,Storage,Sofa,2022-04-14,3889.06,663.46,-3225.6,1
2025-06-09,SKU011,26,37558.56,1444.56,2,2,0,2025,6,24,Summer,Product 011,Furniture,Chair,2023-08-03,1718.4,1444.56,-273.84,1
2025-06-09,SKU012,204,1790991.48,8779.37,2,2,0,2025,6,24,Summer,Product 012,Home Decor,Table,2024-12-09,1256.89,8779.37,7522.48,0
2025-06-09,SKU013,115,662144.7,5757.78,2,2,0,2025,6,24,Summer,Product 013,Kitchen,Cushion,2024-03-20,3936.71,5757.78,1821.07,0
2025-06-09,SKU014,163,370132.25,2270.75,2,2,0,2025,6,24,Summer,Product 014,Lighting,Cookware,2024-04-17,2008.55,2270.75,262.2,0
2025-06-09,SKU015,23,142878.76,6212.12,2,2,0,2025,6,24,Summer,Product 015,Storage,Lamp,2024-02-29,5441.06,6212.12,771.06,0
2025-06-09,SKU016,112,242683.84,2166.82,2,2,0,2025,6,24,Summer,Product 016,Furniture,Shelf,2024-05-14,3637.93,2166.82,-1471.11,1
2025-06-09,SKU017,113,957937.16,8477.32,2,2,0,2025,6,24,Summer,Product 017,Home Decor,Cabinet,2023-07-19,6703.26,8477.32,1774.06,0
2025-06-09,SKU018,201,1120657.41,5575.41,2,2,0,2025,6,24,Summer,Product 018,Kitchen,Rug,2022-05-21,5677.05,5575.41,-101.64,1
2025-06-09,SKU019,115,554282.75,4819.85,2,2,0,2025,6,24,Summer,Product 019,Lighting,Organizer,2024-07-12,2670.84,4819.85,2149.01,0
2025-06-09,SKU020,89,346881.06,3897.54,2,2,0,2025,6,24,Summer,Product 020,Storage,Sofa,2023-05-11,6700.01,3897.54,-2802.47,1
2025-06-09,SKU021,79,609191.12,7711.28,2,2,0,2025,6,24,Summer,Product 021,Furniture,Chair,2023-07-05,6486.92,7711.28,1224.36,0
2025-06-09,SKU022,90,413732.7,4597.03,2,2,0,2025,6,24,Summer,Product 022,Home Decor,Table,2023-02-12,3252.96,4597.03,1344.07,0
2025-06-09,SKU023,117,165758.58,1416.74,2,2,0,2025,6,24,Summer,Product 023,Kitchen,Cushion,2022-07-20,2484.54,1416.74,-1067.8,1
2025-06-09,SKU024,105,185731.35,1768.87,2,2,0,2025,6,24,Summer,Product 024,Lighting,Cookware,2024-10-16,5539.34,1768.87,-3770.47,1
2025-06-09,SKU025,23,265834.23,11558.01,2,2,0,2025,6,24,Summer,Product 025,Storage,Lamp,2024-05-09,1333.08,11558.01,10224.93,0
2025-06-09,SKU026,201,2198847.54,10939.54,2,2,0,2025,6,24,Summer,Product 026,Furniture,Shelf,2023-12-10,1799.29,10939.54,9140.25,0
2025-06-09,SKU027,165,1405239.0,8516.6,2,2,0,2025,6,24,Summer,Product 027,Home Decor,Cabinet,2023-03-19,307.06,8516.6,8209.54,0
2025-06-09,SKU028,41,142847.69,3484.09,2,2,0,2025,6,24,Summer,Product 028,Kitchen,Rug,2024-06-24,6348.66,3484.09,-2864.57,1
2025-06-09,SKU029,121,1408736.45,11642.45,2,2,0,2025,6,24,Summer,Product 029,Lighting,Organizer,2023-08-23,5402.59,11642.45,6239.86,0
2025-06-09,SKU030,51,481109.01,9433.51,2,2,0,2025,6,24,Summer,Product 030,Storage,Sofa,2023-05-03,5715.03,9433.51,3718.48,0
2025-06-09,SKU031,162,1411980.66,8715.93,2,2,0,2025,6,24,Summer,Product 031,Furniture,Chair,2023-05-11,6300.65,8715.93,2415.28,0
2025-06-09,SKU032,78,437782.02,5612.59,2,2,0,2025,6,24,Summer,Product 032,Home Decor,Table,2022-09-07,3806.6,5612.59,1805.99,0
2025-06-09,SKU033,154,547932.0,3558.0,2,2,0,2025,6,24,Summer,Product 033,Kitchen,Cushion,2022-04-12,4657.74,3558.0,-1099.74,1
2025-06-09,SKU034,162,245938.68,1518.14,2,2,0,2025,6,24,Summer,Product 034,Lighting,Cookware,2023-09-03,1333.43,1518.14,184.71,0
2025-06-09,SKU035,163,1771840.97,10870.19,2,2,0,2025,6,24,Summer,Product 035,Storage,Lamp,2024-09-03,1137.61,10870.19,9732.58,0
2025-06-09,SKU036,30,170610.0,5687.0,2,2,0,2025,6,24,Summer,Product 036,Furniture,Shelf,2022-03-12,5430.12,5687.0,256.88,0
2025-06-09,SKU037,195,535746.9,2747.42,2,2,0,2025,6,24,Summer,Product 037,Home Decor,Cabinet,2024-08-02,3901.0,2747.42,-1153.58,1
2025-06-09,SKU038,58,229047.8,3949.1,2,2,0,2025,6,24,Summer,Product 038,Kitchen,Rug,2024-06-29,4630.58,3949.1,-681.48,1
2025-06-09,SKU039,26,185092.7,7118.95,2,2,0,2025,6,24,Summer,Product 039,Lighting,Organizer,2022-11-01,6178.74,7118.95,940.21,0
2025-06-09,SKU040,113,276913.28,2450.56,2,2,0,2025,6,24,Summer,Product 040,Storage,Sofa,2023-11-26,5169.07,2450.56,-2718.51,1
2025-06-09,SKU041,98,1012999.54,10336.73,2,2,0,2025,6,24,Summer,Product 041,Furniture,Chair,2022-07-01,4540.24,10336.73,5796.49,0
2025-06-09,SKU042,181,1664988.23,9198.83,2,2,0,2025,6,24,Summer,Product 042,Home Decor,Table,2024-04-13,4583.86,9198.83,4614.97,0
2025-06-09,SKU043,178,1556747.06,8745.77,2,2,0,2025,6,24,Summer,Product 043,Kitchen,Cushion,2024-02-10,2605.61,8745.77,6140.16,0
2025-06-09,SKU044,88,476280.64,5412.28,2,2,0,2025,6,24,Summer,Product 044,Lighting,Cookware,2023-01-25,488.84,5412.28,4923.44,0
2025-06-09,SKU045,221,1696568.38,7676.78,2,2,0,2025,6,24,Summer,Product 045,Storage,Lamp,2022-03-16,3634.56,7676.78,4042.22,0
2025-06-09,SKU046,66,473585.64,7175.54,2,2,0,2025,6,24,Summer,Product 046,Furniture,Shelf,2024-12-03,1913.03,7175.54,5262.51,0
2025-06-09,SKU047,125,992277.5,7938.22,2,2,0,2025,6,24,Summer,Product 047,Home Decor,Cabinet,2023-05-06,3416.1,7938.22,4522.12,0
2025-06-09,SKU048,59,81393.45,1379.55,2,2,0,2025,6,24,Summer,Product 048,Kitchen,Rug,2024-09-09,6863.87,1379.55,-5484.32,1
2025-06-09,SKU049,206,1076014.22,5223.37,2,2,0,2025,6,24,Summer,Product 049,Lighting,Organizer,2024-01-16,2063.03,5223.37,3160.34,0
2025-06-09,SKU050,49,43253.28,882.72,2,2,0,2025,6,24,Summer,Product 050,Storage,Sofa,2024-05-06,701.85,882.72,180.87,0
2025-06-16,SKU001,110,403045.5,3664.05,2,2,0,2025,6,25,Summer,Product 001,Furniture,Chair,2022-04-09,1758.45,3664.05,1905.6,0
2025-06-16,SKU002,84,319677.96,3805.69,2,2,0,2025,6,25,Summer,Product 002,Home Decor,Table,2024-05-01,3867.09,3805.69,-61.4,1
2025-06-16,SKU003,48,387755.04,8078.23,2,2,0,2025,6,25,Summer,Product 003,Kitchen,Cushion,2023-12-22,589.48,8078.23,7488.75,0
2025-06-16,SKU004,48,329355.36,6861.57,2,2,0,2025,6,25,Summer,Product 004,Lighting,Cookware,2023-04-28,1445.74,6861.57,5415.83,0
2025-06-16,SKU005,116,1101213.52,9493.22,2,2,0,2025,6,25,Summer,Product 005,Storage,Lamp,2023-04-22,5543.63,9493.22,3949.59,0
2025-06-16,SKU006,42,340453.68,8106.04,2,2,0,2025,6,25,Summer,Product 006,Furniture,Shelf,2024-08-02,6021.91,8106.04,2084.13,0
2025-06-16,SKU007,187,956334.83,5114.09,2,2,0,2025,6,25,Summer,Product 007,Home Decor,Cabinet,2022-04-05,7748.2,5114.09,-2634.11,1
2025-06-16,SKU008,101,994106.64,9842.64,2,2,0,2025,6,25,Summer,Product 008,Kitchen,Rug,2024-02-07,2775.15,9842.64,7067.49,0
2025-06-16,SKU009,81,189288.09,2336.89,2,2,0,2025,6,25,Summer,Product 009,Lighting,Organizer,2022-08-10,3121.06,2336.89,-784.17,1
2025-06-16,SKU010,139,92220.94,663.46,2,2,0,2025,6,25,Summer,Product 010,Storage,Sofa,2022-04-14,3889.06,663.46,-3225.6,1
2025-06-16,SKU011,18,26002.08,1444.56,2,2,0,2025,6,25,Summer,Product 011,Furniture,Chair,2023-08-03,1718.4,1444.56,-273.84,1
2025-06-16,SKU012,190,1668080.3,8779.37,2,2,0,2025,6,25,Summer,Product 012,Home Decor,Table,2024-12-09,1256.89,8779.37,7522.48,0
2025-06-16,SKU013,118,679418.04,5757.78,2,2,0,2025,6,25,Summer,Product 013,Kitchen,Cushion,2024-03-20,3936.71,5757.78,1821.07,0
2025-06-16,SKU014,159,361049.25,2270.75,2,2,0,2025,6,25,Summer,Product 014,Lighting,Cookware,2024-04-17,2008.55,2270.75,262.2,0
2025-06-16,SKU015,32,198787.84,6212.12,2,2,0,2025,6,25,Summer,Product 015,Storage,Lamp,2024-02-29,5441.06,6212.12,771.06,0
2025-06-16,SKU016,112,242683.84,2166.82,2,2,0,2025,6,25,Summer,Product 016,Furniture,Shelf,2024-05-14,3637.93,2166.82,-1471.11,1
2025-06-16,SKU017,114,966414.48,8477.32,2,2,0,2025,6,25,Summer,Product 017,Home Decor,Cabinet,2023-07-19,6703.26,8477.32,1774.06,0
2025-06-16,SKU018,212,1181986.92,5575.41,2,2,0,2025,6,25,Summer,Product 018,Kitchen,Rug,2022-05-21,5677.05,5575.41,-101.64,1
2025-06-16,SKU019,136,655499.6,4819.85,2,2,0,2025,6,25,Summer,Product 019,Lighting,Organizer,2024-07-12,2670.84,4819.85,2149.01,0
2025-06-16,SKU020,116,452114.64,3897.54,2,2,0,2025,6,25,Summer,Product 020,Storage,Sofa,2023-05-11,6700.01,3897.54,-2802.47,1
2025-06-16,SKU021,67,516655.76,7711.28,2,2,0,2025,6,25,Summer,Product 021,Furniture,Chair,2023-07-05,6486.92,7711.28,1224.36,0
2025-06-16,SKU022,86,395344.58,4597.03,2,2,0,2025,6,25,Summer,Product 022,Home Decor,Table,2023-02-12,3252.96,4597.03,1344.07,0
2025-06-16,SKU023,133,188426.42,1416.74,2,2,0,2025,6,25,Summer,Product 023,Kitchen,Cushion,2022-07-20,2484.54,1416.74,-1067.8,1
2025-06-16,SKU024,101,178655.87,1768.87,2,2,0,2025,6,25,Summer,Product 024,Lighting,Cookware,2024-10-16,5539.34,1768.87,-3770.47,1
2025-06-16,SKU025,16,184928.16,11558.01,2,2,0,2025,6,25,Summer,Product 025,Storage,Lamp,2024-05-09,1333.08,11558.01,10224.93,0
2025-06-16,SKU026,171,1870661.34,10939.54,2,2,0,2025,6,25,Summer,Product 026,Furniture,Shelf,2023-12-10,1799.29,10939.54,9140.25,0
2025-06-16,SKU027,193,1643703.8,8516.6,2,2,0,2025,6,25,Summer,Product 027,Home Decor,Cabinet,2023-03-19,307.06,8516.6,8209.54,0
2025-06-16,SKU028,41,142847.69,3484.09,2,2,0,2025,6,25,Summer,Product 028,Kitchen,Rug,2024-06-24,6348.66,3484.09,-2864.57,1
2025-06-16,SKU029,122,1420378.9,11642.45,2,2,0,2025,6,25,Summer,Product 029,Lighting,Organizer,2023-08-23,5402.59,11642.45,6239.86,0
2025-06-16,SKU030,31,292438.81,9433.51,2,2,0,2025,6,25,Summer,Product 030,Storage,Sofa,2023-05-03,5715.03,9433.51,3718.48,0
2025-06-16,SKU031,144,1255093.92,8715.93,2,2,0,2025,6,25,Summer,Product 031,Furniture,Chair,2023-05-11,6300.65,8715.93,2415.28,0
2025-06-16,SKU032,74,415331.66,5612.59,2,2,0,2025,6,25,Summer,Product 032,Home Decor,Table,2022-09-07,3806.6,5612.59,1805.99,0
2025-06-16,SKU033,165,587070.0,3558.0,2,2,0,2025,6,25,Summer,Product 033,Kitchen,Cushion,2022-04-12,4657.74,3558.0,-1099.74,1
2025-06-16,SKU034,163,247456.82,1518.14,2,2,0,2025,6,25,Summer,Product 034,Lighting,Cookware,2023-09-03,1333.43,1518.14,184.71,0
2025-06-16,SKU035,152,1652268.88,10870.19,2,2,0,2025,6,25,Summer,Product 035,Storage,Lamp,2024-09-03,1137.61,10870.19,9732.58,0
2025-06-16,SKU036,42,238854.0,5687.0,2,2,0,2025,6,25,Summer,Product 036,Furniture,Shelf,2022-03-12,5430.12,5687.0,256.88,0
2025-06-16,SKU037,200,549484.0,2747.42,2,2,0,2025,6,25,Summer,Product 037,Home Decor,Cabinet,2024-08-02,3901.0,2747.42,-1153.58,1
2025-06-16,SKU038,60,236946.0,3949.1,2,2,0,2025,6,25,Summer,Product 038,Kitchen,Rug,2024-06-29,4630.58,3949.1,-681.48,1
2025-06-16,SKU039,32,227806.4,7118.95,2,2,0,2025,6,25,Summer,Product 039,Lighting,Organizer,2022-11-01,6178.74,7118.95,940.21,0
2025-06-16,SKU040,125,306320.0,2450.56,2,2,0,2025,6,25,Summer,Product 040,Storage,Sofa,2023-11-26,5169.07,2450.56,-2718.51,1
2025-06-16,SKU041,78,806264.94,10336.73,2,2,0,2025,6,25,Summer,Product 041,Furniture,Chair,2022-07-01,4540.24,10336.73,5796.49,0
2025-06-16,SKU042,179,1646590.57,9198.83,2,2,0,2025,6,25,Summer,Product 042,Home Decor,Table,2024-04-13,4583.86,9198.83,4614.97,0
2025-06-16,SKU043,180,1574238.6,8745.77,2,2,0,2025,6,25,Summer,Product 043,Kitchen,Cushion,2024-02-10,2605.61,8745.77,6140.16,0
2025-06-16,SKU044,71,384271.88,5412.28,2,2,0,2025,6,25,Summer,Product 044,Lighting,Cookware,2023-01-25,488.84,5412.28,4923.44,0
2025-06-16,SKU045,177,1358790.06,7676.78,2,2,0,2025,6,25,Summer,Product 045,Storage,Lamp,2022-03-16,3634.56,7676.78,4042.22,0
2025-06-16,SKU046,58,416181.32,7175.54,2,2,0,2025,6,25,Summer,Product 046,Furniture,Shelf,2024-12-03,1913.03,7175.54,5262.51,0
2025-06-16,SKU047,133,1055783.26,7938.22,2,2,0,2025,6,25,Summer,Product 047,Home Decor,Cabinet,2023-05-06,3416.1,7938.22,4522.12,0
2025-06-16,SKU048,77,106225.35,1379.55,2,2,0,2025,6,25,Summer,Product 048,Kitchen,Rug,2024-09-09,6863.87,1379.55,-5484.32,1
2025-06-16,SKU049,197,1029003.89,5223.37,2,2,0,2025,6,25,Summer,Product 049,Lighting,Organizer,2024-01-16,2063.03,5223.37,3160.34,0
2025-06-16,SKU050,63,55611.36,882.72,2,2,0,2025,6,25,Summer,Product 050,Storage,Sofa,2024-05-06,701.85,882.72,180.87,0
2025-06-23,SKU001,134,490982.7,3664.05,2,2,0,2025,6,26,Summer,Product 001,Furniture,Chair,2022-04-09,1758.45,3664.05,1905.6,0
2025-06-23,SKU002,70,266398.3,3805.69,2,2,0,2025,6,26,Summer,Product 002,Home Decor,Table,2024-05-01,3867.09,3805.69,-61.4,1
2025-06-23,SKU003,44,355442.12,8078.23,2,2,0,2025,6,26,Summer,Product 003,Kitchen,Cushion,2023-12-22,589.48,8078.23,7488.75,0
2025-06-23,SKU004,31,212708.67,6861.57,2,2,0,2025,6,26,Summer,Product 004,Lighting,Cookware,2023-04-28,1445.74,6861.57,5415.83,0
2025-06-23,SKU005,134,1272091.48,9493.22,2,2,0,2025,6,26,Summer,Product 005,Storage,Lamp,2023-04-22,5543.63,9493.22,3949.59,0
2025-06-23,SKU006,54,437726.16,8106.04,2,2,0,2025,6,26,Summer,Product 006,Furniture,Shelf,2024-08-02,6021.91,8106.04,2084.13,0
2025-06-23,SKU007,212,1084187.08,5114.09,2,2,0,2025,6,26,Summer,Product 007,Home Decor,Cabinet,2022-04-05,7748.2,5114.09,-2634.11,1
2025-06-23,SKU008,118,1161431.52,9842.64,2,2,0,2025,6,26,Summer,Product 008,Kitchen,Rug,2024-02-07,2775.15,9842.64,7067.49,0
2025-06-23,SKU009,92,214993.88,2336.89,2,2,0,2025,6,26,Summer,Product 009,Lighting,Organizer,2022-08-10,3121.06,2336.89,-784.17,1
2025-06-23,SKU010,123,81605.58,663.46,2,2,0,2025,6,26,Summer,Product 010,Storage,Sofa,2022-04-14,3889.06,663.46,-3225.6,1
2025-06-23,SKU011,22,31780.32,1444.56,2,2,0,2025,6,26,Summer,Product 011,Furniture,Chair,2023-08-03,1718.4,1444.56,-273.84,1
2025-06-23,SKU012,173,1518831.01,8779.37,2,2,0,2025,6,26,Summer,Product 012,Home Decor,Table,2024-12-09,1256.89,8779.37,7522.48,0
2025-06-23,SKU013,128,736995.84,5757.78,2,2,0,2025,6,26,Summer,Product 013,Kitchen,Cushion,2024-03-20,3936.71,5757.78,1821.07,0
2025-06-23,SKU014,191,433713.25,2270.75,2,2,0,2025,6,26,Summer,Product 014,Lighting,Cookware,2024-04-17,2008.55,2270.75,262.2,0
2025-06-23,SKU015,25,155303.0,6212.12,2,2,0,2025,6,26,Summer,Product 015,Storage,Lamp,2024-02-29,5441.06,6212.12,771.06,0
2025-06-23,SKU016,116,251351.12,2166.82,2,2,0,2025,6,26,Summer,Product 016,Furniture,Shelf,2024-05-14,3637.93,2166.82,-1471.11,1
2025-06-23,SKU017,133,1127483.56,8477.32,2,2,0,2025,6,26,Summer,Product 017,Home Decor,Cabinet,2023-07-19,6703.26,8477.32,1774.06,0
2025-06-23,SKU018,194,1081629.54,5575.41,2,2,0,2025,6,26,Summer,Product 018,Kitchen,Rug,2022-05-21,5677.05,5575.41,-101.64,1
2025-06-23,SKU019,129,621760.65,4819.85,2,2,0,2025,6,26,Summer,Product 019,Lighting,Organizer,2024-07-12,2670.84,4819.85,2149.01,0
2025-06-23,SKU020,104,405344.16,3897.54,2,2,0,2025,6,26,Summer,Product 020,Storage,Sofa,2023-05-11,6700.01,3897.54,-2802.47,1
2025-06-23,SKU021,69,532078.32,7711.28,2,2,0,2025,6,26,Summer,Product 021,Furniture,Chair,2023-07-05,6486.92,7711.28,1224.36,0
2025-06-23,SKU022,83,381553.49,4597.03,2,2,0,2025,6,26,Summer,Product 022,Home Decor,Table,2023-02-12,3252.96,4597.03,1344.07,0
2025-06-23,SKU023,130,184176.2,1416.74,2,2,0,2025,6,26,Summer,Product 023,Kitchen,Cushion,2022-07-20,2484.54,1416.74,-1067.8,1
2025-06-23,SKU024,107,189269.09,1768.87,2,2,0,2025,6,26,Summer,Product 024,Lighting,Cookware,2024-10-16,5539.34,1768.87,-3770.47,1
2025-06-23,SKU025,25,288950.25,11558.01,2,2,0,2025,6,26,Summer,Product 025,Storage,Lamp,2024-05-09,1333.08,11558.01,10224.93,0
2025-06-23,SKU026,161,1761265.94,10939.54,2,2,0,2025,6,26,Summer,Product 026,Furniture,Shelf,2023-12-10,1799.29,10939.54,9140.25,0
2025-06-23,SKU027,183,1558537.8,8516.6,2,2,0,2025,6,26,Summer,Product 027,Home Decor,Cabinet,2023-03-19,307.06,8516.6,8209.54,0
2025-06-23,SKU028,43,149815.87,3484.09,2,2,0,2025,6,26,Summer,Product 028,Kitchen,Rug,2024-06-24,6348.66,3484.09,-2864.57,1
2025-06-23,SKU029,114,1327239.3,11642.45,2,2,0,2025,6,26,Summer,Product 029,Lighting,Organizer,2023-08-23,5402.59,11642.45,6239.86,0
2025-06-23,SKU030,47,443374.97,9433.51,2,2,0,2025,6,26,Summer,Product 030,Storage,Sofa,2023-05-03,5715.03,9433.51,3718.48,0
2025-06-23,SKU031,136,1185366.48,8715.93,2,2,0,2025,6,26,Summer,Product 031,Furniture,Chair,2023-05-11,6300.65,8715.93,2415.28,0
2025-06-23,SKU032,55,308692.45,5612.59,2,2,0,2025,6,26,Summer,Product 032,Home Decor,Table,2022-09-07,3806.6,5612.59,1805.99,0
2025-06-23,SKU033,145,515910.0,3558.0,2,2,0,2025,6,26,Summer,Product 033,Kitchen,Cushion,2022-04-12,4657.74,3558.0,-1099.74,1
2025-06-23,SKU034,172,261120.08,1518.14,2,2,0,2025,6,26,Summer,Product 034,Lighting,Cookware,2023-09-03,1333.43,1518.14,184.71,0
2025-06-23,SKU035,177,1924023.63,10870.19,2,2,0,2025,6,26,Summer,Product 035,Storage,Lamp,2024-09-03,1137.61,10870.19,9732.58,0
2025-06-23,SKU036,40,227480.0,5687.0,2,2,0,2025,6,26,Summer,Product 036,Furniture,Shelf,2022-03-12,5430.12,5687.0,256.88,0
2025-06-23,SKU037,202,554978.84,2747.42,2,2,0,2025,6,26,Summer,Product 037,Home Decor,Cabinet,2024-08-02,3901.0,2747.42,-1153.58,1
2025-06-23,SKU038,75,296182.5,3949.1,2,2,0,2025,6,26,Summer,Product 038,Kitchen,Rug,2024-06-29,4630.58,3949.1,-681.48,1
2025-06-23,SKU039,31,220687.45,7118.95,2,2,0,2025,6,26,Summer,Product 039,Lighting,Organizer,2022-11-01,6178.74,7118.95,940.21,0
2025-06-23,SKU040,119,291616.64,2450.56,2,2,0,2025,6,26,Summer,Product 040,Storage,Sofa,2023-11-26,5169.07,2450.56,-2718.51,1
2025-06-23,SKU041,72,744244.56,10336.73,2,2,0,2025,6,26,Summer,Product 041,Furniture,Chair,2022-07-01,4540.24,10336.73,5796.49,0
2025-06-23,SKU042,197,1812169.51,9198.83,2,2,0,2025,6,26,Summer,Product 042,Home Decor,Table,2024-04-13,4583.86,9198.83,4614.97,0
2025-06-23,SKU043,179,1565492.83,8745.77,2,2,0,2025,6,26,Summer,Product 043,Kitchen,Cushion,2024-02-10,2605.61,8745.77,6140.16,0
2025-06-23,SKU044,62,335561.36,5412.28,2,2,0,2025,6,26,Summer,Product 044,Lighting,Cookware,2023-01-25,488.84,5412.28,4923.44,0
2025-06-23,SKU045,207,1589093.46,7676.78,2,2,0,2025,6,26,Summer,Product 045,Storage,Lamp,2022-03-16,3634.56,7676.78,4042.22,0
2025-06-23,SKU046,79,566867.66,7175.54,2,2,0,2025,6,26,Summer,Product 046,Furniture,Shelf,2024-12-03,1913.03,7175.54,5262.51,0
2025-06-23,SKU047,110,873204.2,7938.22,2,2,0,2025,6,26,Summer,Product 047,Home Decor,Cabinet,2023-05-06,3416.1,7938.22,4522.12,0
2025-06-23,SKU048,73,100707.15,1379.55,2,2,0,2025,6,26,Summer,Product 048,Kitchen,Rug,2024-09-09,6863.87,1379.55,-5484.32,1
2025-06-23,SKU049,220,1149141.4,5223.37,2,2,0,2025,6,26,Summer,Product 049,Lighting,Organizer,2024-01-16,2063.03,5223.37,3160.34,0
2025-06-23,SKU050,55,48549.6,882.72,2,2,0,2025,6,26,Summer,Product 050,Storage,Sofa,2024-05-06,701.85,882.72,180.87,0
2025-06-30,SKU001,101,370069.05,3664.05,0,0,0,2025,6,27,Monsoon,Product 001,Furniture,Chair,2022-04-09,1758.45,3664.05,1905.6,0
2025-06-30,SKU002,53,201701.57,3805.69,0,0,0,2025,6,27,Monsoon,Product 002,Home Decor,Table,2024-05-01,3867.09,3805.69,-61.4,1
2025-06-30,SKU003,42,339285.66,8078.23,0,0,0,2025,6,27,Monsoon,Product 003,Kitchen,Cushion,2023-12-22,589.48,8078.23,7488.75,0
2025-06-30,SKU004,27,185262.39,6861.57,0,0,0,2025,6,27,Monsoon,Product 004,Lighting,Cookware,2023-04-28,1445.74,6861.57,5415.83,0
2025-06-30,SKU005,99,939828.78,9493.22,0,0,0,2025,6,27,Monsoon,Product 005,Storage,Lamp,2023-04-22,5543.63,9493.22,3949.59,0
2025-06-30,SKU006,41,332347.64,8106.04,0,0,0,2025,6,27,Monsoon,Product 006,Furniture,Shelf,2024-08-02,6021.91,8106.04,2084.13,0
2025-06-30,SKU007,181,925650.29,5114.09,0,0,0,2025,6,27,Monsoon,Product 007,Home Decor,Cabinet,2022-04-05,7748.2,5114.09,-2634.11,1
2025-06-30,SKU008,128,1259857.92,9842.64,0,0,0,2025,6,27,Monsoon,Product 008,Kitchen,Rug,2024-02-07,2775.15,9842.64,7067.49,0
2025-06-30,SKU009,83,193961.87,2336.89,0,0,0,2025,6,27,Monsoon,Product 009,Lighting,Organizer,2022-08-10,3121.06,2336.89,-784.17,1
2025-06-30,SKU010,111,73644.06,663.46,0,0,0,2025,6,27,Monsoon,Product 010,Storage,Sofa,2022-04-14,3889.06,663.46,-3225.6,1
2025-06-30,SKU011,25,36114.0,1444.56,0,0,0,2025,6,27,Monsoon,Product 011,Furniture,Chair,2023-08-03,1718.4,1444.56,-273.84,1
2025-06-30,SKU012,171,1501272.27,8779.37,0,0,0,2025,6,27,Monsoon,Product 012,Home Decor,Table,2024-12-09,1256.89,8779.37,7522.48,0
2025-06-30,SKU013,101,581535.78,5757.78,0,0,0,2025,6,27,Monsoon,Product 013,Kitchen,Cushion,2024-03-20,3936.71,5757.78,1821.07,0
2025-06-30,SKU014,134,304280.5,2270.75,0,0,0,2025,6,27,Monsoon,Product 014,Lighting,Cookware,2024-04-17,2008.55,2270.75,262.2,0
2025-06-30,SKU015,22,136666.64,6212.12,0,0,0,2025,6,27,Monsoon,Product 015,Storage,Lamp,2024-02-29,5441.06,6212.12,771.06,0
2025-06-30,SKU016,101,218848.82,2166.82,0,0,0,2025,6,27,Monsoon,Product 016,Furniture,Shelf,2024-05-14,3637.93,2166.82,-1471.11,1
2025-06-30,SKU017,105,890118.6,8477.32,0,0,0,2025,6,27,Monsoon,Product 017,Home Decor,Cabinet,2023-07-19,6703.26,8477.32,1774.06,0
2025-06-30,SKU018,164,914367.24,5575.41,0,0,0,2025,6,27,Monsoon,Product 018,Kitchen,Rug,2022-05-21,5677.05,5575.41,-101.64,1
2025-06-30,SKU019,94,453065.9,4819.85,0,0,0,2025,6,27,Monsoon,Product 019,Lighting,Organizer,2024-07-12,2670.84,4819.85,2149.01,0
2025-06-30,SKU020,104,405344.16,3897.54,0,0,0,2025,6,27,Monsoon,Product 020,Storage,Sofa,2023-05-11,6700.01,3897.54,-2802.47,1
2025-06-30,SKU021,57,439542.96,7711.28,0,0,0,2025,6,27,Monsoon,Product 021,Furniture,Chair,2023-07-05,6486.92,7711.28,1224.36,0
2025-06-30,SKU022,70,321792.1,4597.03,0,0,0,2025,6,27,Monsoon,Product 022,Home Decor,Table,2023-02-12,3252.96,4597.03,1344.07,0
2025-06-30,SKU023,105,148757.7,1416.74,0,0,0,2025,6,27,Monsoon,Product 023,Kitchen,Cushion,2022-07-20,2484.54,1416.74,-1067.8,1
2025-06-30,SKU024,94,166273.78,1768.87,0,0,0,2025,6,27,Monsoon,Product 024,Lighting,Cookware,2024-10-16,5539.34,1768.87,-3770.47,1
2025-06-30,SKU025,18,208044.18,11558.01,0,0,0,2025,6,27,Monsoon,Product 025,Storage,Lamp,2024-05-09,1333.08,11558.01,10224.93,0
2025-06-30,SKU026,150,1640931.0,10939.54,0,0,0,2025,6,27,Monsoon,Product 026,Furniture,Shelf,2023-12-10,1799.29,10939.54,9140.25,0
2025-06-30,SKU027,165,1405239.0,8516.6,0,0,0,2025,6,27,Monsoon,Product 027,Home Decor,Cabinet,2023-03-19,307.06,8516.6,8209.54,0
2025-06-30,SKU028,32,111490.88,3484.09,0,0,0,2025,6,27,Monsoon,Product 028,Kitchen,Rug,2024-06-24,6348.66,3484.09,-2864.57,1
2025-06-30,SKU029,102,1187529.9,11642.45,0,0,0,2025,6,27,Monsoon,Product 029,Lighting,Organizer,2023-08-23,5402.59,11642.45,6239.86,0
2025-06-30,SKU030,27,254704.77,9433.51,0,0,0,2025,6,27,Monsoon,Product 030,Storage,Sofa,2023-05-03,5715.03,9433.51,3718.48,0
2025-06-30,SKU031,124,1080775.32,8715.93,0,0,0,2025,6,27,Monsoon,Product 031,Furniture,Chair,2023-05-11,6300.65,8715.93,2415.28,0
2025-06-30,SKU032,70,392881.3,5612.59,0,0,0,2025,6,27,Monsoon,Product 032,Home Decor,Table,2022-09-07,3806.6,5612.59,1805.99,0
2025-06-30,SKU033,137,487446.0,3558.0,0,0,0,2025,6,27,Monsoon,Product 033,Kitchen,Cushion,2022-04-12,4657.74,3558.0,-1099.74,1
2025-06-30,SKU034,134,203430.76,1518.14,0,0,0,2025,6,27,Monsoon,Product 034,Lighting,Cookware,2023-09-03,1333.43,1518.14,184.71,0
2025-06-30,SKU035,148,1608788.12,10870.19,0,0,0,2025,6,27,Monsoon,Product 035,Storage,Lamp,2024-09-03,1137.61,10870.19,9732.58,0
2025-06-30,SKU036,33,187671.0,5687.0,0,0,0,2025,6,27,Monsoon,Product 036,Furniture,Shelf,2022-03-12,5430.12,5687.0,256.88,0
2025-06-30,SKU037,188,516514.96,2747.42,0,0,0,2025,6,27,Monsoon,Product 037,Home Decor,Cabinet,2024-08-02,3901.0,2747.42,-1153.58,1
2025-06-30,SKU038,57,225098.7,3949.1,0,0,0,2025,6,27,Monsoon,Product 038,Kitchen,Rug,2024-06-29,4630.58,3949.1,-681.48,1
2025-06-30,SKU039,19,135260.05,7118.95,0,0,0,2025,6,27,Monsoon,Product 039,Lighting,Organizer,2022-11-01,6178.74,7118.95,940.21,0
2025-06-30,SKU040,117,286715.52,2450.56,0,0,0,2025,6,27,Monsoon,Product 040,Storage,Sofa,2023-11-26,5169.07,2450.56,-2718.51,1
2025-06-30,SKU041,79,816601.67,10336.73,0,0,0,2025,6,27,Monsoon,Product 041,Furniture,Chair,2022-07-01,4540.24,10336.73,5796.49,0
2025-06-30,SKU042,163,1499409.29,9198.83,0,0,0,2025,6,27,Monsoon,Product 042,Home Decor,Table,2024-04-13,4583.86,9198.83,4614.97,0
2025-06-30,SKU043,155,1355594.35,8745.77,0,0,0,2025,6,27,Monsoon,Product 043,Kitchen,Cushion,2024-02-10,2605.61,8745.77,6140.16,0
2025-06-30,SKU044,61,330149.08,5412.28,0,0,0,2025,6,27,Monsoon,Product 044,Lighting,Cookware,2023-01-25,488.84,5412.28,4923.44,0
2025-06-30,SKU045,160,1228284.8,7676.78,0,0,0,2025,6,27,Monsoon,Product 045,Storage,Lamp,2022-03-16,3634.56,7676.78,4042.22,0
2025-06-30,SKU046,55,394654.7,7175.54,0,0,0,2025,6,27,Monsoon,Product 046,Furniture,Shelf,2024-12-03,1913.03,7175.54,5262.51,0
2025-06-30,SKU047,110,873204.2,7938.22,0,0,0,2025,6,27,Monsoon,Product 047,Home Decor,Cabinet,2023-05-06,3416.1,7938.22,4522.12,0
2025-06-30,SKU048,50,68977.5,1379.55,0,0,0,2025,6,27,Monsoon,Product 048,Kitchen,Rug,2024-09-09,6863.87,1379.55,-5484.32,1
2025-06-30,SKU049,156,814845.72,5223.37,0,0,0,2025,6,27,Monsoon,Product 049,Lighting,Organizer,2024-01-16,2063.03,5223.37,3160.34,0
2025-06-30,SKU050,44,38839.68,882.72,0,0,0,2025,6,27,Monsoon,Product 050,Storage,Sofa,2024-05-06,701.85,882.72,180.87,0
2025-07-07,SKU001,111,406709.55,3664.05,0,0,0,2025,7,28,Monsoon,Product 001,Furniture,Chair,2022-04-09,1758.45,3664.05,1905.6,0
2025-07-07,SKU002,78,296843.82,3805.69,0,0,0,2025,7,28,Monsoon,Product 002,Home Decor,Table,2024-05-01,3867.09,3805.69,-61.4,1
2025-07-07,SKU003,44,355442.12,8078.23,0,0,0,2025,7,28,Monsoon,Product 003,Kitchen,Cushion,2023-12-22,589.48,8078.23,7488.75,0
2025-07-07,SKU004,32,219570.24,6861.57,0,0,0,2025,7,28,Monsoon,Product 004,Lighting,Cookware,2023-04-28,1445.74,6861.57,5415.83,0
2025-07-07,SKU005,104,987294.88,9493.22,0,0,0,2025,7,28,Monsoon,Product 005,Storage,Lamp,2023-04-22,5543.63,9493.22,3949.59,0
2025-07-07,SKU006,31,251287.24,8106.04,0,0,0,2025,7,28,Monsoon,Product 006,Furniture,Shelf,2024-08-02,6021.91,8106.04,2084.13,0
2025-07-07,SKU007,187,956334.83,5114.09,0,0,0,2025,7,28,Monsoon,Product 007,Home Decor,Cabinet,2022-04-05,7748.2,5114.09,-2634.11,1
2025-07-07,SKU008,109,1072847.76,9842.64,0,0,0,2025,7,28,Monsoon,Product 008,Kitchen,Rug,2024-02-07,2775.15,9842.64,7067.49,0
2025-07-07,SKU009,69,161245.41,2336.89,0,0,0,2025,7,28,Monsoon,Product 009,Lighting,Organizer,2022-08-10,3121.06,2336.89,-784.17,1
2025-07-07,SKU010,120,79615.2,663.46,0,0,0,2025,7,28,Monsoon,Product 010,Storage,Sofa,2022-04-14,3889.06,663.46,-3225.6,1
2025-07-07,SKU011,14,20223.84,1444.56,0,0,0,2025,7,28,Monsoon,Product 011,Furniture,Chair,2023-08-03,1718.4,1444.56,-273.84,1
2025-07-07,SKU012,189,1659300.93,8779.37,0,0,0,2025,7,28,Monsoon,Product 012,Home Decor,Table,2024-12-09,1256.89,8779.37,7522.48,0
2025-07-07,SKU013,109,627598.02,5757.78,0,0,0,2025,7,28,Monsoon,Product 013,Kitchen,Cushion,2024-03-20,3936.71,5757.78,1821.07,0
2025-07-07,SKU014,126,286114.5,2270.75,0,0,0,2025,7,28,Monsoon,Product 014,Lighting,Cookware,2024-04-17,2008.55,2270.75,262.2,0
2025-07-07,SKU015,23,142878.76,6212.12,0,0,0,2025,7,28,Monsoon,Product 015,Storage,Lamp,2024-02-29,5441.06,6212.12,771.06,0
2025-07-07,SKU016,103,223182.46,2166.82,0,0,0,2025,7,28,Monsoon,Product 016,Furniture,Shelf,2024-05-14,3637.93,2166.82,-1471.11,1
2025-07-07,SKU017,97,822300.04,8477.32,0,0,0,2025,7,28,Monsoon,Product 017,Home Decor,Cabinet,2023-07-19,6703.26,8477.32,1774.06,0
2025-07-07,SKU018,156,869763.96,5575.41,0,0,0,2025,7,28,Monsoon,Product 018,Kitchen,Rug,2022-05-21,5677.05,5575.41,-101.64,1
2025-07-07,SKU019,100,481985.0,4819.85,0,0,0,2025,7,28,Monsoon,Product 019,Lighting,Organizer,2024-07-12,2670.84,4819.85,2149.01,0
2025-07-07,SKU020,89,346881.06,3897.54,0,0,0,2025,7,28,Monsoon,Product 020,Storage,Sofa,2023-05-11,6700.01,3897.54,-2802.47,1
2025-07-07,SKU021,68,524367.04,7711.28,0,0,0,2025,7,28,Monsoon,Product 021,Furniture,Chair,2023-07-05,6486.92,7711.28,1224.36,0
2025-07-07,SKU022,58,266627.74,4597.03,0,0,0,2025,7,28,Monsoon,Product 022,Home Decor,Table,2023-02-12,3252.96,4597.03,1344.07,0
2025-07-07,SKU023,100,141674.0,1416.74,0,0,0,2025,7,28,Monsoon,Product 023,Kitchen,Cushion,2022-07-20,2484.54,1416.74,-1067.8,1
2025-07-07,SKU024,79,139740.73,1768.87,0,0,0,2025,7,28,Monsoon,Product 024,Lighting,Cookware,2024-10-16,5539.34,1768.87,-3770.47,1
2025-07-07,SKU025,15,173370.15,11558.01,0,0,0,2025,7,28,Monsoon,Product 025,Storage,Lamp,2024-05-09,1333.08,11558.01,10224.93,0
2025-07-07,SKU026,153,1673749.62,10939.54,0,0,0,2025,7,28,Monsoon,Product 026,Furniture,Shelf,2023-12-10,1799.29,10939.54,9140.25,0
2025-07-07,SKU027,185,1575571.0,8516.6,0,0,0,2025,7,28,Monsoon,Product 027,Home Decor,Cabinet,2023-03-19,307.06,8516.6,8209.54,0
2025-07-07,SKU028,46,160268.14,3484.09,0,0,0,2025,7,28,Monsoon,Product 028,Kitchen,Rug,2024-06-24,6348.66,3484.09,-2864.57,1
2025-07-07,SKU029,107,1245742.15,11642.45,0,0,0,2025,7,28,Monsoon,Product 029,Lighting,Organizer,2023-08-23,5402.59,11642.45,6239.86,0
2025-07-07,SKU030,29,273571.79,9433.51,0,0,0,2025,7,28,Monsoon,Product 030,Storage,Sofa,2023-05-03,5715.03,9433.51,3718.48,0
2025-07-07,SKU031,111,967468.23,8715.93,0,0,0,2025,7,28,Monsoon,Product 031,Furniture,Chair,2023-05-11,6300.65,8715.93,2415.28,0
2025-07-07,SKU032,63,353593.17,5612.59,0,0,0,2025,7,28,Monsoon,Product 032,Home Decor,Table,2022-09-07,3806.6,5612.59,1805.99,0
2025-07-07,SKU033,118,419844.0,3558.0,0,0,0,2025,7,28,Monsoon,Product 033,Kitchen,Cushion,2022-04-12,4657.74,3558.0,-1099.74,1
2025-07-07,SKU034,118,179140.52,1518.14,0,0,0,2025,7,28,Monsoon,Product 034,Lighting,Cookware,2023-09-03,1333.43,1518.14,184.71,0
2025-07-07,SKU035,123,1337033.37,10870.19,0,0,0,2025,7,28,Monsoon,Product 035,Storage,Lamp,2024-09-03,1137.61,10870.19,9732.58,0
2025-07-07,SKU036,33,187671.0,5687.0,0,0,0,2025,7,28,Monsoon,Product 036,Furniture,Shelf,2022-03-12,5430.12,5687.0,256.88,0
2025-07-07,SKU037,210,576958.2,2747.42,0,0,0,2025,7,28,Monsoon,Product 037,Home Decor,Cabinet,2024-08-02,3901.0,2747.42,-1153.58,1
2025-07-07,SKU038,57,225098.7,3949.1,0,0,0,2025,7,28,Monsoon,Product 038,Kitchen,Rug,2024-06-29,4630.58,3949.1,-681.48,1
2025-07-07,SKU039,24,170854.8,7118.95,0,0,0,2025,7,28,Monsoon,Product 039,Lighting,Organizer,2022-11-01,6178.74,7118.95,940.21,0
2025-07-07,SKU040,106,259759.36,2450.56,0,0,0,2025,7,28,Monsoon,Product 040,Storage,Sofa,2023-11-26,5169.07,2450.56,-2718.51,1
2025-07-07,SKU041,73,754581.29,10336.73,0,0,0,2025,7,28,Monsoon,Product 041,Furniture,Chair,2022-07-01,4540.24,10336.73,5796.49,0
2025-07-07,SKU042,158,1453415.14,9198.83,0,0,0,2025,7,28,Monsoon,Product 042,Home Decor,Table,2024-04-13,4583.86,9198.83,4614.97,0
2025-07-07,SKU043,161,1408068.97,8745.77,0,0,0,2025,7,28,Monsoon,Product 043,Kitchen,Cushion,2024-02-10,2605.61,8745.77,6140.16,0
2025-07-07,SKU044,79,427570.12,5412.28,0,0,0,2025,7,28,Monsoon,Product 044,Lighting,Cookware,2023-01-25,488.84,5412.28,4923.44,0
2025-07-07,SKU045,156,1197577.68,7676.78,0,0,0,2025,7,28,Monsoon,Product 045,Storage,Lamp,2022-03-16,3634.56,7676.78,4042.22,0
2025-07-07,SKU046,78,559692.12,7175.54,0,0,0,2025,7,28,Monsoon,Product 046,Furniture,Shelf,2024-12-03,1913.03,7175.54,5262.51,0
2025-07-07,SKU047,106,841451.32,7938.22,0,0,0,2025,7,28,Monsoon,Product 047,Home Decor,Cabinet,2023-05-06,3416.1,7938.22,4522.12,0
2025-07-07,SKU048,48,66218.4,1379.55,0,0,0,2025,7,28,Monsoon,Product 048,Kitchen,Rug,2024-09-09,6863.87,1379.55,-5484.32,1
2025-07-07,SKU049,179,934983.23,5223.37,0,0,0,2025,7,28,Monsoon,Product 049,Lighting,Organizer,2024-01-16,2063.03,5223.37,3160.34,0
2025-07-07,SKU050,49,43253.28,882.72,0,0,0,2025,7,28,Monsoon,Product 050,Storage,Sofa,2024-05-06,701.85,882.72,180.87,0
2025-07-14,SKU001,118,432357.9,3664.05,0,0,0,2025,7,29,Monsoon,Product 001,Furniture,Chair,2022-04-09,1758.45,3664.05,1905.6,0
2025-07-14,SKU002,69,262592.61,3805.69,0,0,0,2025,7,29,Monsoon,Product 002,Home Decor,Table,2024-05-01,3867.09,3805.69,-61.4,1
2025-07-14,SKU003,37,298894.51,8078.23,0,0,0,2025,7,29,Monsoon,Product 003,Kitchen,Cushion,2023-12-22,589.48,8078.23,7488.75,0
2025-07-14,SKU004,34,233293.38,6861.57,0,0,0,2025,7,29,Monsoon,Product 004,Lighting,Cookware,2023-04-28,1445.74,6861.57,5415.83,0
2025-07-14,SKU005,106,1006281.32,9493.22,0,0,0,2025,7,29,Monsoon,Product 005,Storage,Lamp,2023-04-22,5543.63,9493.22,3949.59,0
2025-07-14,SKU006,45,364771.8,8106.04,0,0,0,2025,7,29,Monsoon,Product 006,Furniture,Shelf,2024-08-02,6021.91,8106.04,2084.13,0
2025-07-14,SKU007,161,823368.49,5114.09,0,0,0,2025,7,29,Monsoon,Product 007,Home Decor,Cabinet,2022-04-05,7748.2,5114.09,-2634.11,1
2025-07-14,SKU008,110,1082690.4,9842.64,0,0,0,2025,7,29,Monsoon,Product 008,Kitchen,Rug,2024-02-07,2775.15,9842.64,7067.49,0
2025-07-14,SKU009,73,170592.97,2336.89,0,0,0,2025,7,29,Monsoon,Product 009,Lighting,Organizer,2022-08-10,3121.06,2336.89,-784.17,1
2025-07-14,SKU010,124,82269.04,663.46,0,0,0,2025,7,29,Monsoon,Product 010,Storage,Sofa,2022-04-14,3889.06,663.46,-3225.6,1
2025-07-14,SKU011,21,30335.76,1444.56,0,0,0,2025,7,29,Monsoon,Product 011,Furniture,Chair,2023-08-03,1718.4,1444.56,-273.84,1
2025-07-14,SKU012,179,1571507.23,8779.37,0,0,0,2025,7,29,Monsoon,Product 012,Home Decor,Table,2024-12-09,1256.89,8779.37,7522.48,0
2025-07-14,SKU013,87,500926.86,5757.78,0,0,0,2025,7,29,Monsoon,Product 013,Kitchen,Cushion,2024-03-20,3936.71,5757.78,1821.07,0
2025-07-14,SKU014,139,315634.25,2270.75,0,0,0,2025,7,29,Monsoon,Product 014,Lighting,Cookware,2024-04-17,2008.55,2270.75,262.2,0
2025-07-14,SKU015,29,180151.48,6212.12,0,0,0,2025,7,29,Monsoon,Product 015,Storage,Lamp,2024-02-29,5441.06,6212.12,771.06,0
2025-07-14,SKU016,104,225349.28,2166.82,0,0,0,2025,7,29,Monsoon,Product 016,Furniture,Shelf,2024-05-14,3637.93,2166.82,-1471.11,1
2025-07-14,SKU017,98,830777.36,8477.32,0,0,0,2025,7,29,Monsoon,Product 017,Home Decor,Cabinet,2023-07-19,6703.26,8477.32,1774.06,0
2025-07-14,SKU018,167,931093.47,5575.41,0,0,0,2025,7,29,Monsoon,Product 018,Kitchen,Rug,2022-05-21,5677.05,5575.41,-101.64,1
2025-07-14,SKU019,111,535003.35,4819.85,0,0,0,2025,7,29,Monsoon,Product 019,Lighting,Organizer,2024-07-12,2670.84,4819.85,2149.01,0
2025-07-14,SKU020,97,378061.38,3897.54,0,0,0,2025,7,29,Monsoon,Product 020,Storage,Sofa,2023-05-11,6700.01,3897.54,-2802.47,1
2025-07-14,SKU021,58,447254.24,7711.28,0,0,0,2025,7,29,Monsoon,Product 021,Furniture,Chair,2023-07-05,6486.92,7711.28,1224.36,0
2025-07-14,SKU022,82,376956.46,4597.03,0,0,0,2025,7,29,Monsoon,Product 022,Home Decor,Table,2023-02-12,3252.96,4597.03,1344.07,0
2025-07-14,SKU023,91,128923.34,1416.74,0,0,0,2025,7,29,Monsoon,Product 023,Kitchen,Cushion,2022-07-20,2484.54,1416.74,-1067.8,1
2025-07-14,SKU024,70,123820.9,1768.87,0,0,0,2025,7,29,Monsoon,Product 024,Lighting,Cookware,2024-10-16,5539.34,1768.87,-3770.47,1
2025-07-14,SKU025,24,277392.24,11558.01,0,0,0,2025,7,29,Monsoon,Product 025,Storage,Lamp,2024-05-09,1333.08,11558.01,10224.93,0
2025-07-14,SKU026,155,1695628.7,10939.54,0,0,0,2025,7,29,Monsoon,Product 026,Furniture,Shelf,2023-12-10,1799.29,10939.54,9140.25,0
2025-07-14,SKU027,163,1388205.8,8516.6,0,0,0,2025,7,29,Monsoon,Product 027,Home Decor,Cabinet,2023-03-19,307.06,8516.6,8209.54,0
2025-07-14,SKU028,42,146331.78,3484.09,0,0,0,2025,7,29,Monsoon,Product 028,Kitchen,Rug,2024-06-24,6348.66,3484.09,-2864.57,1
2025-07-14,SKU029,112,1303954.4,11642.45,0,0,0,2025,7,29,Monsoon,Product 029,Lighting,Organizer,2023-08-23,5402.59,11642.45,6239.86,0
2025-07-14,SKU030,36,339606.36,9433.51,0,0,0,2025,7,29,Monsoon,Product 030,Storage,Sofa,2023-05-03,5715.03,9433.51,3718.48,0
2025-07-14,SKU031,131,1141786.83,8715.93,0,0,0,2025,7,29,Monsoon,Product 031,Furniture,Chair,2023-05-11,6300.65,8715.93,2415.28,0
2025-07-14,SKU032,54,303079.86,5612.59,0,0,0,2025,7,29,Monsoon,Product 032,Home Decor,Table,2022-09-07,3806.6,5612.59,1805.99,0
2025-07-14,SKU033,121,430518.0,3558.0,0,0,0,2025,7,29,Monsoon,Product 033,Kitchen,Cushion,2022-04-12,4657.74,3558.0,-1099.74,1
2025-07-14,SKU034,147,223166.58,1518.14,0,0,0,2025,7,29,Monsoon,Product 034,Lighting,Cookware,2023-09-03,1333.43,1518.14,184.71,0
2025-07-14,SKU035,132,1434865.08,10870.19,0,0,0,2025,7,29,Monsoon,Product 035,Storage,Lamp,2024-09-03,1137.61,10870.19,9732.58,0
2025-07-14,SKU036,37,210419.0,5687.0,0,0,0,2025,7,29,Monsoon,Product 036,Furniture,Shelf,2022-03-12,5430.12,5687.0,256.88,0
2025-07-14,SKU037,182,500030.44,2747.42,0,0,0,2025,7,29,Monsoon,Product 037,Home Decor,Cabinet,2024-08-02,3901.0,2747.42,-1153.58,1
2025-07-14,SKU038,59,232996.9,3949.1,0,0,0,2025,7,29,Monsoon,Product 038,Kitchen,Rug,2024-06-29,4630.58,3949.1,-681.48,1
2025-07-14,SKU039,18,128141.1,7118.95,0,0,0,2025,7,29,Monsoon,Product 039,Lighting,Organizer,2022-11-01,6178.74,7118.95,940.21,0
2025-07-14,SKU040,99,242605.44,2450.56,0,0,0,2025,7,29,Monsoon,Product 040,Storage,Sofa,2023-11-26,5169.07,2450.56,-2718.51,1
2025-07-14,SKU041,93,961315.89,10336.73,0,0,0,2025,7,29,Monsoon,Product 041,Furniture,Chair,2022-07-01,4540.24,10336.73,5796.49,0
2025-07-14,SKU042,161,1481011.63,9198.83,0,0,0,2025,7,29,Monsoon,Product 042,Home Decor,Table,2024-04-13,4583.86,9198.83,4614.97,0
2025-07-14,SKU043,161,1408068.97,8745.77,0,0,0,2025,7,29,Monsoon,Product 043,Kitchen,Cushion,2024-02-10,2605.61,8745.77,6140.16,0
2025-07-14,SKU044,72,389684.16,5412.28,0,0,0,2025,7,29,Monsoon,Product 044,Lighting,Cookware,2023-01-25,488.84,5412.28,4923.44,0
2025-07-14,SKU045,187,1435557.86,7676.78,0,0,0,2025,7,29,Monsoon,Product 045,Storage,Lamp,2022-03-16,3634.56,7676.78,4042.22,0
2025-07-14,SKU046,74,530989.96,7175.54,0,0,0,2025,7,29,Monsoon,Product 046,Furniture,Shelf,2024-12-03,1913.03,7175.54,5262.51,0
2025-07-14,SKU047,105,833513.1,7938.22,0,0,0,2025,7,29,Monsoon,Product 047,Home Decor,Cabinet,2023-05-06,3416.1,7938.22,4522.12,0
2025-07-14,SKU048,52,71736.6,1379.55,0,0,0,2025,7,29,Monsoon,Product 048,Kitchen,Rug,2024-09-09,6863.87,1379.55,-5484.32,1
2025-07-14,SKU049,171,893196.27,5223.37,0,0,0,2025,7,29,Monsoon,Product 049,Lighting,Organizer,2024-01-16,2063.03,5223.37,3160.34,0
2025-07-14,SKU050,53,46784.16,882.72,0,0,0,2025,7,29,Monsoon,Product 050,Storage,Sofa,2024-05-06,701.85,882.72,180.87,0
2025-07-21,SKU001,111,406709.55,3664.05,0,0,0,2025,7,30,Monsoon,Product 001,Furniture,Chair,2022-04-09,1758.45,3664.05,1905.6,0
2025-07-21,SKU002,76,289232.44,3805.69,0,0,0,2025,7,30,Monsoon,Product 002,Home Decor,Table,2024-05-01,3867.09,3805.69,-61.4,1
2025-07-21,SKU003,41,331207.43,8078.23,0,0,0,2025,7,30,Monsoon,Product 003,Kitchen,Cushion,2023-12-22,589.48,8078.23,7488.75,0
2025-07-21,SKU004,29,198985.53,6861.57,0,0,0,2025,7,30,Monsoon,Product 004,Lighting,Cookware,2023-04-28,1445.74,6861.57,5415.83,0
2025-07-21,SKU005,124,1177159.28,9493.22,0,0,0,2025,7,30,Monsoon,Product 005,Storage,Lamp,2023-04-22,5543.63,9493.22,3949.59,0
2025-07-21,SKU006,43,348559.72,8106.04,0,0,0,2025,7,30,Monsoon,Product 006,Furniture,Shelf,2024-08-02,6021.91,8106.04,2084.13,0
2025-07-21,SKU007,167,854053.03,5114.09,0,0,0,2025,7,30,Monsoon,Product 007,Home Decor,Cabinet,2022-04-05,7748.2,5114.09,-2634.11,1
2025-07-21,SKU008,105,1033477.2,9842.64,0,0,0,2025,7,30,Monsoon,Product 008,Kitchen,Rug,2024-02-07,2775.15,9842.64,7067.49,0
2025-07-21,SKU009,67,156571.63,2336.89,0,0,0,2025,7,30,Monsoon,Product 009,Lighting,Organizer,2022-08-10,3121.06,2336.89,-784.17,1
2025-07-21,SKU010,105,69663.3,663.46,0,0,0,2025,7,30,Monsoon,Product 010,Storage,Sofa,2022-04-14,3889.06,663.46,-3225.6,1
2025-07-21,SKU011,11,15890.16,1444.56,0,0,0,2025,7,30,Monsoon,Product 011,Furniture,Chair,2023-08-03,1718.4,1444.56,-273.84,1
2025-07-21,SKU012,155,1360802.35,8779.37,0,0,0,2025,7,30,Monsoon,Product 012,Home Decor,Table,2024-12-09,1256.89,8779.37,7522.48,0
2025-07-21,SKU013,87,500926.86,5757.78,0,0,0,2025,7,30,Monsoon,Product 013,Kitchen,Cushion,2024-03-20,3936.71,5757.78,1821.07,0
2025-07-21,SKU014,148,336071.0,2270.75,0,0,0,2025,7,30,Monsoon,Product 014,Lighting,Cookware,2024-04-17,2008.55,2270.75,262.2,0
2025-07-21,SKU015,27,167727.24,6212.12,0,0,0,2025,7,30,Monsoon,Product 015,Storage,Lamp,2024-02-29,5441.06,6212.12,771.06,0
2025-07-21,SKU016,97,210181.54,2166.82,0,0,0,2025,7,30,Monsoon,Product 016,Furniture,Shelf,2024-05-14,3637.93,2166.82,-1471.11,1
2025-07-21,SKU017,83,703617.56,8477.32,0,0,0,2025,7,30,Monsoon,Product 017,Home Decor,Cabinet,2023-07-19,6703.26,8477.32,1774.06,0
2025-07-21,SKU018,159,886490.19,5575.41,0,0,0,2025,7,30,Monsoon,Product 018,Kitchen,Rug,2022-05-21,5677.05,5575.41,-101.64,1
2025-07-21,SKU019,90,433786.5,4819.85,0,0,0,2025,7,30,Monsoon,Product 019,Lighting,Organizer,2024-07-12,2670.84,4819.85,2149.01,0
2025-07-21,SKU020,96,374163.84,3897.54,0,0,0,2025,7,30,Monsoon,Product 020,Storage,Sofa,2023-05-11,6700.01,3897.54,-2802.47,1
2025-07-21,SKU021,62,478099.36,7711.28,0,0,0,2025,7,30,Monsoon,Product 021,Furniture,Chair,2023-07-05,6486.92,7711.28,1224.36,0
2025-07-21,SKU022,64,294209.92,4597.03,0,0,0,2025,7,30,Monsoon,Product 022,Home Decor,Table,2023-02-12,3252.96,4597.03,1344.07,0
2025-07-21,SKU023,107,151591.18,1416.74,0,0,0,2025,7,30,Monsoon,Product 023,Kitchen,Cushion,2022-07-20,2484.54,1416.74,-1067.8,1
2025-07-21,SKU024,73,129127.51,1768.87,0,0,0,2025,7,30,Monsoon,Product 024,Lighting,Cookware,2024-10-16,5539.34,1768.87,-3770.47,1
2025-07-21,SKU025,23,265834.23,11558.01,0,0,0,2025,7,30,Monsoon,Product 025,Storage,Lamp,2024-05-09,1333.08,11558.01,10224.93,0
2025-07-21,SKU026,173,1892540.42,10939.54,0,0,0,2025,7,30,Monsoon,Product 026,Furniture,Shelf,2023-12-10,1799.29,10939.54,9140.25,0
2025-07-21,SKU027,155,1320073.0,8516.6,0,0,0,2025,7,30,Monsoon,Product 027,Home Decor,Cabinet,2023-03-19,307.06,8516.6,8209.54,0
2025-07-21,SKU028,36,125427.24,3484.09,0,0,0,2025,7,30,Monsoon,Product 028,Kitchen,Rug,2024-06-24,6348.66,3484.09,-2864.57,1
2025-07-21,SKU029,120,1397094.0,11642.45,0,0,0,2025,7,30,Monsoon,Product 029,Lighting,Organizer,2023-08-23,5402.59,11642.45,6239.86,0
2025-07-21,SKU030,29,273571.79,9433.51,0,0,0,2025,7,30,Monsoon,Product 030,Storage,Sofa,2023-05-03,5715.03,9433.51,3718.48,0
2025-07-21,SKU031,127,1106923.11,8715.93,0,0,0,2025,7,30,Monsoon,Product 031,Furniture,Chair,2023-05-11,6300.65,8715.93,2415.28,0
2025-07-21,SKU032,52,291854.68,5612.59,0,0,0,2025,7,30,Monsoon,Product 032,Home Decor,Table,2022-09-07,3806.6,5612.59,1805.99,0
2025-07-21,SKU033,119,423402.0,3558.0,0,0,0,2025,7,30,Monsoon,Product 033,Kitchen,Cushion,2022-04-12,4657.74,3558.0,-1099.74,1
2025-07-21,SKU034,152,230757.28,1518.14,0,0,0,2025,7,30,Monsoon,Product 034,Lighting,Cookware,2023-09-03,1333.43,1518.14,184.71,0
2025-07-21,SKU035,154,1674009.26,10870.19,0,0,0,2025,7,30,Monsoon,Product 035,Storage,Lamp,2024-09-03,1137.61,10870.19,9732.58,0
2025-07-21,SKU036,26,147862.0,5687.0,0,0,0,2025,7,30,Monsoon,Product 036,Furniture,Shelf,2022-03-12,5430.12,5687.0,256.88,0
2025-07-21,SKU037,149,409365.58,2747.42,0,0,0,2025,7,30,Monsoon,Product 037,Home Decor,Cabinet,2024-08-02,3901.0,2747.42,-1153.58,1
2025-07-21,SKU038,50,197455.0,3949.1,0,0,0,2025,7,30,Monsoon,Product 038,Kitchen,Rug,2024-06-29,4630.58,3949.1,-681.48,1
2025-07-21,SKU039,34,242044.3,7118.95,0,0,0,2025,7,30,Monsoon,Product 039,Lighting,Organizer,2022-11-01,6178.74,7118.95,940.21,0
2025-07-21,SKU040,97,237704.32,2450.56,0,0,0,2025,7,30,Monsoon,Product 040,Storage,Sofa,2023-11-26,5169.07,2450.56,-2718.51,1
2025-07-21,SKU041,69,713234.37,10336.73,0,0,0,2025,7,30,Monsoon,Product 041,Furniture,Chair,2022-07-01,4540.24,10336.73,5796.49,0
2025-07-21,SKU042,157,1444216.31,9198.83,0,0,0,2025,7,30,Monsoon,Product 042,Home Decor,Table,2024-04-13,4583.86,9198.83,4614.97,0
2025-07-21,SKU043,132,1154441.64,8745.77,0,0,0,2025,7,30,Monsoon,Product 043,Kitchen,Cushion,2024-02-10,2605.61,8745.77,6140.16,0
2025-07-21,SKU044,69,373447.32,5412.28,0,0,0,2025,7,30,Monsoon,Product 044,Lighting,Cookware,2023-01-25,488.84,5412.28,4923.44,0
2025-07-21,SKU045,170,1305052.6,7676.78,0,0,0,2025,7,30,Monsoon,Product 045,Storage,Lamp,2022-03-16,3634.56,7676.78,4042.22,0
2025-07-21,SKU046,78,559692.12,7175.54,0,0,0,2025,7,30,Monsoon,Product 046,Furniture,Shelf,2024-12-03,1913.03,7175.54,5262.51,0
2025-07-21,SKU047,107,849389.54,7938.22,0,0,0,2025,7,30,Monsoon,Product 047,Home Decor,Cabinet,2023-05-06,3416.1,7938.22,4522.12,0
2025-07-21,SKU048,67,92429.85,1379.55,0,0,0,2025,7,30,Monsoon,Product 048,Kitchen,Rug,2024-09-09,6863.87,1379.55,-5484.32,1
2025-07-21,SKU049,168,877526.16,5223.37,0,0,0,2025,7,30,Monsoon,Product 049,Lighting,Organizer,2024-01-16,2063.03,5223.37,3160.34,0
2025-07-21,SKU050,43,37956.96,882.72,0,0,0,2025,7,30,Monsoon,Product 050,Storage,Sofa,2024-05-06,701.85,882.72,180.87,0
2025-07-28,SKU001,101,370069.05,3664.05,0,0,0,2025,7,31,Monsoon,Product 001,Furniture,Chair,2022-04-09,1758.45,3664.05,1905.6,0
2025-07-28,SKU002,75,285426.75,3805.69,0,0,0,2025,7,31,Monsoon,Product 002,Home Decor,Table,2024-05-01,3867.09,3805.69,-61.4,1
2025-07-28,SKU003,26,210033.98,8078.23,0,0,0,2025,7,31,Monsoon,Product 003,Kitchen,Cushion,2023-12-22,589.48,8078.23,7488.75,0
2025-07-28,SKU004,33,226431.81,6861.57,0,0,0,2025,7,31,Monsoon,Product 004,Lighting,Cookware,2023-04-28,1445.74,6861.57,5415.83,0
2025-07-28,SKU005,115,1091720.3,9493.22,0,0,0,2025,7,31,Monsoon,Product 005,Storage,Lamp,2023-04-22,5543.63,9493.22,3949.59,0
2025-07-28,SKU006,49,397195.96,8106.04,0,0,0,2025,7,31,Monsoon,Product 006,Furniture,Shelf,2024-08-02,6021.91,8106.04,2084.13,0
2025-07-28,SKU007,181,925650.29,5114.09,0,0,0,2025,7,31,Monsoon,Product 007,Home Decor,Cabinet,2022-04-05,7748.2,5114.09,-2634.11,1
2025-07-28,SKU008,112,1102375.68,9842.64,0,0,0,2025,7,31,Monsoon,Product 008,Kitchen,Rug,2024-02-07,2775.15,9842.64,7067.49,0
2025-07-28,SKU009,69,161245.41,2336.89,0,0,0,2025,7,31,Monsoon,Product 009,Lighting,Organizer,2022-08-10,3121.06,2336.89,-784.17,1
2025-07-28,SKU010,91,60374.86,663.46,0,0,0,2025,7,31,Monsoon,Product 010,Storage,Sofa,2022-04-14,3889.06,663.46,-3225.6,1
2025-07-28,SKU011,18,26002.08,1444.56,0,0,0,2025,7,31,Monsoon,Product 011,Furniture,Chair,2023-08-03,1718.4,1444.56,-273.84,1
2025-07-28,SKU012,160,1404699.2,8779.37,0,0,0,2025,7,31,Monsoon,Product 012,Home Decor,Table,2024-12-09,1256.89,8779.37,7522.48,0
2025-07-28,SKU013,85,489411.3,5757.78,0,0,0,2025,7,31,Monsoon,Product 013,Kitchen,Cushion,2024-03-20,3936.71,5757.78,1821.07,0
2025-07-28,SKU014,141,320175.75,2270.75,0,0,0,2025,7,31,Monsoon,Product 014,Lighting,Cookware,2024-04-17,2008.55,2270.75,262.2,0
2025-07-28,SKU015,25,155303.0,6212.12,0,0,0,2025,7,31,Monsoon,Product 015,Storage,Lamp,2024-02-29,5441.06,6212.12,771.06,0
2025-07-28,SKU016,85,184179.7,2166.82,0,0,0,2025,7,31,Monsoon,Product 016,Furniture,Shelf,2024-05-14,3637.93,2166.82,-1471.11,1
2025-07-28,SKU017,82,695140.24,8477.32,0,0,0,2025,7,31,Monsoon,Product 017,Home Decor,Cabinet,2023-07-19,6703.26,8477.32,1774.06,0
2025-07-28,SKU018,179,997998.39,5575.41,0,0,0,2025,7,31,Monsoon,Product 018,Kitchen,Rug,2022-05-21,5677.05,5575.41,-101.64,1
2025-07-28,SKU019,116,559102.6,4819.85,0,0,0,2025,7,31,Monsoon,Product 019,Lighting,Organizer,2024-07-12,2670.84,4819.85,2149.01,0
2025-07-28,SKU020,69,268930.26,3897.54,0,0,0,2025,7,31,Monsoon,Product 020,Storage,Sofa,2023-05-11,6700.01,3897.54,-2802.47,1
2025-07-28,SKU021,54,416409.12,7711.28,0,0,0,2025,7,31,Monsoon,Product 021,Furniture,Chair,2023-07-05,6486.92,7711.28,1224.36,0
2025-07-28,SKU022,70,321792.1,4597.03,0,0,0,2025,7,31,Monsoon,Product 022,Home Decor,Table,2023-02-12,3252.96,4597.03,1344.07,0
2025-07-28,SKU023,102,144507.48,1416.74,0,0,0,2025,7,31,Monsoon,Product 023,Kitchen,Cushion,2022-07-20,2484.54,1416.74,-1067.8,1
2025-07-28,SKU024,104,183962.48,1768.87,0,0,0,2025,7,31,Monsoon,Product 024,Lighting,Cookware,2024-10-16,5539.34,1768.87,-3770.47,1
2025-07-28,SKU025,20,231160.2,11558.01,0,0,0,2025,7,31,Monsoon,Product 025,Storage,Lamp,2024-05-09,1333.08,11558.01,10224.93,0
2025-07-28,SKU026,156,1706568.24,10939.54,0,0,0,2025,7,31,Monsoon,Product 026,Furniture,Shelf,2023-12-10,1799.29,10939.54,9140.25,0
2025-07-28,SKU027,156,1328589.6,8516.6,0,0,0,2025,7,31,Monsoon,Product 027,Home Decor,Cabinet,2023-03-19,307.06,8516.6,8209.54,0
2025-07-28,SKU028,35,121943.15,3484.09,0,0,0,2025,7,31,Monsoon,Product 028,Kitchen,Rug,2024-06-24,6348.66,3484.09,-2864.57,1
2025-07-28,SKU029,97,1129317.65,11642.45,0,0,0,2025,7,31,Monsoon,Product 029,Lighting,Organizer,2023-08-23,5402.59,11642.45,6239.86,0
2025-07-28,SKU030,33,311305.83,9433.51,0,0,0,2025,7,31,Monsoon,Product 030,Storage,Sofa,2023-05-03,5715.03,9433.51,3718.48,0
2025-07-28,SKU031,121,1054627.53,8715.93,0,0,0,2025,7,31,Monsoon,Product 031,Furniture,Chair,2023-05-11,6300.65,8715.93,2415.28,0
2025-07-28,SKU032,80,449007.2,5612.59,0,0,0,2025,7,31,Monsoon,Product 032,Home Decor,Table,2022-09-07,3806.6,5612.59,1805.99,0
2025-07-28,SKU033,112,398496.0,3558.0,0,0,0,2025,7,31,Monsoon,Product 033,Kitchen,Cushion,2022-04-12,4657.74,3558.0,-1099.74,1
2025-07-28,SKU034,124,188249.36,1518.14,0,0,0,2025,7,31,Monsoon,Product 034,Lighting,Cookware,2023-09-03,1333.43,1518.14,184.71,0
2025-07-28,SKU035,137,1489216.03,10870.19,0,0,0,2025,7,31,Monsoon,Product 035,Storage,Lamp,2024-09-03,1137.61,10870.19,9732.58,0
2025-07-28,SKU036,33,187671.0,5687.0,0,0,0,2025,7,31,Monsoon,Product 036,Furniture,Shelf,2022-03-12,5430.12,5687.0,256.88,0
2025-07-28,SKU037,143,392881.06,2747.42,0,0,0,2025,7,31,Monsoon,Product 037,Home Decor,Cabinet,2024-08-02,3901.0,2747.42,-1153.58,1
2025-07-28,SKU038,45,177709.5,3949.1,0,0,0,2025,7,31,Monsoon,Product 038,Kitchen,Rug,2024-06-29,4630.58,3949.1,-681.48,1
2025-07-28,SKU039,23,163735.85,7118.95,0,0,0,2025,7,31,Monsoon,Product 039,Lighting,Organizer,2022-11-01,6178.74,7118.95,940.21,0
2025-07-28,SKU040,108,264660.48,2450.56,0,0,0,2025,7,31,Monsoon,Product 040,Storage,Sofa,2023-11-26,5169.07,2450.56,-2718.51,1
2025-07-28,SKU041,63,651213.99,10336.73,0,0,0,2025,7,31,Monsoon,Product 041,Furniture,Chair,2022-07-01,4540.24,10336.73,5796.49,0
2025-07-28,SKU042,167,1536204.61,9198.83,0,0,0,2025,7,31,Monsoon,Product 042,Home Decor,Table,2024-04-13,4583.86,9198.83,4614.97,0
2025-07-28,SKU043,149,1303119.73,8745.77,0,0,0,2025,7,31,Monsoon,Product 043,Kitchen,Cushion,2024-02-10,2605.61,8745.77,6140.16,0
2025-07-28,SKU044,65,351798.2,5412.28,0,0,0,2025,7,31,Monsoon,Product 044,Lighting,Cookware,2023-01-25,488.84,5412.28,4923.44,0
2025-07-28,SKU045,149,1143840.22,7676.78,0,0,0,2025,7,31,Monsoon,Product 045,Storage,Lamp,2022-03-16,3634.56,7676.78,4042.22,0
2025-07-28,SKU046,51,365952.54,7175.54,0,0,0,2025,7,31,Monsoon,Product 046,Furniture,Shelf,2024-12-03,1913.03,7175.54,5262.51,0
2025-07-28,SKU047,120,952586.4,7938.22,0,0,0,2025,7,31,Monsoon,Product 047,Home Decor,Cabinet,2023-05-06,3416.1,7938.22,4522.12,0
2025-07-28,SKU048,43,59320.65,1379.55,0,0,0,2025,7,31,Monsoon,Product 048,Kitchen,Rug,2024-09-09,6863.87,1379.55,-5484.32,1
2025-07-28,SKU049,158,825292.46,5223.37,0,0,0,2025,7,31,Monsoon,Product 049,Lighting,Organizer,2024-01-16,2063.03,5223.37,3160.34,0
2025-07-28,SKU050,36,31777.92,882.72,0,0,0,2025,7,31,Monsoon,Product 050,Storage,Sofa,2024-05-06,701.85,882.72,180.87,0
2025-08-04,SKU001,77,282131.85,3664.05,0,0,0,2025,8,32,Monsoon,Product 001,Furniture,Chair,2022-04-09,1758.45,3664.05,1905.6,0
2025-08-04,SKU002,60,228341.4,3805.69,0,0,0,2025,8,32,Monsoon,Product 002,Home Decor,Table,2024-05-01,3867.09,3805.69,-61.4,1
2025-08-04,SKU003,38,306972.74,8078.23,0,0,0,2025,8,32,Monsoon,Product 003,Kitchen,Cushion,2023-12-22,589.48,8078.23,7488.75,0
2025-08-04,SKU004,26,178400.82,6861.57,0,0,0,2025,8,32,Monsoon,Product 004,Lighting,Cookware,2023-04-28,1445.74,6861.57,5415.83,0
2025-08-04,SKU005,96,911349.12,9493.22,0,0,0,2025,8,32,Monsoon,Product 005,Storage,Lamp,2023-04-22,5543.63,9493.22,3949.59,0
2025-08-04,SKU006,46,372877.84,8106.04,0,0,0,2025,8,32,Monsoon,Product 006,Furniture,Shelf,2024-08-02,6021.91,8106.04,2084.13,0
2025-08-04,SKU007,145,741543.05,5114.09,0,0,0,2025,8,32,Monsoon,Product 007,Home Decor,Cabinet,2022-04-05,7748.2,5114.09,-2634.11,1
2025-08-04,SKU008,101,994106.64,9842.64,0,0,0,2025,8,32,Monsoon,Product 008,Kitchen,Rug,2024-02-07,2775.15,9842.64,7067.49,0
2025-08-04,SKU009,66,154234.74,2336.89,0,0,0,2025,8,32,Monsoon,Product 009,Lighting,Organizer,2022-08-10,3121.06,2336.89,-784.17,1
2025-08-04,SKU010,95,63028.7,663.46,0,0,0,2025,8,32,Monsoon,Product 010,Storage,Sofa,2022-04-14,3889.06,663.46,-3225.6,1
2025-08-04,SKU011,22,31780.32,1444.56,0,0,0,2025,8,32,Monsoon,Product 011,Furniture,Chair,2023-08-03,1718.4,1444.56,-273.84,1
2025-08-04,SKU012,163,1431037.31,8779.37,0,0,0,2025,8,32,Monsoon,Product 012,Home Decor,Table,2024-12-09,1256.89,8779.37,7522.48,0
2025-08-04,SKU013,82,472137.96,5757.78,0,0,0,2025,8,32,Monsoon,Product 013,Kitchen,Cushion,2024-03-20,3936.71,5757.78,1821.07,0
2025-08-04,SKU014,121,274760.75,2270.75,0,0,0,2025,8,32,Monsoon,Product 014,Lighting,Cookware,2024-04-17,2008.55,2270.75,262.2,0
2025-08-04,SKU015,23,142878.76,6212.12,0,0,0,2025,8,32,Monsoon,Product 015,Storage,Lamp,2024-02-29,5441.06,6212.12,771.06,0
2025-08-04,SKU016,93,201514.26,2166.82,0,0,0,2025,8,32,Monsoon,Product 016,Furniture,Shelf,2024-05-14,3637.93,2166.82,-1471.11,1
2025-08-04,SKU017,76,644276.32,8477.32,0,0,0,2025,8,32,Monsoon,Product 017,Home Decor,Cabinet,2023-07-19,6703.26,8477.32,1774.06,0
2025-08-04,SKU018,139,774981.99,5575.41,0,0,0,2025,8,32,Monsoon,Product 018,Kitchen,Rug,2022-05-21,5677.05,5575.41,-101.64,1
2025-08-04,SKU019,104,501264.4,4819.85,0,0,0,2025,8,32,Monsoon,Product 019,Lighting,Organizer,2024-07-12,2670.84,4819.85,2149.01,0
2025-08-04,SKU020,94,366368.76,3897.54,0,0,0,2025,8,32,Monsoon,Product 020,Storage,Sofa,2023-05-11,6700.01,3897.54,-2802.47,1
2025-08-04,SKU021,60,462676.8,7711.28,0,0,0,2025,8,32,Monsoon,Product 021,Furniture,Chair,2023-07-05,6486.92,7711.28,1224.36,0
2025-08-04,SKU022,64,294209.92,4597.03,0,0,0,2025,8,32,Monsoon,Product 022,Home Decor,Table,2023-02-12,3252.96,4597.03,1344.07,0
2025-08-04,SKU023,107,151591.18,1416.74,0,0,0,2025,8,32,Monsoon,Product 023,Kitchen,Cushion,2022-07-20,2484.54,1416.74,-1067.8,1
2025-08-04,SKU024,84,148585.08,1768.87,0,0,0,2025,8,32,Monsoon,Product 024,Lighting,Cookware,2024-10-16,5539.34,1768.87,-3770.47,1
2025-08-04,SKU025,17,196486.17,11558.01,0,0,0,2025,8,32,Monsoon,Product 025,Storage,Lamp,2024-05-09,1333.08,11558.01,10224.93,0
2025-08-04,SKU026,150,1640931.0,10939.54,0,0,0,2025,8,32,Monsoon,Product 026,Furniture,Shelf,2023-12-10,1799.29,10939.54,9140.25,0
2025-08-04,SKU027,120,1021992.0,8516.6,0,0,0,2025,8,32,Monsoon,Product 027,Home Decor,Cabinet,2023-03-19,307.06,8516.6,8209.54,0
2025-08-04,SKU028,40,139363.6,3484.09,0,0,0,2025,8,32,Monsoon,Product 028,Kitchen,Rug,2024-06-24,6348.66,3484.09,-2864.57,1
2025-08-04,SKU029,93,1082747.85,11642.45,0,0,0,2025,8,32,Monsoon,Product 029,Lighting,Organizer,2023-08-23,5402.59,11642.45,6239.86,0
2025-08-04,SKU030,30,283005.3,9433.51,0,0,0,2025,8,32,Monsoon,Product 030,Storage,Sofa,2023-05-03,5715.03,9433.51,3718.48,0
2025-08-04,SKU031,129,1124354.97,8715.93,0,0,0,2025,8,32,Monsoon,Product 031,Furniture,Chair,2023-05-11,6300.65,8715.93,2415.28,0
2025-08-04,SKU032,51,286242.09,5612.59,0,0,0,2025,8,32,Monsoon,Product 032,Home Decor,Table,2022-09-07,3806.6,5612.59,1805.99,0
2025-08-04,SKU033,110,391380.0,3558.0,0,0,0,2025,8,32,Monsoon,Product 033,Kitchen,Cushion,2022-04-12,4657.74,3558.0,-1099.74,1
2025-08-04,SKU034,111,168513.54,1518.14,0,0,0,2025,8,32,Monsoon,Product 034,Lighting,Cookware,2023-09-03,1333.43,1518.14,184.71,0
2025-08-04,SKU035,134,1456605.46,10870.19,0,0,0,2025,8,32,Monsoon,Product 035,Storage,Lamp,2024-09-03,1137.61,10870.19,9732.58,0
2025-08-04,SKU036,26,147862.0,5687.0,0,0,0,2025,8,32,Monsoon,Product 036,Furniture,Shelf,2022-03-12,5430.12,5687.0,256.88,0
2025-08-04,SKU037,162,445082.04,2747.42,0,0,0,2025,8,32,Monsoon,Product 037,Home Decor,Cabinet,2024-08-02,3901.0,2747.42,-1153.58,1
2025-08-04,SKU038,42,165862.2,3949.1,0,0,0,2025,8,32,Monsoon,Product 038,Kitchen,Rug,2024-06-29,4630.58,3949.1,-681.48,1
2025-08-04,SKU039,23,163735.85,7118.95,0,0,0,2025,8,32,Monsoon,Product 039,Lighting,Organizer,2022-11-01,6178.74,7118.95,940.21,0
2025-08-04,SKU040,90,220550.4,2450.56,0,0,0,2025,8,32,Monsoon,Product 040,Storage,Sofa,2023-11-26,5169.07,2450.56,-2718.51,1
2025-08-04,SKU041,72,744244.56,10336.73,0,0,0,2025,8,32,Monsoon,Product 041,Furniture,Chair,2022-07-01,4540.24,10336.73,5796.49,0
2025-08-04,SKU042,141,1297035.03,9198.83,0,0,0,2025,8,32,Monsoon,Product 042,Home Decor,Table,2024-04-13,4583.86,9198.83,4614.97,0
2025-08-04,SKU043,156,1364340.12,8745.77,0,0,0,2025,8,32,Monsoon,Product 043,Kitchen,Cushion,2024-02-10,2605.61,8745.77,6140.16,0
2025-08-04,SKU044,66,357210.48,5412.28,0,0,0,2025,8,32,Monsoon,Product 044,Lighting,Cookware,2023-01-25,488.84,5412.28,4923.44,0
2025-08-04,SKU045,151,1159193.78,7676.78,0,0,0,2025,8,32,Monsoon,Product 045,Storage,Lamp,2022-03-16,3634.56,7676.78,4042.22,0
2025-08-04,SKU046,69,495112.26,7175.54,0,0,0,2025,8,32,Monsoon,Product 046,Furniture,Shelf,2024-12-03,1913.03,7175.54,5262.51,0
2025-08-04,SKU047,95,754130.9,7938.22,0,0,0,2025,8,32,Monsoon,Product 047,Home Decor,Cabinet,2023-05-06,3416.1,7938.22,4522.12,0
2025-08-04,SKU048,50,68977.5,1379.55,0,0,0,2025,8,32,Monsoon,Product 048,Kitchen,Rug,2024-09-09,6863.87,1379.55,-5484.32,1
2025-08-04,SKU049,159,830515.83,5223.37,0,0,0,2025,8,32,Monsoon,Product 049,Lighting,Organizer,2024-01-16,2063.03,5223.37,3160.34,0
2025-08-04,SKU050,35,30895.2,882.72,0,0,0,2025,8,32,Monsoon,Product 050,Storage,Sofa,2024-05-06,701.85,882.72,180.87,0
2025-08-11,SKU001,90,329764.5,3664.05,0,0,1,2025,8,33,Monsoon,Product 001,Furniture,Chair,2022-04-09,1758.45,3664.05,1905.6,0
2025-08-11,SKU002,70,266398.3,3805.69,0,0,1,2025,8,33,Monsoon,Product 002,Home Decor,Table,2024-05-01,3867.09,3805.69,-61.4,1
2025-08-11,SKU003,39,315050.97,8078.23,0,0,1,2025,8,33,Monsoon,Product 003,Kitchen,Cushion,2023-12-22,589.48,8078.23,7488.75,0
2025-08-11,SKU004,26,178400.82,6861.57,0,0,1,2025,8,33,Monsoon,Product 004,Lighting,Cookware,2023-04-28,1445.74,6861.57,5415.83,0
2025-08-11,SKU005,114,1082227.08,9493.22,0,0,1,2025,8,33,Monsoon,Product 005,Storage,Lamp,2023-04-22,5543.63,9493.22,3949.59,0
2025-08-11,SKU006,38,308029.52,8106.04,0,0,1,2025,8,33,Monsoon,Product 006,Furniture,Shelf,2024-08-02,6021.91,8106.04,2084.13,0
2025-08-11,SKU007,158,808026.22,5114.09,0,0,1,2025,8,33,Monsoon,Product 007,Home Decor,Cabinet,2022-04-05,7748.2,5114.09,-2634.11,1
2025-08-11,SKU008,126,1240172.64,9842.64,0,0,1,2025,8,33,Monsoon,Product 008,Kitchen,Rug,2024-02-07,2775.15,9842.64,7067.49,0
2025-08-11,SKU009,61,142550.29,2336.89,0,0,1,2025,8,33,Monsoon,Product 009,Lighting,Organizer,2022-08-10,3121.06,2336.89,-784.17,1
2025-08-11,SKU010,113,74970.98,663.46,0,0,1,2025,8,33,Monsoon,Product 010,Storage,Sofa,2022-04-14,3889.06,663.46,-3225.6,1
2025-08-11,SKU011,14,20223.84,1444.56,0,0,1,2025,8,33,Monsoon,Product 011,Furniture,Chair,2023-08-03,1718.4,1444.56,-273.84,1
2025-08-11,SKU012,177,1553948.49,8779.37,0,0,1,2025,8,33,Monsoon,Product 012,Home Decor,Table,2024-12-09,1256.89,8779.37,7522.48,0
2025-08-11,SKU013,106,610324.68,5757.78,0,0,1,2025,8,33,Monsoon,Product 013,Kitchen,Cushion,2024-03-20,3936.71,5757.78,1821.07,0
2025-08-11,SKU014,123,279302.25,2270.75,0,0,1,2025,8,33,Monsoon,Product 014,Lighting,Cookware,2024-04-17,2008.55,2270.75,262.2,0
2025-08-11,SKU015,27,167727.24,6212.12,0,0,1,2025,8,33,Monsoon,Product 015,Storage,Lamp,2024-02-29,5441.06,6212.12,771.06,0
2025-08-11,SKU016,85,184179.7,2166.82,0,0,1,2025,8,33,Monsoon,Product 016,Furniture,Shelf,2024-05-14,3637.93,2166.82,-1471.11,1
2025-08-11,SKU017,85,720572.2,8477.32,0,0,1,2025,8,33,Monsoon,Product 017,Home Decor,Cabinet,2023-07-19,6703.26,8477.32,1774.06,0
2025-08-11,SKU018,146,814009.86,5575.41,0,0,1,2025,8,33,Monsoon,Product 018,Kitchen,Rug,2022-05-21,5677.05,5575.41,-101.64,1
2025-08-11,SKU019,106,510904.1,4819.85,0,0,1,2025,8,33,Monsoon,Product 019,Lighting,Organizer,2024-07-12,2670.84,4819.85,2149.01,0
2025-08-11,SKU020,87,339085.98,3897.54,0,0,1,2025,8,33,Monsoon,Product 020,Storage,Sofa,2023-05-11,6700.01,3897.54,-2802.47,1
2025-08-11,SKU021,54,416409.12,7711.28,0,0,1,2025,8,33,Monsoon,Product 021,Furniture,Chair,2023-07-05,6486.92,7711.28,1224.36,0
2025-08-11,SKU022,64,294209.92,4597.03,0,0,1,2025,8,33,Monsoon,Product 022,Home Decor,Table,2023-02-12,3252.96,4597.03,1344.07,0
2025-08-11,SKU023,102,144507.48,1416.74,0,0,1,2025,8,33,Monsoon,Product 023,Kitchen,Cushion,2022-07-20,2484.54,1416.74,-1067.8,1
2025-08-11,SKU024,83,146816.21,1768.87,0,0,1,2025,8,33,Monsoon,Product 024,Lighting,Cookware,2024-10-16,5539.34,1768.87,-3770.47,1
2025-08-11,SKU025,13,150254.13,11558.01,0,0,1,2025,8,33,Monsoon,Product 025,Storage,Lamp,2024-05-09,1333.08,11558.01,10224.93,0
2025-08-11,SKU026,128,1400261.12,10939.54,0,0,1,2025,8,33,Monsoon,Product 026,Furniture,Shelf,2023-12-10,1799.29,10939.54,9140.25,0
2025-08-11,SKU027,146,1243423.6,8516.6,0,0,1,2025,8,33,Monsoon,Product 027,Home Decor,Cabinet,2023-03-19,307.06,8516.6,8209.54,0
2025-08-11,SKU028,31,108006.79,3484.09,0,0,1,2025,8,33,Monsoon,Product 028,Kitchen,Rug,2024-06-24,6348.66,3484.09,-2864.57,1
2025-08-11,SKU029,113,1315596.85,11642.45,0,0,1,2025,8,33,Monsoon,Product 029,Lighting,Organizer,2023-08-23,5402.59,11642.45,6239.86,0
2025-08-11,SKU030,28,264138.28,9433.51,0,0,1,2025,8,33,Monsoon,Product 030,Storage,Sofa,2023-05-03,5715.03,9433.51,3718.48,0
2025-08-11,SKU031,136,1185366.48,8715.93,0,0,1,2025,8,33,Monsoon,Product 031,Furniture,Chair,2023-05-11,6300.65,8715.93,2415.28,0
2025-08-11,SKU032,65,364818.35,5612.59,0,0,1,2025,8,33,Monsoon,Product 032,Home Decor,Table,2022-09-07,3806.6,5612.59,1805.99,0
2025-08-11,SKU033,96,341568.0,3558.0,0,0,1,2025,8,33,Monsoon,Product 033,Kitchen,Cushion,2022-04-12,4657.74,3558.0,-1099.74,1
2025-08-11,SKU034,135,204948.9,1518.14,0,0,1,2025,8,33,Monsoon,Product 034,Lighting,Cookware,2023-09-03,1333.43,1518.14,184.71,0
2025-08-11,SKU035,146,1587047.74,10870.19,0,0,1,2025,8,33,Monsoon,Product 035,Storage,Lamp,2024-09-03,1137.61,10870.19,9732.58,0
2025-08-11,SKU036,22,125114.0,5687.0,0,0,1,2025,8,33,Monsoon,Product 036,Furniture,Shelf,2022-03-12,5430.12,5687.0,256.88,0
2025-08-11,SKU037,146,401123.32,2747.42,0,0,1,2025,8,33,Monsoon,Product 037,Home Decor,Cabinet,2024-08-02,3901.0,2747.42,-1153.58,1
2025-08-11,SKU038,60,236946.0,3949.1,0,0,1,2025,8,33,Monsoon,Product 038,Kitchen,Rug,2024-06-29,4630.58,3949.1,-681.48,1
2025-08-11,SKU039,20,142379.0,7118.95,0,0,1,2025,8,33,Monsoon,Product 039,Lighting,Organizer,2022-11-01,6178.74,7118.95,940.21,0
2025-08-11,SKU040,92,225451.52,2450.56,0,0,1,2025,8,33,Monsoon,Product 040,Storage,Sofa,2023-11-26,5169.07,2450.56,-2718.51,1
2025-08-11,SKU041,81,837275.13,10336.73,0,0,1,2025,8,33,Monsoon,Product 041,Furniture,Chair,2022-07-01,4540.24,10336.73,5796.49,0
2025-08-11,SKU042,142,1306233.86,9198.83,0,0,1,2025,8,33,Monsoon,Product 042,Home Decor,Table,2024-04-13,4583.86,9198.83,4614.97,0
2025-08-11,SKU043,142,1241899.34,8745.77,0,0,1,2025,8,33,Monsoon,Product 043,Kitchen,Cushion,2024-02-10,2605.61,8745.77,6140.16,0
2025-08-11,SKU044,61,330149.08,5412.28,0,0,1,2025,8,33,Monsoon,Product 044,Lighting,Cookware,2023-01-25,488.84,5412.28,4923.44,0
2025-08-11,SKU045,155,1189900.9,7676.78,0,0,1,2025,8,33,Monsoon,Product 045,Storage,Lamp,2022-03-16,3634.56,7676.78,4042.22,0
2025-08-11,SKU046,64,459234.56,7175.54,0,0,1,2025,8,33,Monsoon,Product 046,Furniture,Shelf,2024-12-03,1913.03,7175.54,5262.51,0
2025-08-11,SKU047,101,801760.22,7938.22,0,0,1,2025,8,33,Monsoon,Product 047,Home Decor,Cabinet,2023-05-06,3416.1,7938.22,4522.12,0
2025-08-11,SKU048,35,48284.25,1379.55,0,0,1,2025,8,33,Monsoon,Product 048,Kitchen,Rug,2024-09-09,6863.87,1379.55,-5484.32,1
2025-08-11,SKU049,163,851409.31,5223.37,0,0,1,2025,8,33,Monsoon,Product 049,Lighting,Organizer,2024-01-16,2063.03,5223.37,3160.34,0
2025-08-11,SKU050,43,37956.96,882.72,0,0,1,2025,8,33,Monsoon,Product 050,Storage,Sofa,2024-05-06,701.85,882.72,180.87,0
2025-08-18,SKU001,91,333428.55,3664.05,0,0,0,2025,8,34,Monsoon,Product 001,Furniture,Chair,2022-04-09,1758.45,3664.05,1905.6,0
2025-08-18,SKU002,70,266398.3,3805.69,0,0,0,2025,8,34,Monsoon,Product 002,Home Decor,Table,2024-05-01,3867.09,3805.69,-61.4,1
2025-08-18,SKU003,34,274659.82,8078.23,0,0,0,2025,8,34,Monsoon,Product 003,Kitchen,Cushion,2023-12-22,589.48,8078.23,7488.75,0
2025-08-18,SKU004,18,123508.26,6861.57,0,0,0,2025,8,34,Monsoon,Product 004,Lighting,Cookware,2023-04-28,1445.74,6861.57,5415.83,0
2025-08-18,SKU005,95,901855.9,9493.22,0,0,0,2025,8,34,Monsoon,Product 005,Storage,Lamp,2023-04-22,5543.63,9493.22,3949.59,0
2025-08-18,SKU006,42,340453.68,8106.04,0,0,0,2025,8,34,Monsoon,Product 006,Furniture,Shelf,2024-08-02,6021.91,8106.04,2084.13,0
2025-08-18,SKU007,146,746657.14,5114.09,0,0,0,2025,8,34,Monsoon,Product 007,Home Decor,Cabinet,2022-04-05,7748.2,5114.09,-2634.11,1
2025-08-18,SKU008,89,875994.96,9842.64,0,0,0,2025,8,34,Monsoon,Product 008,Kitchen,Rug,2024-02-07,2775.15,9842.64,7067.49,0
2025-08-18,SKU009,69,161245.41,2336.89,0,0,0,2025,8,34,Monsoon,Product 009,Lighting,Organizer,2022-08-10,3121.06,2336.89,-784.17,1
2025-08-18,SKU010,100,66346.0,663.46,0,0,0,2025,8,34,Monsoon,Product 010,Storage,Sofa,2022-04-14,3889.06,663.46,-3225.6,1
2025-08-18,SKU011,24,34669.44,1444.56,0,0,0,2025,8,34,Monsoon,Product 011,Furniture,Chair,2023-08-03,1718.4,1444.56,-273.84,1
2025-08-18,SKU012,178,1562727.86,8779.37,0,0,0,2025,8,34,Monsoon,Product 012,Home Decor,Table,2024-12-09,1256.89,8779.37,7522.48,0
2025-08-18,SKU013,96,552746.88,5757.78,0,0,0,2025,8,34,Monsoon,Product 013,Kitchen,Cushion,2024-03-20,3936.71,5757.78,1821.07,0
2025-08-18,SKU014,131,297468.25,2270.75,0,0,0,2025,8,34,Monsoon,Product 014,Lighting,Cookware,2024-04-17,2008.55,2270.75,262.2,0
2025-08-18,SKU015,26,161515.12,6212.12,0,0,0,2025,8,34,Monsoon,Product 015,Storage,Lamp,2024-02-29,5441.06,6212.12,771.06,0
2025-08-18,SKU016,90,195013.8,2166.82,0,0,0,2025,8,34,Monsoon,Product 016,Furniture,Shelf,2024-05-14,3637.93,2166.82,-1471.11,1
2025-08-18,SKU017,85,720572.2,8477.32,0,0,0,2025,8,34,Monsoon,Product 017,Home Decor,Cabinet,2023-07-19,6703.26,8477.32,1774.06,0
2025-08-18,SKU018,151,841886.91,5575.41,0,0,0,2025,8,34,Monsoon,Product 018,Kitchen,Rug,2022-05-21,5677.05,5575.41,-101.64,1
2025-08-18,SKU019,109,525363.65,4819.85,0,0,0,2025,8,34,Monsoon,Product 019,Lighting,Organizer,2024-07-12,2670.84,4819.85,2149.01,0
2025-08-18,SKU020,99,385856.46,3897.54,0,0,0,2025,8,34,Monsoon,Product 020,Storage,Sofa,2023-05-11,6700.01,3897.54,-2802.47,1
2025-08-18,SKU021,60,462676.8,7711.28,0,0,0,2025,8,34,Monsoon,Product 021,Furniture,Chair,2023-07-05,6486.92,7711.28,1224.36,0
2025-08-18,SKU022,69,317195.07,4597.03,0,0,0,2025,8,34,Monsoon,Product 022,Home Decor,Table,2023-02-12,3252.96,4597.03,1344.07,0
2025-08-18,SKU023,95,134590.3,1416.74,0,0,0,2025,8,34,Monsoon,Product 023,Kitchen,Cushion,2022-07-20,2484.54,1416.74,-1067.8,1
2025-08-18,SKU024,69,122052.03,1768.87,0,0,0,2025,8,34,Monsoon,Product 024,Lighting,Cookware,2024-10-16,5539.34,1768.87,-3770.47,1
2025-08-18,SKU025,18,208044.18,11558.01,0,0,0,2025,8,34,Monsoon,Product 025,Storage,Lamp,2024-05-09,1333.08,11558.01,10224.93,0
2025-08-18,SKU026,123,1345563.42,10939.54,0,0,0,2025,8,34,Monsoon,Product 026,Furniture,Shelf,2023-12-10,1799.29,10939.54,9140.25,0
2025-08-18,SKU027,145,1234907.0,8516.6,0,0,0,2025,8,34,Monsoon,Product 027,Home Decor,Cabinet,2023-03-19,307.06,8516.6,8209.54,0
2025-08-18,SKU028,27,94070.43,3484.09,0,0,0,2025,8,34,Monsoon,Product 028,Kitchen,Rug,2024-06-24,6348.66,3484.09,-2864.57,1
2025-08-18,SKU029,114,1327239.3,11642.45,0,0,0,2025,8,34,Monsoon,Product 029,Lighting,Organizer,2023-08-23,5402.59,11642.45,6239.86,0
2025-08-18,SKU030,36,339606.36,9433.51,0,0,0,2025,8,34,Monsoon,Product 030,Storage,Sofa,2023-05-03,5715.03,9433.51,3718.48,0
2025-08-18,SKU031,111,967468.23,8715.93,0,0,0,2025,8,34,Monsoon,Product 031,Furniture,Chair,2023-05-11,6300.65,8715.93,2415.28,0
2025-08-18,SKU032,51,286242.09,5612.59,0,0,0,2025,8,34,Monsoon,Product 032,Home Decor,Table,2022-09-07,3806.6,5612.59,1805.99,0
2025-08-18,SKU033,113,402054.0,3558.0,0,0,0,2025,8,34,Monsoon,Product 033,Kitchen,Cushion,2022-04-12,4657.74,3558.0,-1099.74,1
2025-08-18,SKU034,103,156368.42,1518.14,0,0,0,2025,8,34,Monsoon,Product 034,Lighting,Cookware,2023-09-03,1333.43,1518.14,184.71,0
2025-08-18,SKU035,117,1271812.23,10870.19,0,0,0,2025,8,34,Monsoon,Product 035,Storage,Lamp,2024-09-03,1137.61,10870.19,9732.58,0
2025-08-18,SKU036,27,153549.0,5687.0,0,0,0,2025,8,34,Monsoon,Product 036,Furniture,Shelf,2022-03-12,5430.12,5687.0,256.88,0
2025-08-18,SKU037,170,467061.4,2747.42,0,0,0,2025,8,34,Monsoon,Product 037,Home Decor,Cabinet,2024-08-02,3901.0,2747.42,-1153.58,1
2025-08-18,SKU038,47,185607.7,3949.1,0,0,0,2025,8,34,Monsoon,Product 038,Kitchen,Rug,2024-06-29,4630.58,3949.1,-681.48,1
2025-08-18,SKU039,18,128141.1,7118.95,0,0,0,2025,8,34,Monsoon,Product 039,Lighting,Organizer,2022-11-01,6178.74,7118.95,940.21,0
2025-08-18,SKU040,110,269561.6,2450.56,0,0,0,2025,8,34,Monsoon,Product 040,Storage,Sofa,2023-11-26,5169.07,2450.56,-2718.51,1
2025-08-18,SKU041,66,682224.18,10336.73,0,0,0,2025,8,34,Monsoon,Product 041,Furniture,Chair,2022-07-01,4540.24,10336.73,5796.49,0
2025-08-18,SKU042,154,1416619.82,9198.83,0,0,0,2025,8,34,Monsoon,Product 042,Home Decor,Table,2024-04-13,4583.86,9198.83,4614.97,0
2025-08-18,SKU043,130,1136950.1,8745.77,0,0,0,2025,8,34,Monsoon,Product 043,Kitchen,Cushion,2024-02-10,2605.61,8745.77,6140.16,0
2025-08-18,SKU044,70,378859.6,5412.28,0,0,0,2025,8,34,Monsoon,Product 044,Lighting,Cookware,2023-01-25,488.84,5412.28,4923.44,0
2025-08-18,SKU045,159,1220608.02,7676.78,0,0,0,2025,8,34,Monsoon,Product 045,Storage,Lamp,2022-03-16,3634.56,7676.78,4042.22,0
2025-08-18,SKU046,54,387479.16,7175.54,0,0,0,2025,8,34,Monsoon,Product 046,Furniture,Shelf,2024-12-03,1913.03,7175.54,5262.51,0
2025-08-18,SKU047,86,682686.92,7938.22,0,0,0,2025,8,34,Monsoon,Product 047,Home Decor,Cabinet,2023-05-06,3416.1,7938.22,4522.12,0
2025-08-18,SKU048,45,62079.75,1379.55,0,0,0,2025,8,34,Monsoon,Product 048,Kitchen,Rug,2024-09-09,6863.87,1379.55,-5484.32,1
2025-08-18,SKU049,145,757388.65,5223.37,0,0,0,2025,8,34,Monsoon,Product 049,Lighting,Organizer,2024-01-16,2063.03,5223.37,3160.34,0
2025-08-18,SKU050,35,30895.2,882.72,0,0,0,2025,8,34,Monsoon,Product 050,Storage,Sofa,2024-05-06,701.85,882.72,180.87,0
2025-08-25,SKU001,97,355412.85,3664.05,0,0,0,2025,8,35,Monsoon,Product 001,Furniture,Chair,2022-04-09,1758.45,3664.05,1905.6,0
2025-08-25,SKU002,79,300649.51,3805.69,0,0,0,2025,8,35,Monsoon,Product 002,Home Decor,Table,2024-05-01,3867.09,3805.69,-61.4,1
2025-08-25,SKU003,27,218112.21,8078.23,0,0,0,2025,8,35,Monsoon,Product 003,Kitchen,Cushion,2023-12-22,589.48,8078.23,7488.75,0
2025-08-25,SKU004,36,247016.52,6861.57,0,0,0,2025,8,35,Monsoon,Product 004,Lighting,Cookware,2023-04-28,1445.74,6861.57,5415.83,0
2025-08-25,SKU005,96,911349.12,9493.22,0,0,0,2025,8,35,Monsoon,Product 005,Storage,Lamp,2023-04-22,5543.63,9493.22,3949.59,0
2025-08-25,SKU006,36,291817.44,8106.04,0,0,0,2025,8,35,Monsoon,Product 006,Furniture,Shelf,2024-08-02,6021.91,8106.04,2084.13,0
2025-08-25,SKU007,170,869395.3,5114.09,0,0,0,2025,8,35,Monsoon,Product 007,Home Decor,Cabinet,2022-04-05,7748.2,5114.09,-2634.11,1
2025-08-25,SKU008,101,994106.64,9842.64,0,0,0,2025,8,35,Monsoon,Product 008,Kitchen,Rug,2024-02-07,2775.15,9842.64,7067.49,0
2025-08-25,SKU009,62,144887.18,2336.89,0,0,0,2025,8,35,Monsoon,Product 009,Lighting,Organizer,2022-08-10,3121.06,2336.89,-784.17,1
2025-08-25,SKU010,114,75634.44,663.46,0,0,0,2025,8,35,Monsoon,Product 010,Storage,Sofa,2022-04-14,3889.06,663.46,-3225.6,1
2025-08-25,SKU011,11,15890.16,1444.56,0,0,0,2025,8,35,Monsoon,Product 011,Furniture,Chair,2023-08-03,1718.4,1444.56,-273.84,1
2025-08-25,SKU012,171,1501272.27,8779.37,0,0,0,2025,8,35,Monsoon,Product 012,Home Decor,Table,2024-12-09,1256.89,8779.37,7522.48,0
2025-08-25,SKU013,84,483653.52,5757.78,0,0,0,2025,8,35,Monsoon,Product 013,Kitchen,Cushion,2024-03-20,3936.71,5757.78,1821.07,0
2025-08-25,SKU014,157,356507.75,2270.75,0,0,0,2025,8,35,Monsoon,Product 014,Lighting,Cookware,2024-04-17,2008.55,2270.75,262.2,0
2025-08-25,SKU015,28,173939.36,6212.12,0,0,0,2025,8,35,Monsoon,Product 015,Storage,Lamp,2024-02-29,5441.06,6212.12,771.06,0
2025-08-25,SKU016,85,184179.7,2166.82,0,0,0,2025,8,35,Monsoon,Product 016,Furniture,Shelf,2024-05-14,3637.93,2166.82,-1471.11,1
2025-08-25,SKU017,78,661230.96,8477.32,0,0,0,2025,8,35,Monsoon,Product 017,Home Decor,Cabinet,2023-07-19,6703.26,8477.32,1774.06,0
2025-08-25,SKU018,161,897641.01,5575.41,0,0,0,2025,8,35,Monsoon,Product 018,Kitchen,Rug,2022-05-21,5677.05,5575.41,-101.64,1
2025-08-25,SKU019,93,448246.05,4819.85,0,0,0,2025,8,35,Monsoon,Product 019,Lighting,Organizer,2024-07-12,2670.84,4819.85,2149.01,0
2025-08-25,SKU020,74,288417.96,3897.54,0,0,0,2025,8,35,Monsoon,Product 020,Storage,Sofa,2023-05-11,6700.01,3897.54,-2802.47,1
2025-08-25,SKU021,43,331585.04,7711.28,0,0,0,2025,8,35,Monsoon,Product 021,Furniture,Chair,2023-07-05,6486.92,7711.28,1224.36,0
2025-08-25,SKU022,49,225254.47,4597.03,0,0,0,2025,8,35,Monsoon,Product 022,Home Decor,Table,2023-02-12,3252.96,4597.03,1344.07,0
2025-08-25,SKU023,82,116172.68,1416.74,0,0,0,2025,8,35,Monsoon,Product 023,Kitchen,Cushion,2022-07-20,2484.54,1416.74,-1067.8,1
2025-08-25,SKU024,93,164504.91,1768.87,0,0,0,2025,8,35,Monsoon,Product 024,Lighting,Cookware,2024-10-16,5539.34,1768.87,-3770.47,1
2025-08-25,SKU025,22,254276.22,11558.01,0,0,0,2025,8,35,Monsoon,Product 025,Storage,Lamp,2024-05-09,1333.08,11558.01,10224.93,0
2025-08-25,SKU026,129,1411200.66,10939.54,0,0,0,2025,8,35,Monsoon,Product 026,Furniture,Shelf,2023-12-10,1799.29,10939.54,9140.25,0
2025-08-25,SKU027,138,1175290.8,8516.6,0,0,0,2025,8,35,Monsoon,Product 027,Home Decor,Cabinet,2023-03-19,307.06,8516.6,8209.54,0
2025-08-25,SKU028,45,156784.05,3484.09,0,0,0,2025,8,35,Monsoon,Product 028,Kitchen,Rug,2024-06-24,6348.66,3484.09,-2864.57,1
2025-08-25,SKU029,103,1199172.35,11642.45,0,0,0,2025,8,35,Monsoon,Product 029,Lighting,Organizer,2023-08-23,5402.59,11642.45,6239.86,0
2025-08-25,SKU030,32,301872.32,9433.51,0,0,0,2025,8,35,Monsoon,Product 030,Storage,Sofa,2023-05-03,5715.03,9433.51,3718.48,0
2025-08-25,SKU031,123,1072059.39,8715.93,0,0,0,2025,8,35,Monsoon,Product 031,Furniture,Chair,2023-05-11,6300.65,8715.93,2415.28,0
2025-08-25,SKU032,55,308692.45,5612.59,0,0,0,2025,8,35,Monsoon,Product 032,Home Decor,Table,2022-09-07,3806.6,5612.59,1805.99,0
2025-08-25,SKU033,115,409170.0,3558.0,0,0,0,2025,8,35,Monsoon,Product 033,Kitchen,Cushion,2022-04-12,4657.74,3558.0,-1099.74,1
2025-08-25,SKU034,138,209503.32,1518.14,0,0,0,2025,8,35,Monsoon,Product 034,Lighting,Cookware,2023-09-03,1333.43,1518.14,184.71,0
2025-08-25,SKU035,132,1434865.08,10870.19,0,0,0,2025,8,35,Monsoon,Product 035,Storage,Lamp,2024-09-03,1137.61,10870.19,9732.58,0
2025-08-25,SKU036,43,244541.0,5687.0,0,0,0,2025,8,35,Monsoon,Product 036,Furniture,Shelf,2022-03-12,5430.12,5687.0,256.88,0
2025-08-25,SKU037,171,469808.82,2747.42,0,0,0,2025,8,35,Monsoon,Product 037,Home Decor,Cabinet,2024-08-02,3901.0,2747.42,-1153.58,1
2025-08-25,SKU038,49,193505.9,3949.1,0,0,0,2025,8,35,Monsoon,Product 038,Kitchen,Rug,2024-06-29,4630.58,3949.1,-681.48,1
2025-08-25,SKU039,13,92546.35,7118.95,0,0,0,2025,8,35,Monsoon,Product 039,Lighting,Organizer,2022-11-01,6178.74,7118.95,940.21,0
2025-08-25,SKU040,99,242605.44,2450.56,0,0,0,2025,8,35,Monsoon,Product 040,Storage,Sofa,2023-11-26,5169.07,2450.56,-2718.51,1
2025-08-25,SKU041,80,826938.4,10336.73,0,0,0,2025,8,35,Monsoon,Product 041,Furniture,Chair,2022-07-01,4540.24,10336.73,5796.49,0
2025-08-25,SKU042,162,1490210.46,9198.83,0,0,0,2025,8,35,Monsoon,Product 042,Home Decor,Table,2024-04-13,4583.86,9198.83,4614.97,0
2025-08-25,SKU043,139,1215662.03,8745.77,0,0,0,2025,8,35,Monsoon,Product 043,Kitchen,Cushion,2024-02-10,2605.61,8745.77,6140.16,0
2025-08-25,SKU044,51,276026.28,5412.28,0,0,0,2025,8,35,Monsoon,Product 044,Lighting,Cookware,2023-01-25,488.84,5412.28,4923.44,0
2025-08-25,SKU045,138,1059395.64,7676.78,0,0,0,2025,8,35,Monsoon,Product 045,Storage,Lamp,2022-03-16,3634.56,7676.78,4042.22,0
2025-08-25,SKU046,58,416181.32,7175.54,0,0,0,2025,8,35,Monsoon,Product 046,Furniture,Shelf,2024-12-03,1913.03,7175.54,5262.51,0
2025-08-25,SKU047,92,730316.24,7938.22,0,0,0,2025,8,35,Monsoon,Product 047,Home Decor,Cabinet,2023-05-06,3416.1,7938.22,4522.12,0
2025-08-25,SKU048,60,82773.0,1379.55,0,0,0,2025,8,35,Monsoon,Product 048,Kitchen,Rug,2024-09-09,6863.87,1379.55,-5484.32,1
2025-08-25,SKU049,159,830515.83,5223.37,0,0,0,2025,8,35,Monsoon,Product 049,Lighting,Organizer,2024-01-16,2063.03,5223.37,3160.34,0
2025-08-25,SKU050,34,30012.48,882.72,0,0,0,2025,8,35,Monsoon,Product 050,Storage,Sofa,2024-05-06,701.85,882.72,180.87,0
2025-09-01,SKU001,88,322436.4,3664.05,2,2,0,2025,9,36,Monsoon,Product 001,Furniture,Chair,2022-04-09,1758.45,3664.05,1905.6,0
2025-09-01,SKU002,62,235952.78,3805.69,2,2,0,2025,9,36,Monsoon,Product 002,Home Decor,Table,2024-05-01,3867.09,3805.69,-61.4,1
2025-09-01,SKU003,34,274659.82,8078.23,2,2,0,2025,9,36,Monsoon,Product 003,Kitchen,Cushion,2023-12-22,589.48,8078.23,7488.75,0
2025-09-01,SKU004,38,260739.66,6861.57,2,2,0,2025,9,36,Monsoon,Product 004,Lighting,Cookware,2023-04-28,1445.74,6861.57,5415.83,0
2025-09-01,SKU005,95,901855.9,9493.22,2,2,0,2025,9,36,Monsoon,Product 005,Storage,Lamp,2023-04-22,5543.63,9493.22,3949.59,0
2025-09-01,SKU006,43,348559.72,8106.04,2,2,0,2025,9,36,Monsoon,Product 006,Furniture,Shelf,2024-08-02,6021.91,8106.04,2084.13,0
2025-09-01,SKU007,152,777341.68,5114.09,2,2,0,2025,9,36,Monsoon,Product 007,Home Decor,Cabinet,2022-04-05,7748.2,5114.09,-2634.11,1
2025-09-01,SKU008,92,905522.88,9842.64,2,2,0,2025,9,36,Monsoon,Product 008,Kitchen,Rug,2024-02-07,2775.15,9842.64,7067.49,0
2025-09-01,SKU009,71,165919.19,2336.89,2,2,0,2025,9,36,Monsoon,Product 009,Lighting,Organizer,2022-08-10,3121.06,2336.89,-784.17,1
2025-09-01,SKU010,104,68999.84,663.46,2,2,0,2025,9,36,Monsoon,Product 010,Storage,Sofa,2022-04-14,3889.06,663.46,-3225.6,1
2025-09-01,SKU011,16,23112.96,1444.56,2,2,0,2025,9,36,Monsoon,Product 011,Furniture,Chair,2023-08-03,1718.4,1444.56,-273.84,1
2025-09-01,SKU012,180,1580286.6,8779.37,2,2,0,2025,9,36,Monsoon,Product 012,Home Decor,Table,2024-12-09,1256.89,8779.37,7522.48,0
2025-09-01,SKU013,99,570020.22,5757.78,2,2,0,2025,9,36,Monsoon,Product 013,Kitchen,Cushion,2024-03-20,3936.71,5757.78,1821.07,0
2025-09-01,SKU014,127,288385.25,2270.75,2,2,0,2025,9,36,Monsoon,Product 014,Lighting,Cookware,2024-04-17,2008.55,2270.75,262.2,0
2025-09-01,SKU015,28,173939.36,6212.12,2,2,0,2025,9,36,Monsoon,Product 015,Storage,Lamp,2024-02-29,5441.06,6212.12,771.06,0
2025-09-01,SKU016,66,143010.12,2166.82,2,2,0,2025,9,36,Monsoon,Product 016,Furniture,Shelf,2024-05-14,3637.93,2166.82,-1471.11,1
2025-09-01,SKU017,71,601889.72,8477.32,2,2,0,2025,9,36,Monsoon,Product 017,Home Decor,Cabinet,2023-07-19,6703.26,8477.32,1774.06,0
2025-09-01,SKU018,150,836311.5,5575.41,2,2,0,2025,9,36,Monsoon,Product 018,Kitchen,Rug,2022-05-21,5677.05,5575.41,-101.64,1
2025-09-01,SKU019,103,496444.55,4819.85,2,2,0,2025,9,36,Monsoon,Product 019,Lighting,Organizer,2024-07-12,2670.84,4819.85,2149.01,0
2025-09-01,SKU020,97,378061.38,3897.54,2,2,0,2025,9,36,Monsoon,Product 020,Storage,Sofa,2023-05-11,6700.01,3897.54,-2802.47,1
2025-09-01,SKU021,47,362430.16,7711.28,2,2,0,2025,9,36,Monsoon,Product 021,Furniture,Chair,2023-07-05,6486.92,7711.28,1224.36,0
2025-09-01,SKU022,55,252836.65,4597.03,2,2,0,2025,9,36,Monsoon,Product 022,Home Decor,Table,2023-02-12,3252.96,4597.03,1344.07,0
2025-09-01,SKU023,76,107672.24,1416.74,2,2,0,2025,9,36,Monsoon,Product 023,Kitchen,Cushion,2022-07-20,2484.54,1416.74,-1067.8,1
2025-09-01,SKU024,104,183962.48,1768.87,2,2,0,2025,9,36,Monsoon,Product 024,Lighting,Cookware,2024-10-16,5539.34,1768.87,-3770.47,1
2025-09-01,SKU025,17,196486.17,11558.01,2,2,0,2025,9,36,Monsoon,Product 025,Storage,Lamp,2024-05-09,1333.08,11558.01,10224.93,0
2025-09-01,SKU026,153,1673749.62,10939.54,2,2,0,2025,9,36,Monsoon,Product 026,Furniture,Shelf,2023-12-10,1799.29,10939.54,9140.25,0
2025-09-01,SKU027,167,1422272.2,8516.6,2,2,0,2025,9,36,Monsoon,Product 027,Home Decor,Cabinet,2023-03-19,307.06,8516.6,8209.54,0
2025-09-01,SKU028,35,121943.15,3484.09,2,2,0,2025,9,36,Monsoon,Product 028,Kitchen,Rug,2024-06-24,6348.66,3484.09,-2864.57,1
2025-09-01,SKU029,90,1047820.5,11642.45,2,2,0,2025,9,36,Monsoon,Product 029,Lighting,Organizer,2023-08-23,5402.59,11642.45,6239.86,0
2025-09-01,SKU030,26,245271.26,9433.51,2,2,0,2025,9,36,Monsoon,Product 030,Storage,Sofa,2023-05-03,5715.03,9433.51,3718.48,0
2025-09-01,SKU031,118,1028479.74,8715.93,2,2,0,2025,9,36,Monsoon,Product 031,Furniture,Chair,2023-05-11,6300.65,8715.93,2415.28,0
2025-09-01,SKU032,48,269404.32,5612.59,2,2,0,2025,9,36,Monsoon,Product 032,Home Decor,Table,2022-09-07,3806.6,5612.59,1805.99,0
2025-09-01,SKU033,97,345126.0,3558.0,2,2,0,2025,9,36,Monsoon,Product 033,Kitchen,Cushion,2022-04-12,4657.74,3558.0,-1099.74,1
2025-09-01,SKU034,150,227721.0,1518.14,2,2,0,2025,9,36,Monsoon,Product 034,Lighting,Cookware,2023-09-03,1333.43,1518.14,184.71,0
2025-09-01,SKU035,147,1597917.93,10870.19,2,2,0,2025,9,36,Monsoon,Product 035,Storage,Lamp,2024-09-03,1137.61,10870.19,9732.58,0
2025-09-01,SKU036,28,159236.0,5687.0,2,2,0,2025,9,36,Monsoon,Product 036,Furniture,Shelf,2022-03-12,5430.12,5687.0,256.88,0
2025-09-01,SKU037,133,365406.86,2747.42,2,2,0,2025,9,36,Monsoon,Product 037,Home Decor,Cabinet,2024-08-02,3901.0,2747.42,-1153.58,1
2025-09-01,SKU038,48,189556.8,3949.1,2,2,0,2025,9,36,Monsoon,Product 038,Kitchen,Rug,2024-06-29,4630.58,3949.1,-681.48,1
2025-09-01,SKU039,17,121022.15,7118.95,2,2,0,2025,9,36,Monsoon,Product 039,Lighting,Organizer,2022-11-01,6178.74,7118.95,940.21,0
2025-09-01,SKU040,105,257308.8,2450.56,2,2,0,2025,9,36,Monsoon,Product 040,Storage,Sofa,2023-11-26,5169.07,2450.56,-2718.51,1
2025-09-01,SKU041,72,744244.56,10336.73,2,2,0,2025,9,36,Monsoon,Product 041,Furniture,Chair,2022-07-01,4540.24,10336.73,5796.49,0
2025-09-01,SKU042,146,1343029.18,9198.83,2,2,0,2025,9,36,Monsoon,Product 042,Home Decor,Table,2024-04-13,4583.86,9198.83,4614.97,0
2025-09-01,SKU043,133,1163187.41,8745.77,2,2,0,2025,9,36,Monsoon,Product 043,Kitchen,Cushion,2024-02-10,2605.61,8745.77,6140.16,0
2025-09-01,SKU044,56,303087.68,5412.28,2,2,0,2025,9,36,Monsoon,Product 044,Lighting,Cookware,2023-01-25,488.84,5412.28,4923.44,0
2025-09-01,SKU045,163,1251315.14,7676.78,2,2,0,2025,9,36,Monsoon,Product 045,Storage,Lamp,2022-03-16,3634.56,7676.78,4042.22,0
2025-09-01,SKU046,53,380303.62,7175.54,2,2,0,2025,9,36,Monsoon,Product 046,Furniture,Shelf,2024-12-03,1913.03,7175.54,5262.51,0
2025-09-01,SKU047,103,817636.66,7938.22,2,2,0,2025,9,36,Monsoon,Product 047,Home Decor,Cabinet,2023-05-06,3416.1,7938.22,4522.12,0
2025-09-01,SKU048,57,78634.35,1379.55,2,2,0,2025,9,36,Monsoon,Product 048,Kitchen,Rug,2024-09-09,6863.87,1379.55,-5484.32,1
2025-09-01,SKU049,152,793952.24,5223.37,2,2,0,2025,9,36,Monsoon,Product 049,Lighting,Organizer,2024-01-16,2063.03,5223.37,3160.34,0
2025-09-01,SKU050,29,25598.88,882.72,2,2,0,2025,9,36,Monsoon,Product 050,Storage,Sofa,2024-05-06,701.85,882.72,180.87,0
2025-09-08,SKU001,93,340756.65,3664.05,2,2,0,2025,9,37,Monsoon,Product 001,Furniture,Chair,2022-04-09,1758.45,3664.05,1905.6,0
2025-09-08,SKU002,65,247369.85,3805.69,2,2,0,2025,9,37,Monsoon,Product 002,Home Decor,Table,2024-05-01,3867.09,3805.69,-61.4,1
2025-09-08,SKU003,42,339285.66,8078.23,2,2,0,2025,9,37,Monsoon,Product 003,Kitchen,Cushion,2023-12-22,589.48,8078.23,7488.75,0
2025-09-08,SKU004,29,198985.53,6861.57,2,2,0,2025,9,37,Monsoon,Product 004,Lighting,Cookware,2023-04-28,1445.74,6861.57,5415.83,0
2025-09-08,SKU005,96,911349.12,9493.22,2,2,0,2025,9,37,Monsoon,Product 005,Storage,Lamp,2023-04-22,5543.63,9493.22,3949.59,0
2025-09-08,SKU006,40,324241.6,8106.04,2,2,0,2025,9,37,Monsoon,Product 006,Furniture,Shelf,2024-08-02,6021.91,8106.04,2084.13,0
2025-09-08,SKU007,153,782455.77,5114.09,2,2,0,2025,9,37,Monsoon,Product 007,Home Decor,Cabinet,2022-04-05,7748.2,5114.09,-2634.11,1
2025-09-08,SKU008,90,885837.6,9842.64,2,2,0,2025,9,37,Monsoon,Product 008,Kitchen,Rug,2024-02-07,2775.15,9842.64,7067.49,0
2025-09-08,SKU009,87,203309.43,2336.89,2,2,0,2025,9,37,Monsoon,Product 009,Lighting,Organizer,2022-08-10,3121.06,2336.89,-784.17,1
2025-09-08,SKU010,92,61038.32,663.46,2,2,0,2025,9,37,Monsoon,Product 010,Storage,Sofa,2022-04-14,3889.06,663.46,-3225.6,1
2025-09-08,SKU011,16,23112.96,1444.56,2,2,0,2025,9,37,Monsoon,Product 011,Furniture,Chair,2023-08-03,1718.4,1444.56,-273.84,1
2025-09-08,SKU012,160,1404699.2,8779.37,2,2,0,2025,9,37,Monsoon,Product 012,Home Decor,Table,2024-12-09,1256.89,8779.37,7522.48,0
2025-09-08,SKU013,105,604566.9,5757.78,2,2,0,2025,9,37,Monsoon,Product 013,Kitchen,Cushion,2024-03-20,3936.71,5757.78,1821.07,0
2025-09-08,SKU014,151,342883.25,2270.75,2,2,0,2025,9,37,Monsoon,Product 014,Lighting,Cookware,2024-04-17,2008.55,2270.75,262.2,0
2025-09-08,SKU015,24,149090.88,6212.12,2,2,0,2025,9,37,Monsoon,Product 015,Storage,Lamp,2024-02-29,5441.06,6212.12,771.06,0
2025-09-08,SKU016,78,169011.96,2166.82,2,2,0,2025,9,37,Monsoon,Product 016,Furniture,Shelf,2024-05-14,3637.93,2166.82,-1471.11,1
2025-09-08,SKU017,77,652753.64,8477.32,2,2,0,2025,9,37,Monsoon,Product 017,Home Decor,Cabinet,2023-07-19,6703.26,8477.32,1774.06,0
2025-09-08,SKU018,155,864188.55,5575.41,2,2,0,2025,9,37,Monsoon,Product 018,Kitchen,Rug,2022-05-21,5677.05,5575.41,-101.64,1
2025-09-08,SKU019,76,366308.6,4819.85,2,2,0,2025,9,37,Monsoon,Product 019,Lighting,Organizer,2024-07-12,2670.84,4819.85,2149.01,0
2025-09-08,SKU020,91,354676.14,3897.54,2,2,0,2025,9,37,Monsoon,Product 020,Storage,Sofa,2023-05-11,6700.01,3897.54,-2802.47,1
2025-09-08,SKU021,55,424120.4,7711.28,2,2,0,2025,9,37,Monsoon,Product 021,Furniture,Chair,2023-07-05,6486.92,7711.28,1224.36,0
2025-09-08,SKU022,67,308001.01,4597.03,2,2,0,2025,9,37,Monsoon,Product 022,Home Decor,Table,2023-02-12,3252.96,4597.03,1344.07,0
2025-09-08,SKU023,53,75087.22,1416.74,2,2,0,2025,9,37,Monsoon,Product 023,Kitchen,Cushion,2022-07-20,2484.54,1416.74,-1067.8,1
2025-09-08,SKU024,79,139740.73,1768.87,2,2,0,2025,9,37,Monsoon,Product 024,Lighting,Cookware,2024-10-16,5539.34,1768.87,-3770.47,1
2025-09-08,SKU025,16,184928.16,11558.01,2,2,0,2025,9,37,Monsoon,Product 025,Storage,Lamp,2024-05-09,1333.08,11558.01,10224.93,0
2025-09-08,SKU026,124,1356502.96,10939.54,2,2,0,2025,9,37,Monsoon,Product 026,Furniture,Shelf,2023-12-10,1799.29,10939.54,9140.25,0
2025-09-08,SKU027,143,1217873.8,8516.6,2,2,0,2025,9,37,Monsoon,Product 027,Home Decor,Cabinet,2023-03-19,307.06,8516.6,8209.54,0
2025-09-08,SKU028,36,125427.24,3484.09,2,2,0,2025,9,37,Monsoon,Product 028,Kitchen,Rug,2024-06-24,6348.66,3484.09,-2864.57,1
2025-09-08,SKU029,89,1036178.05,11642.45,2,2,0,2025,9,37,Monsoon,Product 029,Lighting,Organizer,2023-08-23,5402.59,11642.45,6239.86,0
2025-09-08,SKU030,34,320739.34,9433.51,2,2,0,2025,9,37,Monsoon,Product 030,Storage,Sofa,2023-05-03,5715.03,9433.51,3718.48,0
2025-09-08,SKU031,125,1089491.25,8715.93,2,2,0,2025,9,37,Monsoon,Product 031,Furniture,Chair,2023-05-11,6300.65,8715.93,2415.28,0
2025-09-08,SKU032,76,426556.84,5612.59,2,2,0,2025,9,37,Monsoon,Product 032,Home Decor,Table,2022-09-07,3806.6,5612.59,1805.99,0
2025-09-08,SKU033,126,448308.0,3558.0,2,2,0,2025,9,37,Monsoon,Product 033,Kitchen,Cushion,2022-04-12,4657.74,3558.0,-1099.74,1
2025-09-08,SKU034,115,174586.1,1518.14,2,2,0,2025,9,37,Monsoon,Product 034,Lighting,Cookware,2023-09-03,1333.43,1518.14,184.71,0
2025-09-08,SKU035,119,1293552.61,10870.19,2,2,0,2025,9,37,Monsoon,Product 035,Storage,Lamp,2024-09-03,1137.61,10870.19,9732.58,0
2025-09-08,SKU036,26,147862.0,5687.0,2,2,0,2025,9,37,Monsoon,Product 036,Furniture,Shelf,2022-03-12,5430.12,5687.0,256.88,0
2025-09-08,SKU037,154,423102.68,2747.42,2,2,0,2025,9,37,Monsoon,Product 037,Home Decor,Cabinet,2024-08-02,3901.0,2747.42,-1153.58,1
2025-09-08,SKU038,47,185607.7,3949.1,2,2,0,2025,9,37,Monsoon,Product 038,Kitchen,Rug,2024-06-29,4630.58,3949.1,-681.48,1
2025-09-08,SKU039,20,142379.0,7118.95,2,2,0,2025,9,37,Monsoon,Product 039,Lighting,Organizer,2022-11-01,6178.74,7118.95,940.21,0
2025-09-08,SKU040,106,259759.36,2450.56,2,2,0,2025,9,37,Monsoon,Product 040,Storage,Sofa,2023-11-26,5169.07,2450.56,-2718.51,1
2025-09-08,SKU041,58,599530.34,10336.73,2,2,0,2025,9,37,Monsoon,Product 041,Furniture,Chair,2022-07-01,4540.24,10336.73,5796.49,0
2025-09-08,SKU042,149,1370625.67,9198.83,2,2,0,2025,9,37,Monsoon,Product 042,Home Decor,Table,2024-04-13,4583.86,9198.83,4614.97,0
2025-09-08,SKU043,143,1250645.11,8745.77,2,2,0,2025,9,37,Monsoon,Product 043,Kitchen,Cushion,2024-02-10,2605.61,8745.77,6140.16,0
2025-09-08,SKU044,61,330149.08,5412.28,2,2,0,2025,9,37,Monsoon,Product 044,Lighting,Cookware,2023-01-25,488.84,5412.28,4923.44,0
2025-09-08,SKU045,171,1312729.38,7676.78,2,2,0,2025,9,37,Monsoon,Product 045,Storage,Lamp,2022-03-16,3634.56,7676.78,4042.22,0
2025-09-08,SKU046,56,401830.24,7175.54,2,2,0,2025,9,37,Monsoon,Product 046,Furniture,Shelf,2024-12-03,1913.03,7175.54,5262.51,0
2025-09-08,SKU047,78,619181.16,7938.22,2,2,0,2025,9,37,Monsoon,Product 047,Home Decor,Cabinet,2023-05-06,3416.1,7938.22,4522.12,0
2025-09-08,SKU048,58,80013.9,1379.55,2,2,0,2025,9,37,Monsoon,Product 048,Kitchen,Rug,2024-09-09,6863.87,1379.55,-5484.32,1
2025-09-08,SKU049,167,872302.79,5223.37,2,2,0,2025,9,37,Monsoon,Product 049,Lighting,Organizer,2024-01-16,2063.03,5223.37,3160.34,0
2025-09-08,SKU050,33,29129.76,882.72,2,2,0,2025,9,37,Monsoon,Product 050,Storage,Sofa,2024-05-06,701.85,882.72,180.87,0
2025-09-15,SKU001,88,322436.4,3664.05,2,2,0,2025,9,38,Monsoon,Product 001,Furniture,Chair,2022-04-09,1758.45,3664.05,1905.6,0
2025-09-15,SKU002,79,300649.51,3805.69,2,2,0,2025,9,38,Monsoon,Product 002,Home Decor,Table,2024-05-01,3867.09,3805.69,-61.4,1
2025-09-15,SKU003,39,315050.97,8078.23,2,2,0,2025,9,38,Monsoon,Product 003,Kitchen,Cushion,2023-12-22,589.48,8078.23,7488.75,0
2025-09-15,SKU004,26,178400.82,6861.57,2,2,0,2025,9,38,Monsoon,Product 004,Lighting,Cookware,2023-04-28,1445.74,6861.57,5415.83,0
2025-09-15,SKU005,89,844896.58,9493.22,2,2,0,2025,9,38,Monsoon,Product 005,Storage,Lamp,2023-04-22,5543.63,9493.22,3949.59,0
2025-09-15,SKU006,45,364771.8,8106.04,2,2,0,2025,9,38,Monsoon,Product 006,Furniture,Shelf,2024-08-02,6021.91,8106.04,2084.13,0
2025-09-15,SKU007,162,828482.58,5114.09,2,2,0,2025,9,38,Monsoon,Product 007,Home Decor,Cabinet,2022-04-05,7748.2,5114.09,-2634.11,1
2025-09-15,SKU008,87,856309.68,9842.64,2,2,0,2025,9,38,Monsoon,Product 008,Kitchen,Rug,2024-02-07,2775.15,9842.64,7067.49,0
2025-09-15,SKU009,70,163582.3,2336.89,2,2,0,2025,9,38,Monsoon,Product 009,Lighting,Organizer,2022-08-10,3121.06,2336.89,-784.17,1
2025-09-15,SKU010,114,75634.44,663.46,2,2,0,2025,9,38,Monsoon,Product 010,Storage,Sofa,2022-04-14,3889.06,663.46,-3225.6,1
2025-09-15,SKU011,16,23112.96,1444.56,2,2,0,2025,9,38,Monsoon,Product 011,Furniture,Chair,2023-08-03,1718.4,1444.56,-273.84,1
2025-09-15,SKU012,171,1501272.27,8779.37,2,2,0,2025,9,38,Monsoon,Product 012,Home Decor,Table,2024-12-09,1256.89,8779.37,7522.48,0
2025-09-15,SKU013,82,472137.96,5757.78,2,2,0,2025,9,38,Monsoon,Product 013,Kitchen,Cushion,2024-03-20,3936.71,5757.78,1821.07,0
2025-09-15,SKU014,140,317905.0,2270.75,2,2,0,2025,9,38,Monsoon,Product 014,Lighting,Cookware,2024-04-17,2008.55,2270.75,262.2,0
2025-09-15,SKU015,23,142878.76,6212.12,2,2,0,2025,9,38,Monsoon,Product 015,Storage,Lamp,2024-02-29,5441.06,6212.12,771.06,0
2025-09-15,SKU016,76,164678.32,2166.82,2,2,0,2025,9,38,Monsoon,Product 016,Furniture,Shelf,2024-05-14,3637.93,2166.82,-1471.11,1
2025-09-15,SKU017,83,703617.56,8477.32,2,2,0,2025,9,38,Monsoon,Product 017,Home Decor,Cabinet,2023-07-19,6703.26,8477.32,1774.06,0
2025-09-15,SKU018,148,825160.68,5575.41,2,2,0,2025,9,38,Monsoon,Product 018,Kitchen,Rug,2022-05-21,5677.05,5575.41,-101.64,1
2025-09-15,SKU019,100,481985.0,4819.85,2,2,0,2025,9,38,Monsoon,Product 019,Lighting,Organizer,2024-07-12,2670.84,4819.85,2149.01,0
2025-09-15,SKU020,79,307905.66,3897.54,2,2,0,2025,9,38,Monsoon,Product 020,Storage,Sofa,2023-05-11,6700.01,3897.54,-2802.47,1
2025-09-15,SKU021,55,424120.4,7711.28,2,2,0,2025,9,38,Monsoon,Product 021,Furniture,Chair,2023-07-05,6486.92,7711.28,1224.36,0
2025-09-15,SKU022,60,275821.8,4597.03,2,2,0,2025,9,38,Monsoon,Product 022,Home Decor,Table,2023-02-12,3252.96,4597.03,1344.07,0
2025-09-15,SKU023,111,157258.14,1416.74,2,2,0,2025,9,38,Monsoon,Product 023,Kitchen,Cushion,2022-07-20,2484.54,1416.74,-1067.8,1
2025-09-15,SKU024,84,148585.08,1768.87,2,2,0,2025,9,38,Monsoon,Product 024,Lighting,Cookware,2024-10-16,5539.34,1768.87,-3770.47,1
2025-09-15,SKU025,16,184928.16,11558.01,2,2,0,2025,9,38,Monsoon,Product 025,Storage,Lamp,2024-05-09,1333.08,11558.01,10224.93,0
2025-09-15,SKU026,138,1509656.52,10939.54,2,2,0,2025,9,38,Monsoon,Product 026,Furniture,Shelf,2023-12-10,1799.29,10939.54,9140.25,0
2025-09-15,SKU027,158,1345622.8,8516.6,2,2,0,2025,9,38,Monsoon,Product 027,Home Decor,Cabinet,2023-03-19,307.06,8516.6,8209.54,0
2025-09-15,SKU028,34,118459.06,3484.09,2,2,0,2025,9,38,Monsoon,Product 028,Kitchen,Rug,2024-06-24,6348.66,3484.09,-2864.57,1
2025-09-15,SKU029,105,1222457.25,11642.45,2,2,0,2025,9,38,Monsoon,Product 029,Lighting,Organizer,2023-08-23,5402.59,11642.45,6239.86,0
2025-09-15,SKU030,32,301872.32,9433.51,2,2,0,2025,9,38,Monsoon,Product 030,Storage,Sofa,2023-05-03,5715.03,9433.51,3718.48,0
2025-09-15,SKU031,118,1028479.74,8715.93,2,2,0,2025,9,38,Monsoon,Product 031,Furniture,Chair,2023-05-11,6300.65,8715.93,2415.28,0
2025-09-15,SKU032,57,319917.63,5612.59,2,2,0,2025,9,38,Monsoon,Product 032,Home Decor,Table,2022-09-07,3806.6,5612.59,1805.99,0
2025-09-15,SKU033,110,391380.0,3558.0,2,2,0,2025,9,38,Monsoon,Product 033,Kitchen,Cushion,2022-04-12,4657.74,3558.0,-1099.74,1
2025-09-15,SKU034,110,166995.4,1518.14,2,2,0,2025,9,38,Monsoon,Product 034,Lighting,Cookware,2023-09-03,1333.43,1518.14,184.71,0
2025-09-15,SKU035,138,1500086.22,10870.19,2,2,0,2025,9,38,Monsoon,Product 035,Storage,Lamp,2024-09-03,1137.61,10870.19,9732.58,0
2025-09-15,SKU036,35,199045.0,5687.0,2,2,0,2025,9,38,Monsoon,Product 036,Furniture,Shelf,2022-03-12,5430.12,5687.0,256.88,0
2025-09-15,SKU037,165,453324.3,2747.42,2,2,0,2025,9,38,Monsoon,Product 037,Home Decor,Cabinet,2024-08-02,3901.0,2747.42,-1153.58,1
2025-09-15,SKU038,40,157964.0,3949.1,2,2,0,2025,9,38,Monsoon,Product 038,Kitchen,Rug,2024-06-29,4630.58,3949.1,-681.48,1
2025-09-15,SKU039,18,128141.1,7118.95,2,2,0,2025,9,38,Monsoon,Product 039,Lighting,Organizer,2022-11-01,6178.74,7118.95,940.21,0
2025-09-15,SKU040,109,267111.04,2450.56,2,2,0,2025,9,38,Monsoon,Product 040,Storage,Sofa,2023-11-26,5169.07,2450.56,-2718.51,1
2025-09-15,SKU041,66,682224.18,10336.73,2,2,0,2025,9,38,Monsoon,Product 041,Furniture,Chair,2022-07-01,4540.24,10336.73,5796.49,0
2025-09-15,SKU042,169,1554602.27,9198.83,2,2,0,2025,9,38,Monsoon,Product 042,Home Decor,Table,2024-04-13,4583.86,9198.83,4614.97,0
2025-09-15,SKU043,143,1250645.11,8745.77,2,2,0,2025,9,38,Monsoon,Product 043,Kitchen,Cushion,2024-02-10,2605.61,8745.77,6140.16,0
2025-09-15,SKU044,47,254377.16,5412.28,2,2,0,2025,9,38,Monsoon,Product 044,Lighting,Cookware,2023-01-25,488.84,5412.28,4923.44,0
2025-09-15,SKU045,147,1128486.66,7676.78,2,2,0,2025,9,38,Monsoon,Product 045,Storage,Lamp,2022-03-16,3634.56,7676.78,4042.22,0
2025-09-15,SKU046,61,437707.94,7175.54,2,2,0,2025,9,38,Monsoon,Product 046,Furniture,Shelf,2024-12-03,1913.03,7175.54,5262.51,0
2025-09-15,SKU047,87,690625.14,7938.22,2,2,0,2025,9,38,Monsoon,Product 047,Home Decor,Cabinet,2023-05-06,3416.1,7938.22,4522.12,0
2025-09-15,SKU048,54,74495.7,1379.55,2,2,0,2025,9,38,Monsoon,Product 048,Kitchen,Rug,2024-09-09,6863.87,1379.55,-5484.32,1
2025-09-15,SKU049,158,825292.46,5223.37,2,2,0,2025,9,38,Monsoon,Product 049,Lighting,Organizer,2024-01-16,2063.03,5223.37,3160.34,0
2025-09-15,SKU050,30,26481.6,882.72,2,2,0,2025,9,38,Monsoon,Product 050,Storage,Sofa,2024-05-06,701.85,882.72,180.87,0
2025-09-22,SKU001,86,315108.3,3664.05,2,2,0,2025,9,39,Monsoon,Product 001,Furniture,Chair,2022-04-09,1758.45,3664.05,1905.6,0
2025-09-22,SKU002,60,228341.4,3805.69,2,2,0,2025,9,39,Monsoon,Product 002,Home Decor,Table,2024-05-01,3867.09,3805.69,-61.4,1
2025-09-22,SKU003,42,339285.66,8078.23,2,2,0,2025,9,39,Monsoon,Product 003,Kitchen,Cushion,2023-12-22,589.48,8078.23,7488.75,0
2025-09-22,SKU004,28,192123.96,6861.57,2,2,0,2025,9,39,Monsoon,Product 004,Lighting,Cookware,2023-04-28,1445.74,6861.57,5415.83,0
2025-09-22,SKU005,108,1025267.76,9493.22,2,2,0,2025,9,39,Monsoon,Product 005,Storage,Lamp,2023-04-22,5543.63,9493.22,3949.59,0
2025-09-22,SKU006,48,389089.92,8106.04,2,2,0,2025,9,39,Monsoon,Product 006,Furniture,Shelf,2024-08-02,6021.91,8106.04,2084.13,0
2025-09-22,SKU007,171,874509.39,5114.09,2,2,0,2025,9,39,Monsoon,Product 007,Home Decor,Cabinet,2022-04-05,7748.2,5114.09,-2634.11,1
2025-09-22,SKU008,93,915365.52,9842.64,2,2,0,2025,9,39,Monsoon,Product 008,Kitchen,Rug,2024-02-07,2775.15,9842.64,7067.49,0
2025-09-22,SKU009,69,161245.41,2336.89,2,2,0,2025,9,39,Monsoon,Product 009,Lighting,Organizer,2022-08-10,3121.06,2336.89,-784.17,1
2025-09-22,SKU010,100,66346.0,663.46,2,2,0,2025,9,39,Monsoon,Product 010,Storage,Sofa,2022-04-14,3889.06,663.46,-3225.6,1
2025-09-22,SKU011,11,15890.16,1444.56,2,2,0,2025,9,39,Monsoon,Product 011,Furniture,Chair,2023-08-03,1718.4,1444.56,-273.84,1
2025-09-22,SKU012,150,1316905.5,8779.37,2,2,0,2025,9,39,Monsoon,Product 012,Home Decor,Table,2024-12-09,1256.89,8779.37,7522.48,0
2025-09-22,SKU013,82,472137.96,5757.78,2,2,0,2025,9,39,Monsoon,Product 013,Kitchen,Cushion,2024-03-20,3936.71,5757.78,1821.07,0
2025-09-22,SKU014,132,299739.0,2270.75,2,2,0,2025,9,39,Monsoon,Product 014,Lighting,Cookware,2024-04-17,2008.55,2270.75,262.2,0
2025-09-22,SKU015,28,173939.36,6212.12,2,2,0,2025,9,39,Monsoon,Product 015,Storage,Lamp,2024-02-29,5441.06,6212.12,771.06,0
2025-09-22,SKU016,78,169011.96,2166.82,2,2,0,2025,9,39,Monsoon,Product 016,Furniture,Shelf,2024-05-14,3637.93,2166.82,-1471.11,1
2025-09-22,SKU017,90,762958.8,8477.32,2,2,0,2025,9,39,Monsoon,Product 017,Home Decor,Cabinet,2023-07-19,6703.26,8477.32,1774.06,0
2025-09-22,SKU018,146,814009.86,5575.41,2,2,0,2025,9,39,Monsoon,Product 018,Kitchen,Rug,2022-05-21,5677.05,5575.41,-101.64,1
2025-09-22,SKU019,105,506084.25,4819.85,2,2,0,2025,9,39,Monsoon,Product 019,Lighting,Organizer,2024-07-12,2670.84,4819.85,2149.01,0
2025-09-22,SKU020,86,335188.44,3897.54,2,2,0,2025,9,39,Monsoon,Product 020,Storage,Sofa,2023-05-11,6700.01,3897.54,-2802.47,1
2025-09-22,SKU021,53,408697.84,7711.28,2,2,0,2025,9,39,Monsoon,Product 021,Furniture,Chair,2023-07-05,6486.92,7711.28,1224.36,0
2025-09-22,SKU022,61,280418.83,4597.03,2,2,0,2025,9,39,Monsoon,Product 022,Home Decor,Table,2023-02-12,3252.96,4597.03,1344.07,0
2025-09-22,SKU023,90,127506.6,1416.74,2,2,0,2025,9,39,Monsoon,Product 023,Kitchen,Cushion,2022-07-20,2484.54,1416.74,-1067.8,1
2025-09-22,SKU024,80,141509.6,1768.87,2,2,0,2025,9,39,Monsoon,Product 024,Lighting,Cookware,2024-10-16,5539.34,1768.87,-3770.47,1
2025-09-22,SKU025,21,242718.21,11558.01,2,2,0,2025,9,39,Monsoon,Product 025,Storage,Lamp,2024-05-09,1333.08,11558.01,10224.93,0
2025-09-22,SKU026,132,1444019.28,10939.54,2,2,0,2025,9,39,Monsoon,Product 026,Furniture,Shelf,2023-12-10,1799.29,10939.54,9140.25,0
2025-09-22,SKU027,150,1277490.0,8516.6,2,2,0,2025,9,39,Monsoon,Product 027,Home Decor,Cabinet,2023-03-19,307.06,8516.6,8209.54,0
2025-09-22,SKU028,30,104522.7,3484.09,2,2,0,2025,9,39,Monsoon,Product 028,Kitchen,Rug,2024-06-24,6348.66,3484.09,-2864.57,1
2025-09-22,SKU029,86,1001250.7,11642.45,2,2,0,2025,9,39,Monsoon,Product 029,Lighting,Organizer,2023-08-23,5402.59,11642.45,6239.86,0
2025-09-22,SKU030,41,386773.91,9433.51,2,2,0,2025,9,39,Monsoon,Product 030,Storage,Sofa,2023-05-03,5715.03,9433.51,3718.48,0
2025-09-22,SKU031,112,976184.16,8715.93,2,2,0,2025,9,39,Monsoon,Product 031,Furniture,Chair,2023-05-11,6300.65,8715.93,2415.28,0
2025-09-22,SKU032,60,336755.4,5612.59,2,2,0,2025,9,39,Monsoon,Product 032,Home Decor,Table,2022-09-07,3806.6,5612.59,1805.99,0
2025-09-22,SKU033,125,444750.0,3558.0,2,2,0,2025,9,39,Monsoon,Product 033,Kitchen,Cushion,2022-04-12,4657.74,3558.0,-1099.74,1
2025-09-22,SKU034,148,224684.72,1518.14,2,2,0,2025,9,39,Monsoon,Product 034,Lighting,Cookware,2023-09-03,1333.43,1518.14,184.71,0
2025-09-22,SKU035,123,1337033.37,10870.19,2,2,0,2025,9,39,Monsoon,Product 035,Storage,Lamp,2024-09-03,1137.61,10870.19,9732.58,0
2025-09-22,SKU036,27,153549.0,5687.0,2,2,0,2025,9,39,Monsoon,Product 036,Furniture,Shelf,2022-03-12,5430.12,5687.0,256.88,0
2025-09-22,SKU037,157,431344.94,2747.42,2,2,0,2025,9,39,Monsoon,Product 037,Home Decor,Cabinet,2024-08-02,3901.0,2747.42,-1153.58,1
2025-09-22,SKU038,49,193505.9,3949.1,2,2,0,2025,9,39,Monsoon,Product 038,Kitchen,Rug,2024-06-29,4630.58,3949.1,-681.48,1
2025-09-22,SKU039,25,177973.75,7118.95,2,2,0,2025,9,39,Monsoon,Product 039,Lighting,Organizer,2022-11-01,6178.74,7118.95,940.21,0
2025-09-22,SKU040,87,213198.72,2450.56,2,2,0,2025,9,39,Monsoon,Product 040,Storage,Sofa,2023-11-26,5169.07,2450.56,-2718.51,1
2025-09-22,SKU041,62,640877.26,10336.73,2,2,0,2025,9,39,Monsoon,Product 041,Furniture,Chair,2022-07-01,4540.24,10336.73,5796.49,0
2025-09-22,SKU042,123,1131456.09,9198.83,2,2,0,2025,9,39,Monsoon,Product 042,Home Decor,Table,2024-04-13,4583.86,9198.83,4614.97,0
2025-09-22,SKU043,121,1058238.17,8745.77,2,2,0,2025,9,39,Monsoon,Product 043,Kitchen,Cushion,2024-02-10,2605.61,8745.77,6140.16,0
2025-09-22,SKU044,66,357210.48,5412.28,2,2,0,2025,9,39,Monsoon,Product 044,Lighting,Cookware,2023-01-25,488.84,5412.28,4923.44,0
2025-09-22,SKU045,162,1243638.36,7676.78,2,2,0,2025,9,39,Monsoon,Product 045,Storage,Lamp,2022-03-16,3634.56,7676.78,4042.22,0
2025-09-22,SKU046,73,523814.42,7175.54,2,2,0,2025,9,39,Monsoon,Product 046,Furniture,Shelf,2024-12-03,1913.03,7175.54,5262.51,0
2025-09-22,SKU047,94,746192.68,7938.22,2,2,0,2025,9,39,Monsoon,Product 047,Home Decor,Cabinet,2023-05-06,3416.1,7938.22,4522.12,0
2025-09-22,SKU048,50,68977.5,1379.55,2,2,0,2025,9,39,Monsoon,Product 048,Kitchen,Rug,2024-09-09,6863.87,1379.55,-5484.32,1
2025-09-22,SKU049,168,877526.16,5223.37,2,2,0,2025,9,39,Monsoon,Product 049,Lighting,Organizer,2024-01-16,2063.03,5223.37,3160.34,0
2025-09-22,SKU050,38,33543.36,882.72,2,2,0,2025,9,39,Monsoon,Product 050,Storage,Sofa,2024-05-06,701.85,882.72,180.87,0
2025-09-29,SKU001,83,304116.15,3664.05,0,0,0,2025,9,40,Autumn,Product 001,Furniture,Chair,2022-04-09,1758.45,3664.05,1905.6,0
2025-09-29,SKU002,63,239758.47,3805.69,0,0,0,2025,9,40,Autumn,Product 002,Home Decor,Table,2024-05-01,3867.09,3805.69,-61.4,1
2025-09-29,SKU003,43,347363.89,8078.23,0,0,0,2025,9,40,Autumn,Product 003,Kitchen,Cushion,2023-12-22,589.48,8078.23,7488.75,0
2025-09-29,SKU004,23,157816.11,6861.57,0,0,0,2025,9,40,Autumn,Product 004,Lighting,Cookware,2023-04-28,1445.74,6861.57,5415.83,0
2025-09-29,SKU005,97,920842.34,9493.22,0,0,0,2025,9,40,Autumn,Product 005,Storage,Lamp,2023-04-22,5543.63,9493.22,3949.59,0
2025-09-29,SKU006,43,348559.72,8106.04,0,0,0,2025,9,40,Autumn,Product 006,Furniture,Shelf,2024-08-02,6021.91,8106.04,2084.13,0
2025-09-29,SKU007,129,659717.61,5114.09,0,0,0,2025,9,40,Autumn,Product 007,Home Decor,Cabinet,2022-04-05,7748.2,5114.09,-2634.11,1
2025-09-29,SKU008,98,964578.72,9842.64,0,0,0,2025,9,40,Autumn,Product 008,Kitchen,Rug,2024-02-07,2775.15,9842.64,7067.49,0
2025-09-29,SKU009,58,135539.62,2336.89,0,0,0,2025,9,40,Autumn,Product 009,Lighting,Organizer,2022-08-10,3121.06,2336.89,-784.17,1
2025-09-29,SKU010,79,52413.34,663.46,0,0,0,2025,9,40,Autumn,Product 010,Storage,Sofa,2022-04-14,3889.06,663.46,-3225.6,1
2025-09-29,SKU011,28,40447.68,1444.56,0,0,0,2025,9,40,Autumn,Product 011,Furniture,Chair,2023-08-03,1718.4,1444.56,-273.84,1
2025-09-29,SKU012,136,1193994.32,8779.37,0,0,0,2025,9,40,Autumn,Product 012,Home Decor,Table,2024-12-09,1256.89,8779.37,7522.48,0
2025-09-29,SKU013,96,552746.88,5757.78,0,0,0,2025,9,40,Autumn,Product 013,Kitchen,Cushion,2024-03-20,3936.71,5757.78,1821.07,0
2025-09-29,SKU014,123,279302.25,2270.75,0,0,0,2025,9,40,Autumn,Product 014,Lighting,Cookware,2024-04-17,2008.55,2270.75,262.2,0
2025-09-29,SKU015,19,118030.28,6212.12,0,0,0,2025,9,40,Autumn,Product 015,Storage,Lamp,2024-02-29,5441.06,6212.12,771.06,0
2025-09-29,SKU016,72,156011.04,2166.82,0,0,0,2025,9,40,Autumn,Product 016,Furniture,Shelf,2024-05-14,3637.93,2166.82,-1471.11,1
2025-09-29,SKU017,75,635799.0,8477.32,0,0,0,2025,9,40,Autumn,Product 017,Home Decor,Cabinet,2023-07-19,6703.26,8477.32,1774.06,0
2025-09-29,SKU018,138,769406.58,5575.41,0,0,0,2025,9,40,Autumn,Product 018,Kitchen,Rug,2022-05-21,5677.05,5575.41,-101.64,1
2025-09-29,SKU019,83,400047.55,4819.85,0,0,0,2025,9,40,Autumn,Product 019,Lighting,Organizer,2024-07-12,2670.84,4819.85,2149.01,0
2025-09-29,SKU020,75,292315.5,3897.54,0,0,0,2025,9,40,Autumn,Product 020,Storage,Sofa,2023-05-11,6700.01,3897.54,-2802.47,1
2025-09-29,SKU021,35,269894.8,7711.28,0,0,0,2025,9,40,Autumn,Product 021,Furniture,Chair,2023-07-05,6486.92,7711.28,1224.36,0
2025-09-29,SKU022,50,229851.5,4597.03,0,0,0,2025,9,40,Autumn,Product 022,Home Decor,Table,2023-02-12,3252.96,4597.03,1344.07,0
2025-09-29,SKU023,89,126089.86,1416.74,0,0,0,2025,9,40,Autumn,Product 023,Kitchen,Cushion,2022-07-20,2484.54,1416.74,-1067.8,1
2025-09-29,SKU024,69,122052.03,1768.87,0,0,0,2025,9,40,Autumn,Product 024,Lighting,Cookware,2024-10-16,5539.34,1768.87,-3770.47,1
2025-09-29,SKU025,12,138696.12,11558.01,0,0,0,2025,9,40,Autumn,Product 025,Storage,Lamp,2024-05-09,1333.08,11558.01,10224.93,0
2025-09-29,SKU026,114,1247107.56,10939.54,0,0,0,2025,9,40,Autumn,Product 026,Furniture,Shelf,2023-12-10,1799.29,10939.54,9140.25,0
2025-09-29,SKU027,151,1286006.6,8516.6,0,0,0,2025,9,40,Autumn,Product 027,Home Decor,Cabinet,2023-03-19,307.06,8516.6,8209.54,0
2025-09-29,SKU028,18,62713.62,3484.09,0,0,0,2025,9,40,Autumn,Product 028,Kitchen,Rug,2024-06-24,6348.66,3484.09,-2864.57,1
2025-09-29,SKU029,78,908111.1,11642.45,0,0,0,2025,9,40,Autumn,Product 029,Lighting,Organizer,2023-08-23,5402.59,11642.45,6239.86,0
2025-09-29,SKU030,27,254704.77,9433.51,0,0,0,2025,9,40,Autumn,Product 030,Storage,Sofa,2023-05-03,5715.03,9433.51,3718.48,0
2025-09-29,SKU031,107,932604.51,8715.93,0,0,0,2025,9,40,Autumn,Product 031,Furniture,Chair,2023-05-11,6300.65,8715.93,2415.28,0
2025-09-29,SKU032,44,246953.96,5612.59,0,0,0,2025,9,40,Autumn,Product 032,Home Decor,Table,2022-09-07,3806.6,5612.59,1805.99,0
2025-09-29,SKU033,102,362916.0,3558.0,0,0,0,2025,9,40,Autumn,Product 033,Kitchen,Cushion,2022-04-12,4657.74,3558.0,-1099.74,1
2025-09-29,SKU034,106,160922.84,1518.14,0,0,0,2025,9,40,Autumn,Product 034,Lighting,Cookware,2023-09-03,1333.43,1518.14,184.71,0
2025-09-29,SKU035,134,1456605.46,10870.19,0,0,0,2025,9,40,Autumn,Product 035,Storage,Lamp,2024-09-03,1137.61,10870.19,9732.58,0
2025-09-29,SKU036,33,187671.0,5687.0,0,0,0,2025,9,40,Autumn,Product 036,Furniture,Shelf,2022-03-12,5430.12,5687.0,256.88,0
2025-09-29,SKU037,140,384638.8,2747.42,0,0,0,2025,9,40,Autumn,Product 037,Home Decor,Cabinet,2024-08-02,3901.0,2747.42,-1153.58,1
2025-09-29,SKU038,40,157964.0,3949.1,0,0,0,2025,9,40,Autumn,Product 038,Kitchen,Rug,2024-06-29,4630.58,3949.1,-681.48,1
2025-09-29,SKU039,26,185092.7,7118.95,0,0,0,2025,9,40,Autumn,Product 039,Lighting,Organizer,2022-11-01,6178.74,7118.95,940.21,0
2025-09-29,SKU040,76,186242.56,2450.56,0,0,0,2025,9,40,Autumn,Product 040,Storage,Sofa,2023-11-26,5169.07,2450.56,-2718.51,1
2025-09-29,SKU041,67,692560.91,10336.73,0,0,0,2025,9,40,Autumn,Product 041,Furniture,Chair,2022-07-01,4540.24,10336.73,5796.49,0
2025-09-29,SKU042,132,1214245.56,9198.83,0,0,0,2025,9,40,Autumn,Product 042,Home Decor,Table,2024-04-13,4583.86,9198.83,4614.97,0
2025-09-29,SKU043,115,1005763.55,8745.77,0,0,0,2025,9,40,Autumn,Product 043,Kitchen,Cushion,2024-02-10,2605.61,8745.77,6140.16,0
2025-09-29,SKU044,50,270614.0,5412.28,0,0,0,2025,9,40,Autumn,Product 044,Lighting,Cookware,2023-01-25,488.84,5412.28,4923.44,0
2025-09-29,SKU045,142,1090102.76,7676.78,0,0,0,2025,9,40,Autumn,Product 045,Storage,Lamp,2022-03-16,3634.56,7676.78,4042.22,0
2025-09-29,SKU046,62,444883.48,7175.54,0,0,0,2025,9,40,Autumn,Product 046,Furniture,Shelf,2024-12-03,1913.03,7175.54,5262.51,0
2025-09-29,SKU047,77,611242.94,7938.22,0,0,0,2025,9,40,Autumn,Product 047,Home Decor,Cabinet,2023-05-06,3416.1,7938.22,4522.12,0
2025-09-29,SKU048,46,63459.3,1379.55,0,0,0,2025,9,40,Autumn,Product 048,Kitchen,Rug,2024-09-09,6863.87,1379.55,-5484.32,1
2025-09-29,SKU049,142,741718.54,5223.37,0,0,0,2025,9,40,Autumn,Product 049,Lighting,Organizer,2024-01-16,2063.03,5223.37,3160.34,0
2025-09-29,SKU050,35,30895.2,882.72,0,0,0,2025,9,40,Autumn,Product 050,Storage,Sofa,2024-05-06,701.85,882.72,180.87,0
2025-10-06,SKU001,82,300452.1,3664.05,0,0,0,2025,10,41,Autumn,Product 001,Furniture,Chair,2022-04-09,1758.45,3664.05,1905.6,0
2025-10-06,SKU002,56,213118.64,3805.69,0,0,0,2025,10,41,Autumn,Product 002,Home Decor,Table,2024-05-01,3867.09,3805.69,-61.4,1
2025-10-06,SKU003,33,266581.59,8078.23,0,0,0,2025,10,41,Autumn,Product 003,Kitchen,Cushion,2023-12-22,589.48,8078.23,7488.75,0
2025-10-06,SKU004,28,192123.96,6861.57,0,0,0,2025,10,41,Autumn,Product 004,Lighting,Cookware,2023-04-28,1445.74,6861.57,5415.83,0
2025-10-06,SKU005,107,1015774.54,9493.22,0,0,0,2025,10,41,Autumn,Product 005,Storage,Lamp,2023-04-22,5543.63,9493.22,3949.59,0
2025-10-06,SKU006,38,308029.52,8106.04,0,0,0,2025,10,41,Autumn,Product 006,Furniture,Shelf,2024-08-02,6021.91,8106.04,2084.13,0
2025-10-06,SKU007,149,761999.41,5114.09,0,0,0,2025,10,41,Autumn,Product 007,Home Decor,Cabinet,2022-04-05,7748.2,5114.09,-2634.11,1
2025-10-06,SKU008,88,866152.32,9842.64,0,0,0,2025,10,41,Autumn,Product 008,Kitchen,Rug,2024-02-07,2775.15,9842.64,7067.49,0
2025-10-06,SKU009,51,119181.39,2336.89,0,0,0,2025,10,41,Autumn,Product 009,Lighting,Organizer,2022-08-10,3121.06,2336.89,-784.17,1
2025-10-06,SKU010,83,55067.18,663.46,0,0,0,2025,10,41,Autumn,Product 010,Storage,Sofa,2022-04-14,3889.06,663.46,-3225.6,1
2025-10-06,SKU011,16,23112.96,1444.56,0,0,0,2025,10,41,Autumn,Product 011,Furniture,Chair,2023-08-03,1718.4,1444.56,-273.84,1
2025-10-06,SKU012,140,1229111.8,8779.37,0,0,0,2025,10,41,Autumn,Product 012,Home Decor,Table,2024-12-09,1256.89,8779.37,7522.48,0
2025-10-06,SKU013,87,500926.86,5757.78,0,0,0,2025,10,41,Autumn,Product 013,Kitchen,Cushion,2024-03-20,3936.71,5757.78,1821.07,0
2025-10-06,SKU014,122,277031.5,2270.75,0,0,0,2025,10,41,Autumn,Product 014,Lighting,Cookware,2024-04-17,2008.55,2270.75,262.2,0
2025-10-06,SKU015,16,99393.92,6212.12,0,0,0,2025,10,41,Autumn,Product 015,Storage,Lamp,2024-02-29,5441.06,6212.12,771.06,0
2025-10-06,SKU016,84,182012.88,2166.82,0,0,0,2025,10,41,Autumn,Product 016,Furniture,Shelf,2024-05-14,3637.93,2166.82,-1471.11,1
2025-10-06,SKU017,76,644276.32,8477.32,0,0,0,2025,10,41,Autumn,Product 017,Home Decor,Cabinet,2023-07-19,6703.26,8477.32,1774.06,0
2025-10-06,SKU018,154,858613.14,5575.41,0,0,0,2025,10,41,Autumn,Product 018,Kitchen,Rug,2022-05-21,5677.05,5575.41,-101.64,1
2025-10-06,SKU019,92,443426.2,4819.85,0,0,0,2025,10,41,Autumn,Product 019,Lighting,Organizer,2024-07-12,2670.84,4819.85,2149.01,0
2025-10-06,SKU020,107,417036.78,3897.54,0,0,0,2025,10,41,Autumn,Product 020,Storage,Sofa,2023-05-11,6700.01,3897.54,-2802.47,1
2025-10-06,SKU021,48,370141.44,7711.28,0,0,0,2025,10,41,Autumn,Product 021,Furniture,Chair,2023-07-05,6486.92,7711.28,1224.36,0
2025-10-06,SKU022,54,248239.62,4597.03,0,0,0,2025,10,41,Autumn,Product 022,Home Decor,Table,2023-02-12,3252.96,4597.03,1344.07,0
2025-10-06,SKU023,80,113339.2,1416.74,0,0,0,2025,10,41,Autumn,Product 023,Kitchen,Cushion,2022-07-20,2484.54,1416.74,-1067.8,1
2025-10-06,SKU024,65,114976.55,1768.87,0,0,0,2025,10,41,Autumn,Product 024,Lighting,Cookware,2024-10-16,5539.34,1768.87,-3770.47,1
2025-10-06,SKU025,13,150254.13,11558.01,0,0,0,2025,10,41,Autumn,Product 025,Storage,Lamp,2024-05-09,1333.08,11558.01,10224.93,0
2025-10-06,SKU026,135,1476837.9,10939.54,0,0,0,2025,10,41,Autumn,Product 026,Furniture,Shelf,2023-12-10,1799.29,10939.54,9140.25,0
2025-10-06,SKU027,149,1268973.4,8516.6,0,0,0,2025,10,41,Autumn,Product 027,Home Decor,Cabinet,2023-03-19,307.06,8516.6,8209.54,0
2025-10-06,SKU028,31,108006.79,3484.09,0,0,0,2025,10,41,Autumn,Product 028,Kitchen,Rug,2024-06-24,6348.66,3484.09,-2864.57,1
2025-10-06,SKU029,92,1071105.4,11642.45,0,0,0,2025,10,41,Autumn,Product 029,Lighting,Organizer,2023-08-23,5402.59,11642.45,6239.86,0
2025-10-06,SKU030,25,235837.75,9433.51,0,0,0,2025,10,41,Autumn,Product 030,Storage,Sofa,2023-05-03,5715.03,9433.51,3718.48,0
2025-10-06,SKU031,109,950036.37,8715.93,0,0,0,2025,10,41,Autumn,Product 031,Furniture,Chair,2023-05-11,6300.65,8715.93,2415.28,0
2025-10-06,SKU032,50,280629.5,5612.59,0,0,0,2025,10,41,Autumn,Product 032,Home Decor,Table,2022-09-07,3806.6,5612.59,1805.99,0
2025-10-06,SKU033,88,313104.0,3558.0,0,0,0,2025,10,41,Autumn,Product 033,Kitchen,Cushion,2022-04-12,4657.74,3558.0,-1099.74,1
2025-10-06,SKU034,97,147259.58,1518.14,0,0,0,2025,10,41,Autumn,Product 034,Lighting,Cookware,2023-09-03,1333.43,1518.14,184.71,0
2025-10-06,SKU035,108,1173980.52,10870.19,0,0,0,2025,10,41,Autumn,Product 035,Storage,Lamp,2024-09-03,1137.61,10870.19,9732.58,0
2025-10-06,SKU036,19,108053.0,5687.0,0,0,0,2025,10,41,Autumn,Product 036,Furniture,Shelf,2022-03-12,5430.12,5687.0,256.88,0
2025-10-06,SKU037,128,351669.76,2747.42,0,0,0,2025,10,41,Autumn,Product 037,Home Decor,Cabinet,2024-08-02,3901.0,2747.42,-1153.58,1
2025-10-06,SKU038,48,189556.8,3949.1,0,0,0,2025,10,41,Autumn,Product 038,Kitchen,Rug,2024-06-29,4630.58,3949.1,-681.48,1
2025-10-06,SKU039,17,121022.15,7118.95,0,0,0,2025,10,41,Autumn,Product 039,Lighting,Organizer,2022-11-01,6178.74,7118.95,940.21,0
2025-10-06,SKU040,82,200945.92,2450.56,0,0,0,2025,10,41,Autumn,Product 040,Storage,Sofa,2023-11-26,5169.07,2450.56,-2718.51,1
2025-10-06,SKU041,54,558183.42,10336.73,0,0,0,2025,10,41,Autumn,Product 041,Furniture,Chair,2022-07-01,4540.24,10336.73,5796.49,0
2025-10-06,SKU042,137,1260239.71,9198.83,0,0,0,2025,10,41,Autumn,Product 042,Home Decor,Table,2024-04-13,4583.86,9198.83,4614.97,0
2025-10-06,SKU043,125,1093221.25,8745.77,0,0,0,2025,10,41,Autumn,Product 043,Kitchen,Cushion,2024-02-10,2605.61,8745.77,6140.16,0
2025-10-06,SKU044,49,265201.72,5412.28,0,0,0,2025,10,41,Autumn,Product 044,Lighting,Cookware,2023-01-25,488.84,5412.28,4923.44,0
2025-10-06,SKU045,123,944243.94,7676.78,0,0,0,2025,10,41,Autumn,Product 045,Storage,Lamp,2022-03-16,3634.56,7676.78,4042.22,0
2025-10-06,SKU046,47,337250.38,7175.54,0,0,0,2025,10,41,Autumn,Product 046,Furniture,Shelf,2024-12-03,1913.03,7175.54,5262.51,0
2025-10-06,SKU047,81,642995.82,7938.22,0,0,0,2025,10,41,Autumn,Product 047,Home Decor,Cabinet,2023-05-06,3416.1,7938.22,4522.12,0
2025-10-06,SKU048,51,70357.05,1379.55,0,0,0,2025,10,41,Autumn,Product 048,Kitchen,Rug,2024-09-09,6863.87,1379.55,-5484.32,1
2025-10-06,SKU049,137,715601.69,5223.37,0,0,0,2025,10,41,Autumn,Product 049,Lighting,Organizer,2024-01-16,2063.03,5223.37,3160.34,0
2025-10-06,SKU050,39,34426.08,882.72,0,0,0,2025,10,41,Autumn,Product 050,Storage,Sofa,2024-05-06,701.85,882.72,180.87,0
2025-10-13,SKU001,82,300452.1,3664.05,0,0,0,2025,10,42,Autumn,Product 001,Furniture,Chair,2022-04-09,1758.45,3664.05,1905.6,0
2025-10-13,SKU002,59,224535.71,3805.69,0,0,0,2025,10,42,Autumn,Product 002,Home Decor,Table,2024-05-01,3867.09,3805.69,-61.4,1
2025-10-13,SKU003,26,210033.98,8078.23,0,0,0,2025,10,42,Autumn,Product 003,Kitchen,Cushion,2023-12-22,589.48,8078.23,7488.75,0
2025-10-13,SKU004,24,164677.68,6861.57,0,0,0,2025,10,42,Autumn,Product 004,Lighting,Cookware,2023-04-28,1445.74,6861.57,5415.83,0
2025-10-13,SKU005,105,996788.1,9493.22,0,0,0,2025,10,42,Autumn,Product 005,Storage,Lamp,2023-04-22,5543.63,9493.22,3949.59,0
2025-10-13,SKU006,29,235075.16,8106.04,0,0,0,2025,10,42,Autumn,Product 006,Furniture,Shelf,2024-08-02,6021.91,8106.04,2084.13,0
2025-10-13,SKU007,158,808026.22,5114.09,0,0,0,2025,10,42,Autumn,Product 007,Home Decor,Cabinet,2022-04-05,7748.2,5114.09,-2634.11,1
2025-10-13,SKU008,115,1131903.6,9842.64,0,0,0,2025,10,42,Autumn,Product 008,Kitchen,Rug,2024-02-07,2775.15,9842.64,7067.49,0
2025-10-13,SKU009,63,147224.07,2336.89,0,0,0,2025,10,42,Autumn,Product 009,Lighting,Organizer,2022-08-10,3121.06,2336.89,-784.17,1
2025-10-13,SKU010,96,63692.16,663.46,0,0,0,2025,10,42,Autumn,Product 010,Storage,Sofa,2022-04-14,3889.06,663.46,-3225.6,1
2025-10-13,SKU011,11,15890.16,1444.56,0,0,0,2025,10,42,Autumn,Product 011,Furniture,Chair,2023-08-03,1718.4,1444.56,-273.84,1
2025-10-13,SKU012,128,1123759.36,8779.37,0,0,0,2025,10,42,Autumn,Product 012,Home Decor,Table,2024-12-09,1256.89,8779.37,7522.48,0
2025-10-13,SKU013,61,351224.58,5757.78,0,0,0,2025,10,42,Autumn,Product 013,Kitchen,Cushion,2024-03-20,3936.71,5757.78,1821.07,0
2025-10-13,SKU014,120,272490.0,2270.75,0,0,0,2025,10,42,Autumn,Product 014,Lighting,Cookware,2024-04-17,2008.55,2270.75,262.2,0
2025-10-13,SKU015,21,130454.52,6212.12,0,0,0,2025,10,42,Autumn,Product 015,Storage,Lamp,2024-02-29,5441.06,6212.12,771.06,0
2025-10-13,SKU016,86,186346.52,2166.82,0,0,0,2025,10,42,Autumn,Product 016,Furniture,Shelf,2024-05-14,3637.93,2166.82,-1471.11,1
2025-10-13,SKU017,84,712094.88,8477.32,0,0,0,2025,10,42,Autumn,Product 017,Home Decor,Cabinet,2023-07-19,6703.26,8477.32,1774.06,0
2025-10-13,SKU018,141,786132.81,5575.41,0,0,0,2025,10,42,Autumn,Product 018,Kitchen,Rug,2022-05-21,5677.05,5575.41,-101.64,1
2025-10-13,SKU019,96,462705.6,4819.85,0,0,0,2025,10,42,Autumn,Product 019,Lighting,Organizer,2024-07-12,2670.84,4819.85,2149.01,0
2025-10-13,SKU020,74,288417.96,3897.54,0,0,0,2025,10,42,Autumn,Product 020,Storage,Sofa,2023-05-11,6700.01,3897.54,-2802.47,1
2025-10-13,SKU021,65,501233.2,7711.28,0,0,0,2025,10,42,Autumn,Product 021,Furniture,Chair,2023-07-05,6486.92,7711.28,1224.36,0
2025-10-13,SKU022,58,266627.74,4597.03,0,0,0,2025,10,42,Autumn,Product 022,Home Decor,Table,2023-02-12,3252.96,4597.03,1344.07,0
2025-10-13,SKU023,74,104838.76,1416.74,0,0,0,2025,10,42,Autumn,Product 023,Kitchen,Cushion,2022-07-20,2484.54,1416.74,-1067.8,1
2025-10-13,SKU024,75,132665.25,1768.87,0,0,0,2025,10,42,Autumn,Product 024,Lighting,Cookware,2024-10-16,5539.34,1768.87,-3770.47,1
2025-10-13,SKU025,17,196486.17,11558.01,0,0,0,2025,10,42,Autumn,Product 025,Storage,Lamp,2024-05-09,1333.08,11558.01,10224.93,0
2025-10-13,SKU026,138,1509656.52,10939.54,0,0,0,2025,10,42,Autumn,Product 026,Furniture,Shelf,2023-12-10,1799.29,10939.54,9140.25,0
2025-10-13,SKU027,127,1081608.2,8516.6,0,0,0,2025,10,42,Autumn,Product 027,Home Decor,Cabinet,2023-03-19,307.06,8516.6,8209.54,0
2025-10-13,SKU028,32,111490.88,3484.09,0,0,0,2025,10,42,Autumn,Product 028,Kitchen,Rug,2024-06-24,6348.66,3484.09,-2864.57,1
2025-10-13,SKU029,85,989608.25,11642.45,0,0,0,2025,10,42,Autumn,Product 029,Lighting,Organizer,2023-08-23,5402.59,11642.45,6239.86,0
2025-10-13,SKU030,32,301872.32,9433.51,0,0,0,2025,10,42,Autumn,Product 030,Storage,Sofa,2023-05-03,5715.03,9433.51,3718.48,0
2025-10-13,SKU031,120,1045911.6,8715.93,0,0,0,2025,10,42,Autumn,Product 031,Furniture,Chair,2023-05-11,6300.65,8715.93,2415.28,0
2025-10-13,SKU032,48,269404.32,5612.59,0,0,0,2025,10,42,Autumn,Product 032,Home Decor,Table,2022-09-07,3806.6,5612.59,1805.99,0
2025-10-13,SKU033,100,355800.0,3558.0,0,0,0,2025,10,42,Autumn,Product 033,Kitchen,Cushion,2022-04-12,4657.74,3558.0,-1099.74,1
2025-10-13,SKU034,115,174586.1,1518.14,0,0,0,2025,10,42,Autumn,Product 034,Lighting,Cookware,2023-09-03,1333.43,1518.14,184.71,0
2025-10-13,SKU035,129,1402254.51,10870.19,0,0,0,2025,10,42,Autumn,Product 035,Storage,Lamp,2024-09-03,1137.61,10870.19,9732.58,0
2025-10-13,SKU036,19,108053.0,5687.0,0,0,0,2025,10,42,Autumn,Product 036,Furniture,Shelf,2022-03-12,5430.12,5687.0,256.88,0
2025-10-13,SKU037,147,403870.74,2747.42,0,0,0,2025,10,42,Autumn,Product 037,Home Decor,Cabinet,2024-08-02,3901.0,2747.42,-1153.58,1
2025-10-13,SKU038,44,173760.4,3949.1,0,0,0,2025,10,42,Autumn,Product 038,Kitchen,Rug,2024-06-29,4630.58,3949.1,-681.48,1
2025-10-13,SKU039,16,113903.2,7118.95,0,0,0,2025,10,42,Autumn,Product 039,Lighting,Organizer,2022-11-01,6178.74,7118.95,940.21,0
2025-10-13,SKU040,81,198495.36,2450.56,0,0,0,2025,10,42,Autumn,Product 040,Storage,Sofa,2023-11-26,5169.07,2450.56,-2718.51,1
2025-10-13,SKU041,62,640877.26,10336.73,0,0,0,2025,10,42,Autumn,Product 041,Furniture,Chair,2022-07-01,4540.24,10336.73,5796.49,0
2025-10-13,SKU042,138,1269438.54,9198.83,0,0,0,2025,10,42,Autumn,Product 042,Home Decor,Table,2024-04-13,4583.86,9198.83,4614.97,0
2025-10-13,SKU043,123,1075729.71,8745.77,0,0,0,2025,10,42,Autumn,Product 043,Kitchen,Cushion,2024-02-10,2605.61,8745.77,6140.16,0
2025-10-13,SKU044,56,303087.68,5412.28,0,0,0,2025,10,42,Autumn,Product 044,Lighting,Cookware,2023-01-25,488.84,5412.28,4923.44,0
2025-10-13,SKU045,120,921213.6,7676.78,0,0,0,2025,10,42,Autumn,Product 045,Storage,Lamp,2022-03-16,3634.56,7676.78,4042.22,0
2025-10-13,SKU046,40,287021.6,7175.54,0,0,0,2025,10,42,Autumn,Product 046,Furniture,Shelf,2024-12-03,1913.03,7175.54,5262.51,0
2025-10-13,SKU047,76,603304.72,7938.22,0,0,0,2025,10,42,Autumn,Product 047,Home Decor,Cabinet,2023-05-06,3416.1,7938.22,4522.12,0
2025-10-13,SKU048,59,81393.45,1379.55,0,0,0,2025,10,42,Autumn,Product 048,Kitchen,Rug,2024-09-09,6863.87,1379.55,-5484.32,1
2025-10-13,SKU049,152,793952.24,5223.37,0,0,0,2025,10,42,Autumn,Product 049,Lighting,Organizer,2024-01-16,2063.03,5223.37,3160.34,0
2025-10-13,SKU050,31,27364.32,882.72,0,0,0,2025,10,42,Autumn,Product 050,Storage,Sofa,2024-05-06,701.85,882.72,180.87,0
2025-10-20,SKU001,78,285795.9,3664.05,0,0,1,2025,10,43,Autumn,Product 001,Furniture,Chair,2022-04-09,1758.45,3664.05,1905.6,0
2025-10-20,SKU002,51,194090.19,3805.69,0,0,1,2025,10,43,Autumn,Product 002,Home Decor,Table,2024-05-01,3867.09,3805.69,-61.4,1
2025-10-20,SKU003,34,274659.82,8078.23,0,0,1,2025,10,43,Autumn,Product 003,Kitchen,Cushion,2023-12-22,589.48,8078.23,7488.75,0
2025-10-20,SKU004,24,164677.68,6861.57,0,0,1,2025,10,43,Autumn,Product 004,Lighting,Cookware,2023-04-28,1445.74,6861.57,5415.83,0
2025-10-20,SKU005,98,930335.56,9493.22,0,0,1,2025,10,43,Autumn,Product 005,Storage,Lamp,2023-04-22,5543.63,9493.22,3949.59,0
2025-10-20,SKU006,34,275605.36,8106.04,0,0,1,2025,10,43,Autumn,Product 006,Furniture,Shelf,2024-08-02,6021.91,8106.04,2084.13,0
2025-10-20,SKU007,131,669945.79,5114.09,0,0,1,2025,10,43,Autumn,Product 007,Home Decor,Cabinet,2022-04-05,7748.2,5114.09,-2634.11,1
2025-10-20,SKU008,81,797253.84,9842.64,0,0,1,2025,10,43,Autumn,Product 008,Kitchen,Rug,2024-02-07,2775.15,9842.64,7067.49,0
2025-10-20,SKU009,52,121518.28,2336.89,0,0,1,2025,10,43,Autumn,Product 009,Lighting,Organizer,2022-08-10,3121.06,2336.89,-784.17,1
2025-10-20,SKU010,86,57057.56,663.46,0,0,1,2025,10,43,Autumn,Product 010,Storage,Sofa,2022-04-14,3889.06,663.46,-3225.6,1
2025-10-20,SKU011,18,26002.08,1444.56,0,0,1,2025,10,43,Autumn,Product 011,Furniture,Chair,2023-08-03,1718.4,1444.56,-273.84,1
2025-10-20,SKU012,141,1237891.17,8779.37,0,0,1,2025,10,43,Autumn,Product 012,Home Decor,Table,2024-12-09,1256.89,8779.37,7522.48,0
2025-10-20,SKU013,69,397286.82,5757.78,0,0,1,2025,10,43,Autumn,Product 013,Kitchen,Cushion,2024-03-20,3936.71,5757.78,1821.07,0
2025-10-20,SKU014,133,302009.75,2270.75,0,0,1,2025,10,43,Autumn,Product 014,Lighting,Cookware,2024-04-17,2008.55,2270.75,262.2,0
2025-10-20,SKU015,21,130454.52,6212.12,0,0,1,2025,10,43,Autumn,Product 015,Storage,Lamp,2024-02-29,5441.06,6212.12,771.06,0
2025-10-20,SKU016,73,158177.86,2166.82,0,0,1,2025,10,43,Autumn,Product 016,Furniture,Shelf,2024-05-14,3637.93,2166.82,-1471.11,1
2025-10-20,SKU017,61,517116.52,8477.32,0,0,1,2025,10,43,Autumn,Product 017,Home Decor,Cabinet,2023-07-19,6703.26,8477.32,1774.06,0
2025-10-20,SKU018,135,752680.35,5575.41,0,0,1,2025,10,43,Autumn,Product 018,Kitchen,Rug,2022-05-21,5677.05,5575.41,-101.64,1
2025-10-20,SKU019,84,404867.4,4819.85,0,0,1,2025,10,43,Autumn,Product 019,Lighting,Organizer,2024-07-12,2670.84,4819.85,2149.01,0
2025-10-20,SKU020,88,342983.52,3897.54,0,0,1,2025,10,43,Autumn,Product 020,Storage,Sofa,2023-05-11,6700.01,3897.54,-2802.47,1
2025-10-20,SKU021,44,339296.32,7711.28,0,0,1,2025,10,43,Autumn,Product 021,Furniture,Chair,2023-07-05,6486.92,7711.28,1224.36,0
2025-10-20,SKU022,51,234448.53,4597.03,0,0,1,2025,10,43,Autumn,Product 022,Home Decor,Table,2023-02-12,3252.96,4597.03,1344.07,0
2025-10-20,SKU023,91,128923.34,1416.74,0,0,1,2025,10,43,Autumn,Product 023,Kitchen,Cushion,2022-07-20,2484.54,1416.74,-1067.8,1
2025-10-20,SKU024,82,145047.34,1768.87,0,0,1,2025,10,43,Autumn,Product 024,Lighting,Cookware,2024-10-16,5539.34,1768.87,-3770.47,1
2025-10-20,SKU025,17,196486.17,11558.01,0,0,1,2025,10,43,Autumn,Product 025,Storage,Lamp,2024-05-09,1333.08,11558.01,10224.93,0
2025-10-20,SKU026,124,1356502.96,10939.54,0,0,1,2025,10,43,Autumn,Product 026,Furniture,Shelf,2023-12-10,1799.29,10939.54,9140.25,0
2025-10-20,SKU027,130,1107158.0,8516.6,0,0,1,2025,10,43,Autumn,Product 027,Home Decor,Cabinet,2023-03-19,307.06,8516.6,8209.54,0
2025-10-20,SKU028,30,104522.7,3484.09,0,0,1,2025,10,43,Autumn,Product 028,Kitchen,Rug,2024-06-24,6348.66,3484.09,-2864.57,1
2025-10-20,SKU029,98,1140960.1,11642.45,0,0,1,2025,10,43,Autumn,Product 029,Lighting,Organizer,2023-08-23,5402.59,11642.45,6239.86,0
2025-10-20,SKU030,27,254704.77,9433.51,0,0,1,2025,10,43,Autumn,Product 030,Storage,Sofa,2023-05-03,5715.03,9433.51,3718.48,0
2025-10-20,SKU031,114,993616.02,8715.93,0,0,1,2025,10,43,Autumn,Product 031,Furniture,Chair,2023-05-11,6300.65,8715.93,2415.28,0
2025-10-20,SKU032,52,291854.68,5612.59,0,0,1,2025,10,43,Autumn,Product 032,Home Decor,Table,2022-09-07,3806.6,5612.59,1805.99,0
2025-10-20,SKU033,95,338010.0,3558.0,0,0,1,2025,10,43,Autumn,Product 033,Kitchen,Cushion,2022-04-12,4657.74,3558.0,-1099.74,1
2025-10-20,SKU034,101,153332.14,1518.14,0,0,1,2025,10,43,Autumn,Product 034,Lighting,Cookware,2023-09-03,1333.43,1518.14,184.71,0
2025-10-20,SKU035,135,1467475.65,10870.19,0,0,1,2025,10,43,Autumn,Product 035,Storage,Lamp,2024-09-03,1137.61,10870.19,9732.58,0
2025-10-20,SKU036,34,193358.0,5687.0,0,0,1,2025,10,43,Autumn,Product 036,Furniture,Shelf,2022-03-12,5430.12,5687.0,256.88,0
2025-10-20,SKU037,139,381891.38,2747.42,0,0,1,2025,10,43,Autumn,Product 037,Home Decor,Cabinet,2024-08-02,3901.0,2747.42,-1153.58,1
2025-10-20,SKU038,44,173760.4,3949.1,0,0,1,2025,10,43,Autumn,Product 038,Kitchen,Rug,2024-06-29,4630.58,3949.1,-681.48,1
2025-10-20,SKU039,19,135260.05,7118.95,0,0,1,2025,10,43,Autumn,Product 039,Lighting,Organizer,2022-11-01,6178.74,7118.95,940.21,0
2025-10-20,SKU040,91,223000.96,2450.56,0,0,1,2025,10,43,Autumn,Product 040,Storage,Sofa,2023-11-26,5169.07,2450.56,-2718.51,1
2025-10-20,SKU041,52,537509.96,10336.73,0,0,1,2025,10,43,Autumn,Product 041,Furniture,Chair,2022-07-01,4540.24,10336.73,5796.49,0
2025-10-20,SKU042,117,1076263.11,9198.83,0,0,1,2025,10,43,Autumn,Product 042,Home Decor,Table,2024-04-13,4583.86,9198.83,4614.97,0
2025-10-20,SKU043,117,1023255.09,8745.77,0,0,1,2025,10,43,Autumn,Product 043,Kitchen,Cushion,2024-02-10,2605.61,8745.77,6140.16,0
2025-10-20,SKU044,53,286850.84,5412.28,0,0,1,2025,10,43,Autumn,Product 044,Lighting,Cookware,2023-01-25,488.84,5412.28,4923.44,0
2025-10-20,SKU045,143,1097779.54,7676.78,0,0,1,2025,10,43,Autumn,Product 045,Storage,Lamp,2022-03-16,3634.56,7676.78,4042.22,0
2025-10-20,SKU046,50,358777.0,7175.54,0,0,1,2025,10,43,Autumn,Product 046,Furniture,Shelf,2024-12-03,1913.03,7175.54,5262.51,0
2025-10-20,SKU047,75,595366.5,7938.22,0,0,1,2025,10,43,Autumn,Product 047,Home Decor,Cabinet,2023-05-06,3416.1,7938.22,4522.12,0
2025-10-20,SKU048,31,42766.05,1379.55,0,0,1,2025,10,43,Autumn,Product 048,Kitchen,Rug,2024-09-09,6863.87,1379.55,-5484.32,1
2025-10-20,SKU049,138,720825.06,5223.37,0,0,1,2025,10,43,Autumn,Product 049,Lighting,Organizer,2024-01-16,2063.03,5223.37,3160.34,0
2025-10-20,SKU050,31,27364.32,882.72,0,0,1,2025,10,43,Autumn,Product 050,Storage,Sofa,2024-05-06,701.85,882.72,180.87,0
2025-10-27,SKU001,93,340756.65,3664.05,2,2,0,2025,10,44,Autumn,Product 001,Furniture,Chair,2022-04-09,1758.45,3664.05,1905.6,0
2025-10-27,SKU002,70,266398.3,3805.69,2,2,0,2025,10,44,Autumn,Product 002,Home Decor,Table,2024-05-01,3867.09,3805.69,-61.4,1
2025-10-27,SKU003,41,331207.43,8078.23,2,2,0,2025,10,44,Autumn,Product 003,Kitchen,Cushion,2023-12-22,589.48,8078.23,7488.75,0
2025-10-27,SKU004,32,219570.24,6861.57,2,2,0,2025,10,44,Autumn,Product 004,Lighting,Cookware,2023-04-28,1445.74,6861.57,5415.83,0
2025-10-27,SKU005,104,987294.88,9493.22,2,2,0,2025,10,44,Autumn,Product 005,Storage,Lamp,2023-04-22,5543.63,9493.22,3949.59,0
2025-10-27,SKU006,36,291817.44,8106.04,2,2,0,2025,10,44,Autumn,Product 006,Furniture,Shelf,2024-08-02,6021.91,8106.04,2084.13,0
2025-10-27,SKU007,152,777341.68,5114.09,2,2,0,2025,10,44,Autumn,Product 007,Home Decor,Cabinet,2022-04-05,7748.2,5114.09,-2634.11,1
2025-10-27,SKU008,100,984264.0,9842.64,2,2,0,2025,10,44,Autumn,Product 008,Kitchen,Rug,2024-02-07,2775.15,9842.64,7067.49,0
2025-10-27,SKU009,78,182277.42,2336.89,2,2,0,2025,10,44,Autumn,Product 009,Lighting,Organizer,2022-08-10,3121.06,2336.89,-784.17,1
2025-10-27,SKU010,120,79615.2,663.46,2,2,0,2025,10,44,Autumn,Product 010,Storage,Sofa,2022-04-14,3889.06,663.46,-3225.6,1
2025-10-27,SKU011,19,27446.64,1444.56,2,2,0,2025,10,44,Autumn,Product 011,Furniture,Chair,2023-08-03,1718.4,1444.56,-273.84,1
2025-10-27,SKU012,151,1325684.87,8779.37,2,2,0,2025,10,44,Autumn,Product 012,Home Decor,Table,2024-12-09,1256.89,8779.37,7522.48,0
2025-10-27,SKU013,79,454864.62,5757.78,2,2,0,2025,10,44,Autumn,Product 013,Kitchen,Cushion,2024-03-20,3936.71,5757.78,1821.07,0
2025-10-27,SKU014,127,288385.25,2270.75,2,2,0,2025,10,44,Autumn,Product 014,Lighting,Cookware,2024-04-17,2008.55,2270.75,262.2,0
2025-10-27,SKU015,17,105606.04,6212.12,2,2,0,2025,10,44,Autumn,Product 015,Storage,Lamp,2024-02-29,5441.06,6212.12,771.06,0
2025-10-27,SKU016,109,236183.38,2166.82,2,2,0,2025,10,44,Autumn,Product 016,Furniture,Shelf,2024-05-14,3637.93,2166.82,-1471.11,1
2025-10-27,SKU017,83,703617.56,8477.32,2,2,0,2025,10,44,Autumn,Product 017,Home Decor,Cabinet,2023-07-19,6703.26,8477.32,1774.06,0
2025-10-27,SKU018,166,925518.06,5575.41,2,2,0,2025,10,44,Autumn,Product 018,Kitchen,Rug,2022-05-21,5677.05,5575.41,-101.64,1
2025-10-27,SKU019,91,438606.35,4819.85,2,2,0,2025,10,44,Autumn,Product 019,Lighting,Organizer,2024-07-12,2670.84,4819.85,2149.01,0
2025-10-27,SKU020,101,393651.54,3897.54,2,2,0,2025,10,44,Autumn,Product 020,Storage,Sofa,2023-05-11,6700.01,3897.54,-2802.47,1
2025-10-27,SKU021,58,447254.24,7711.28,2,2,0,2025,10,44,Autumn,Product 021,Furniture,Chair,2023-07-05,6486.92,7711.28,1224.36,0
2025-10-27,SKU022,62,285015.86,4597.03,2,2,0,2025,10,44,Autumn,Product 022,Home Decor,Table,2023-02-12,3252.96,4597.03,1344.07,0
2025-10-27,SKU023,84,119006.16,1416.74,2,2,0,2025,10,44,Autumn,Product 023,Kitchen,Cushion,2022-07-20,2484.54,1416.74,-1067.8,1
2025-10-27,SKU024,83,146816.21,1768.87,2,2,0,2025,10,44,Autumn,Product 024,Lighting,Cookware,2024-10-16,5539.34,1768.87,-3770.47,1
2025-10-27,SKU025,20,231160.2,11558.01,2,2,0,2025,10,44,Autumn,Product 025,Storage,Lamp,2024-05-09,1333.08,11558.01,10224.93,0
2025-10-27,SKU026,141,1542475.14,10939.54,2,2,0,2025,10,44,Autumn,Product 026,Furniture,Shelf,2023-12-10,1799.29,10939.54,9140.25,0
2025-10-27,SKU027,136,1158257.6,8516.6,2,2,0,2025,10,44,Autumn,Product 027,Home Decor,Cabinet,2023-03-19,307.06,8516.6,8209.54,0
2025-10-27,SKU028,31,108006.79,3484.09,2,2,0,2025,10,44,Autumn,Product 028,Kitchen,Rug,2024-06-24,6348.66,3484.09,-2864.57,1
2025-10-27,SKU029,104,1210814.8,11642.45,2,2,0,2025,10,44,Autumn,Product 029,Lighting,Organizer,2023-08-23,5402.59,11642.45,6239.86,0
2025-10-27,SKU030,28,264138.28,9433.51,2,2,0,2025,10,44,Autumn,Product 030,Storage,Sofa,2023-05-03,5715.03,9433.51,3718.48,0
2025-10-27,SKU031,110,958752.3,8715.93,2,2,0,2025,10,44,Autumn,Product 031,Furniture,Chair,2023-05-11,6300.65,8715.93,2415.28,0
2025-10-27,SKU032,67,376043.53,5612.59,2,2,0,2025,10,44,Autumn,Product 032,Home Decor,Table,2022-09-07,3806.6,5612.59,1805.99,0
2025-10-27,SKU033,95,338010.0,3558.0,2,2,0,2025,10,44,Autumn,Product 033,Kitchen,Cushion,2022-04-12,4657.74,3558.0,-1099.74,1
2025-10-27,SKU034,122,185213.08,1518.14,2,2,0,2025,10,44,Autumn,Product 034,Lighting,Cookware,2023-09-03,1333.43,1518.14,184.71,0
2025-10-27,SKU035,117,1271812.23,10870.19,2,2,0,2025,10,44,Autumn,Product 035,Storage,Lamp,2024-09-03,1137.61,10870.19,9732.58,0
2025-10-27,SKU036,29,164923.0,5687.0,2,2,0,2025,10,44,Autumn,Product 036,Furniture,Shelf,2022-03-12,5430.12,5687.0,256.88,0
2025-10-27,SKU037,154,423102.68,2747.42,2,2,0,2025,10,44,Autumn,Product 037,Home Decor,Cabinet,2024-08-02,3901.0,2747.42,-1153.58,1
2025-10-27,SKU038,37,146116.7,3949.1,2,2,0,2025,10,44,Autumn,Product 038,Kitchen,Rug,2024-06-29,4630.58,3949.1,-681.48,1
2025-10-27,SKU039,18,128141.1,7118.95,2,2,0,2025,10,44,Autumn,Product 039,Lighting,Organizer,2022-11-01,6178.74,7118.95,940.21,0
2025-10-27,SKU040,103,252407.68,2450.56,2,2,0,2025,10,44,Autumn,Product 040,Storage,Sofa,2023-11-26,5169.07,2450.56,-2718.51,1
2025-10-27,SKU041,67,692560.91,10336.73,2,2,0,2025,10,44,Autumn,Product 041,Furniture,Chair,2022-07-01,4540.24,10336.73,5796.49,0
2025-10-27,SKU042,134,1232643.22,9198.83,2,2,0,2025,10,44,Autumn,Product 042,Home Decor,Table,2024-04-13,4583.86,9198.83,4614.97,0
2025-10-27,SKU043,147,1285628.19,8745.77,2,2,0,2025,10,44,Autumn,Product 043,Kitchen,Cushion,2024-02-10,2605.61,8745.77,6140.16,0
2025-10-27,SKU044,60,324736.8,5412.28,2,2,0,2025,10,44,Autumn,Product 044,Lighting,Cookware,2023-01-25,488.84,5412.28,4923.44,0
2025-10-27,SKU045,143,1097779.54,7676.78,2,2,0,2025,10,44,Autumn,Product 045,Storage,Lamp,2022-03-16,3634.56,7676.78,4042.22,0
2025-10-27,SKU046,64,459234.56,7175.54,2,2,0,2025,10,44,Autumn,Product 046,Furniture,Shelf,2024-12-03,1913.03,7175.54,5262.51,0
2025-10-27,SKU047,101,801760.22,7938.22,2,2,0,2025,10,44,Autumn,Product 047,Home Decor,Cabinet,2023-05-06,3416.1,7938.22,4522.12,0
2025-10-27,SKU048,61,84152.55,1379.55,2,2,0,2025,10,44,Autumn,Product 048,Kitchen,Rug,2024-09-09,6863.87,1379.55,-5484.32,1
2025-10-27,SKU049,150,783505.5,5223.37,2,2,0,2025,10,44,Autumn,Product 049,Lighting,Organizer,2024-01-16,2063.03,5223.37,3160.34,0
2025-10-27,SKU050,32,28247.04,882.72,2,2,0,2025,10,44,Autumn,Product 050,Storage,Sofa,2024-05-06,701.85,882.72,180.87,0
2025-11-03,SKU001,92,337092.6,3664.05,2,2,0,2025,11,45,Autumn,Product 001,Furniture,Chair,2022-04-09,1758.45,3664.05,1905.6,0
2025-11-03,SKU002,72,274009.68,3805.69,2,2,0,2025,11,45,Autumn,Product 002,Home Decor,Table,2024-05-01,3867.09,3805.69,-61.4,1
2025-11-03,SKU003,39,315050.97,8078.23,2,2,0,2025,11,45,Autumn,Product 003,Kitchen,Cushion,2023-12-22,589.48,8078.23,7488.75,0
2025-11-03,SKU004,27,185262.39,6861.57,2,2,0,2025,11,45,Autumn,Product 004,Lighting,Cookware,2023-04-28,1445.74,6861.57,5415.83,0
2025-11-03,SKU005,114,1082227.08,9493.22,2,2,0,2025,11,45,Autumn,Product 005,Storage,Lamp,2023-04-22,5543.63,9493.22,3949.59,0
2025-11-03,SKU006,39,316135.56,8106.04,2,2,0,2025,11,45,Autumn,Product 006,Furniture,Shelf,2024-08-02,6021.91,8106.04,2084.13,0
2025-11-03,SKU007,142,726200.78,5114.09,2,2,0,2025,11,45,Autumn,Product 007,Home Decor,Cabinet,2022-04-05,7748.2,5114.09,-2634.11,1
2025-11-03,SKU008,112,1102375.68,9842.64,2,2,0,2025,11,45,Autumn,Product 008,Kitchen,Rug,2024-02-07,2775.15,9842.64,7067.49,0
2025-11-03,SKU009,55,128528.95,2336.89,2,2,0,2025,11,45,Autumn,Product 009,Lighting,Organizer,2022-08-10,3121.06,2336.89,-784.17,1
2025-11-03,SKU010,91,60374.86,663.46,2,2,0,2025,11,45,Autumn,Product 010,Storage,Sofa,2022-04-14,3889.06,663.46,-3225.6,1
2025-11-03,SKU011,19,27446.64,1444.56,2,2,0,2025,11,45,Autumn,Product 011,Furniture,Chair,2023-08-03,1718.4,1444.56,-273.84,1
2025-11-03,SKU012,155,1360802.35,8779.37,2,2,0,2025,11,45,Autumn,Product 012,Home Decor,Table,2024-12-09,1256.89,8779.37,7522.48,0
2025-11-03,SKU013,84,483653.52,5757.78,2,2,0,2025,11,45,Autumn,Product 013,Kitchen,Cushion,2024-03-20,3936.71,5757.78,1821.07,0
2025-11-03,SKU014,117,265677.75,2270.75,2,2,0,2025,11,45,Autumn,Product 014,Lighting,Cookware,2024-04-17,2008.55,2270.75,262.2,0
2025-11-03,SKU015,13,80757.56,6212.12,2,2,0,2025,11,45,Autumn,Product 015,Storage,Lamp,2024-02-29,5441.06,6212.12,771.06,0
2025-11-03,SKU016,92,199347.44,2166.82,2,2,0,2025,11,45,Autumn,Product 016,Furniture,Shelf,2024-05-14,3637.93,2166.82,-1471.11,1
2025-11-03,SKU017,103,873163.96,8477.32,2,2,0,2025,11,45,Autumn,Product 017,Home Decor,Cabinet,2023-07-19,6703.26,8477.32,1774.06,0
2025-11-03,SKU018,157,875339.37,5575.41,2,2,0,2025,11,45,Autumn,Product 018,Kitchen,Rug,2022-05-21,5677.05,5575.41,-101.64,1
2025-11-03,SKU019,103,496444.55,4819.85,2,2,0,2025,11,45,Autumn,Product 019,Lighting,Organizer,2024-07-12,2670.84,4819.85,2149.01,0
2025-11-03,SKU020,78,304008.12,3897.54,2,2,0,2025,11,45,Autumn,Product 020,Storage,Sofa,2023-05-11,6700.01,3897.54,-2802.47,1
2025-11-03,SKU021,46,354718.88,7711.28,2,2,0,2025,11,45,Autumn,Product 021,Furniture,Chair,2023-07-05,6486.92,7711.28,1224.36,0
2025-11-03,SKU022,44,202269.32,4597.03,2,2,0,2025,11,45,Autumn,Product 022,Home Decor,Table,2023-02-12,3252.96,4597.03,1344.07,0
2025-11-03,SKU023,91,128923.34,1416.74,2,2,0,2025,11,45,Autumn,Product 023,Kitchen,Cushion,2022-07-20,2484.54,1416.74,-1067.8,1
2025-11-03,SKU024,82,145047.34,1768.87,2,2,0,2025,11,45,Autumn,Product 024,Lighting,Cookware,2024-10-16,5539.34,1768.87,-3770.47,1
2025-11-03,SKU025,18,208044.18,11558.01,2,2,0,2025,11,45,Autumn,Product 025,Storage,Lamp,2024-05-09,1333.08,11558.01,10224.93,0
2025-11-03,SKU026,127,1389321.58,10939.54,2,2,0,2025,11,45,Autumn,Product 026,Furniture,Shelf,2023-12-10,1799.29,10939.54,9140.25,0
2025-11-03,SKU027,147,1251940.2,8516.6,2,2,0,2025,11,45,Autumn,Product 027,Home Decor,Cabinet,2023-03-19,307.06,8516.6,8209.54,0
2025-11-03,SKU028,30,104522.7,3484.09,2,2,0,2025,11,45,Autumn,Product 028,Kitchen,Rug,2024-06-24,6348.66,3484.09,-2864.57,1
2025-11-03,SKU029,88,1024535.6,11642.45,2,2,0,2025,11,45,Autumn,Product 029,Lighting,Organizer,2023-08-23,5402.59,11642.45,6239.86,0
2025-11-03,SKU030,25,235837.75,9433.51,2,2,0,2025,11,45,Autumn,Product 030,Storage,Sofa,2023-05-03,5715.03,9433.51,3718.48,0
2025-11-03,SKU031,109,950036.37,8715.93,2,2,0,2025,11,45,Autumn,Product 031,Furniture,Chair,2023-05-11,6300.65,8715.93,2415.28,0
2025-11-03,SKU032,61,342367.99,5612.59,2,2,0,2025,11,45,Autumn,Product 032,Home Decor,Table,2022-09-07,3806.6,5612.59,1805.99,0
2025-11-03,SKU033,119,423402.0,3558.0,2,2,0,2025,11,45,Autumn,Product 033,Kitchen,Cushion,2022-04-12,4657.74,3558.0,-1099.74,1
2025-11-03,SKU034,129,195840.06,1518.14,2,2,0,2025,11,45,Autumn,Product 034,Lighting,Cookware,2023-09-03,1333.43,1518.14,184.71,0
2025-11-03,SKU035,113,1228331.47,10870.19,2,2,0,2025,11,45,Autumn,Product 035,Storage,Lamp,2024-09-03,1137.61,10870.19,9732.58,0
2025-11-03,SKU036,27,153549.0,5687.0,2,2,0,2025,11,45,Autumn,Product 036,Furniture,Shelf,2022-03-12,5430.12,5687.0,256.88,0
2025-11-03,SKU037,171,469808.82,2747.42,2,2,0,2025,11,45,Autumn,Product 037,Home Decor,Cabinet,2024-08-02,3901.0,2747.42,-1153.58,1
2025-11-03,SKU038,50,197455.0,3949.1,2,2,0,2025,11,45,Autumn,Product 038,Kitchen,Rug,2024-06-29,4630.58,3949.1,-681.48,1
2025-11-03,SKU039,18,128141.1,7118.95,2,2,0,2025,11,45,Autumn,Product 039,Lighting,Organizer,2022-11-01,6178.74,7118.95,940.21,0
2025-11-03,SKU040,89,218099.84,2450.56,2,2,0,2025,11,45,Autumn,Product 040,Storage,Sofa,2023-11-26,5169.07,2450.56,-2718.51,1
2025-11-03,SKU041,79,816601.67,10336.73,2,2,0,2025,11,45,Autumn,Product 041,Furniture,Chair,2022-07-01,4540.24,10336.73,5796.49,0
2025-11-03,SKU042,141,1297035.03,9198.83,2,2,0,2025,11,45,Autumn,Product 042,Home Decor,Table,2024-04-13,4583.86,9198.83,4614.97,0
2025-11-03,SKU043,148,1294373.96,8745.77,2,2,0,2025,11,45,Autumn,Product 043,Kitchen,Cushion,2024-02-10,2605.61,8745.77,6140.16,0
2025-11-03,SKU044,58,313912.24,5412.28,2,2,0,2025,11,45,Autumn,Product 044,Lighting,Cookware,2023-01-25,488.84,5412.28,4923.44,0
2025-11-03,SKU045,154,1182224.12,7676.78,2,2,0,2025,11,45,Autumn,Product 045,Storage,Lamp,2022-03-16,3634.56,7676.78,4042.22,0
2025-11-03,SKU046,49,351601.46,7175.54,2,2,0,2025,11,45,Autumn,Product 046,Furniture,Shelf,2024-12-03,1913.03,7175.54,5262.51,0
2025-11-03,SKU047,102,809698.44,7938.22,2,2,0,2025,11,45,Autumn,Product 047,Home Decor,Cabinet,2023-05-06,3416.1,7938.22,4522.12,0
2025-11-03,SKU048,63,86911.65,1379.55,2,2,0,2025,11,45,Autumn,Product 048,Kitchen,Rug,2024-09-09,6863.87,1379.55,-5484.32,1
2025-11-03,SKU049,152,793952.24,5223.37,2,2,0,2025,11,45,Autumn,Product 049,Lighting,Organizer,2024-01-16,2063.03,5223.37,3160.34,0
2025-11-03,SKU050,46,40605.12,882.72,2,2,0,2025,11,45,Autumn,Product 050,Storage,Sofa,2024-05-06,701.85,882.72,180.87,0
2025-11-10,SKU001,87,318772.35,3664.05,2,2,0,2025,11,46,Autumn,Product 001,Furniture,Chair,2022-04-09,1758.45,3664.05,1905.6,0
2025-11-10,SKU002,60,228341.4,3805.69,2,2,0,2025,11,46,Autumn,Product 002,Home Decor,Table,2024-05-01,3867.09,3805.69,-61.4,1
2025-11-10,SKU003,37,298894.51,8078.23,2,2,0,2025,11,46,Autumn,Product 003,Kitchen,Cushion,2023-12-22,589.48,8078.23,7488.75,0
2025-11-10,SKU004,31,212708.67,6861.57,2,2,0,2025,11,46,Autumn,Product 004,Lighting,Cookware,2023-04-28,1445.74,6861.57,5415.83,0
2025-11-10,SKU005,102,968308.44,9493.22,2,2,0,2025,11,46,Autumn,Product 005,Storage,Lamp,2023-04-22,5543.63,9493.22,3949.59,0
2025-11-10,SKU006,31,251287.24,8106.04,2,2,0,2025,11,46,Autumn,Product 006,Furniture,Shelf,2024-08-02,6021.91,8106.04,2084.13,0
2025-11-10,SKU007,131,669945.79,5114.09,2,2,0,2025,11,46,Autumn,Product 007,Home Decor,Cabinet,2022-04-05,7748.2,5114.09,-2634.11,1
2025-11-10,SKU008,94,925208.16,9842.64,2,2,0,2025,11,46,Autumn,Product 008,Kitchen,Rug,2024-02-07,2775.15,9842.64,7067.49,0
2025-11-10,SKU009,62,144887.18,2336.89,2,2,0,2025,11,46,Autumn,Product 009,Lighting,Organizer,2022-08-10,3121.06,2336.89,-784.17,1
2025-11-10,SKU010,105,69663.3,663.46,2,2,0,2025,11,46,Autumn,Product 010,Storage,Sofa,2022-04-14,3889.06,663.46,-3225.6,1
2025-11-10,SKU011,25,36114.0,1444.56,2,2,0,2025,11,46,Autumn,Product 011,Furniture,Chair,2023-08-03,1718.4,1444.56,-273.84,1
2025-11-10,SKU012,163,1431037.31,8779.37,2,2,0,2025,11,46,Autumn,Product 012,Home Decor,Table,2024-12-09,1256.89,8779.37,7522.48,0
2025-11-10,SKU013,89,512442.42,5757.78,2,2,0,2025,11,46,Autumn,Product 013,Kitchen,Cushion,2024-03-20,3936.71,5757.78,1821.07,0
2025-11-10,SKU014,130,295197.5,2270.75,2,2,0,2025,11,46,Autumn,Product 014,Lighting,Cookware,2024-04-17,2008.55,2270.75,262.2,0
2025-11-10,SKU015,24,149090.88,6212.12,2,2,0,2025,11,46,Autumn,Product 015,Storage,Lamp,2024-02-29,5441.06,6212.12,771.06,0
2025-11-10,SKU016,95,205847.9,2166.82,2,2,0,2025,11,46,Autumn,Product 016,Furniture,Shelf,2024-05-14,3637.93,2166.82,-1471.11,1
2025-11-10,SKU017,88,746004.16,8477.32,2,2,0,2025,11,46,Autumn,Product 017,Home Decor,Cabinet,2023-07-19,6703.26,8477.32,1774.06,0
2025-11-10,SKU018,142,791708.22,5575.41,2,2,0,2025,11,46,Autumn,Product 018,Kitchen,Rug,2022-05-21,5677.05,5575.41,-101.64,1
2025-11-10,SKU019,112,539823.2,4819.85,2,2,0,2025,11,46,Autumn,Product 019,Lighting,Organizer,2024-07-12,2670.84,4819.85,2149.01,0
2025-11-10,SKU020,92,358573.68,3897.54,2,2,0,2025,11,46,Autumn,Product 020,Storage,Sofa,2023-05-11,6700.01,3897.54,-2802.47,1
2025-11-10,SKU021,45,347007.6,7711.28,2,2,0,2025,11,46,Autumn,Product 021,Furniture,Chair,2023-07-05,6486.92,7711.28,1224.36,0
2025-11-10,SKU022,78,358568.34,4597.03,2,2,0,2025,11,46,Autumn,Product 022,Home Decor,Table,2023-02-12,3252.96,4597.03,1344.07,0
2025-11-10,SKU023,88,124673.12,1416.74,2,2,0,2025,11,46,Autumn,Product 023,Kitchen,Cushion,2022-07-20,2484.54,1416.74,-1067.8,1
2025-11-10,SKU024,82,145047.34,1768.87,2,2,0,2025,11,46,Autumn,Product 024,Lighting,Cookware,2024-10-16,5539.34,1768.87,-3770.47,1
2025-11-10,SKU025,18,208044.18,11558.01,2,2,0,2025,11,46,Autumn,Product 025,Storage,Lamp,2024-05-09,1333.08,11558.01,10224.93,0
2025-11-10,SKU026,130,1422140.2,10939.54,2,2,0,2025,11,46,Autumn,Product 026,Furniture,Shelf,2023-12-10,1799.29,10939.54,9140.25,0
2025-11-10,SKU027,149,1268973.4,8516.6,2,2,0,2025,11,46,Autumn,Product 027,Home Decor,Cabinet,2023-03-19,307.06,8516.6,8209.54,0
2025-11-10,SKU028,40,139363.6,3484.09,2,2,0,2025,11,46,Autumn,Product 028,Kitchen,Rug,2024-06-24,6348.66,3484.09,-2864.57,1
2025-11-10,SKU029,98,1140960.1,11642.45,2,2,0,2025,11,46,Autumn,Product 029,Lighting,Organizer,2023-08-23,5402.59,11642.45,6239.86,0
2025-11-10,SKU030,34,320739.34,9433.51,2,2,0,2025,11,46,Autumn,Product 030,Storage,Sofa,2023-05-03,5715.03,9433.51,3718.48,0
2025-11-10,SKU031,131,1141786.83,8715.93,2,2,0,2025,11,46,Autumn,Product 031,Furniture,Chair,2023-05-11,6300.65,8715.93,2415.28,0
2025-11-10,SKU032,54,303079.86,5612.59,2,2,0,2025,11,46,Autumn,Product 032,Home Decor,Table,2022-09-07,3806.6,5612.59,1805.99,0
2025-11-10,SKU033,116,412728.0,3558.0,2,2,0,2025,11,46,Autumn,Product 033,Kitchen,Cushion,2022-04-12,4657.74,3558.0,-1099.74,1
2025-11-10,SKU034,118,179140.52,1518.14,2,2,0,2025,11,46,Autumn,Product 034,Lighting,Cookware,2023-09-03,1333.43,1518.14,184.71,0
2025-11-10,SKU035,124,1347903.56,10870.19,2,2,0,2025,11,46,Autumn,Product 035,Storage,Lamp,2024-09-03,1137.61,10870.19,9732.58,0
2025-11-10,SKU036,30,170610.0,5687.0,2,2,0,2025,11,46,Autumn,Product 036,Furniture,Shelf,2022-03-12,5430.12,5687.0,256.88,0
2025-11-10,SKU037,150,412113.0,2747.42,2,2,0,2025,11,46,Autumn,Product 037,Home Decor,Cabinet,2024-08-02,3901.0,2747.42,-1153.58,1
2025-11-10,SKU038,48,189556.8,3949.1,2,2,0,2025,11,46,Autumn,Product 038,Kitchen,Rug,2024-06-29,4630.58,3949.1,-681.48,1
2025-11-10,SKU039,24,170854.8,7118.95,2,2,0,2025,11,46,Autumn,Product 039,Lighting,Organizer,2022-11-01,6178.74,7118.95,940.21,0
2025-11-10,SKU040,98,240154.88,2450.56,2,2,0,2025,11,46,Autumn,Product 040,Storage,Sofa,2023-11-26,5169.07,2450.56,-2718.51,1
2025-11-10,SKU041,65,671887.45,10336.73,2,2,0,2025,11,46,Autumn,Product 041,Furniture,Chair,2022-07-01,4540.24,10336.73,5796.49,0
2025-11-10,SKU042,132,1214245.56,9198.83,2,2,0,2025,11,46,Autumn,Product 042,Home Decor,Table,2024-04-13,4583.86,9198.83,4614.97,0
2025-11-10,SKU043,145,1268136.65,8745.77,2,2,0,2025,11,46,Autumn,Product 043,Kitchen,Cushion,2024-02-10,2605.61,8745.77,6140.16,0
2025-11-10,SKU044,53,286850.84,5412.28,2,2,0,2025,11,46,Autumn,Product 044,Lighting,Cookware,2023-01-25,488.84,5412.28,4923.44,0
2025-11-10,SKU045,150,1151517.0,7676.78,2,2,0,2025,11,46,Autumn,Product 045,Storage,Lamp,2022-03-16,3634.56,7676.78,4042.22,0
2025-11-10,SKU046,56,401830.24,7175.54,2,2,0,2025,11,46,Autumn,Product 046,Furniture,Shelf,2024-12-03,1913.03,7175.54,5262.51,0
2025-11-10,SKU047,101,801760.22,7938.22,2,2,0,2025,11,46,Autumn,Product 047,Home Decor,Cabinet,2023-05-06,3416.1,7938.22,4522.12,0
2025-11-10,SKU048,47,64838.85,1379.55,2,2,0,2025,11,46,Autumn,Product 048,Kitchen,Rug,2024-09-09,6863.87,1379.55,-5484.32,1
2025-11-10,SKU049,160,835739.2,5223.37,2,2,0,2025,11,46,Autumn,Product 049,Lighting,Organizer,2024-01-16,2063.03,5223.37,3160.34,0
2025-11-10,SKU050,40,35308.8,882.72,2,2,0,2025,11,46,Autumn,Product 050,Storage,Sofa,2024-05-06,701.85,882.72,180.87,0
2025-11-17,SKU001,84,307780.2,3664.05,2,2,0,2025,11,47,Autumn,Product 001,Furniture,Chair,2022-04-09,1758.45,3664.05,1905.6,0
2025-11-17,SKU002,64,243564.16,3805.69,2,2,0,2025,11,47,Autumn,Product 002,Home Decor,Table,2024-05-01,3867.09,3805.69,-61.4,1
2025-11-17,SKU003,41,331207.43,8078.23,2,2,0,2025,11,47,Autumn,Product 003,Kitchen,Cushion,2023-12-22,589.48,8078.23,7488.75,0
2025-11-17,SKU004,28,192123.96,6861.57,2,2,0,2025,11,47,Autumn,Product 004,Lighting,Cookware,2023-04-28,1445.74,6861.57,5415.83,0
2025-11-17,SKU005,115,1091720.3,9493.22,2,2,0,2025,11,47,Autumn,Product 005,Storage,Lamp,2023-04-22,5543.63,9493.22,3949.59,0
2025-11-17,SKU006,45,364771.8,8106.04,2,2,0,2025,11,47,Autumn,Product 006,Furniture,Shelf,2024-08-02,6021.91,8106.04,2084.13,0
2025-11-17,SKU007,157,802912.13,5114.09,2,2,0,2025,11,47,Autumn,Product 007,Home Decor,Cabinet,2022-04-05,7748.2,5114.09,-2634.11,1
2025-11-17,SKU008,91,895680.24,9842.64,2,2,0,2025,11,47,Autumn,Product 008,Kitchen,Rug,2024-02-07,2775.15,9842.64,7067.49,0
2025-11-17,SKU009,63,147224.07,2336.89,2,2,0,2025,11,47,Autumn,Product 009,Lighting,Organizer,2022-08-10,3121.06,2336.89,-784.17,1
2025-11-17,SKU010,102,67672.92,663.46,2,2,0,2025,11,47,Autumn,Product 010,Storage,Sofa,2022-04-14,3889.06,663.46,-3225.6,1
2025-11-17,SKU011,9,13001.04,1444.56,2,2,0,2025,11,47,Autumn,Product 011,Furniture,Chair,2023-08-03,1718.4,1444.56,-273.84,1
2025-11-17,SKU012,155,1360802.35,8779.37,2,2,0,2025,11,47,Autumn,Product 012,Home Decor,Table,2024-12-09,1256.89,8779.37,7522.48,0
2025-11-17,SKU013,80,460622.4,5757.78,2,2,0,2025,11,47,Autumn,Product 013,Kitchen,Cushion,2024-03-20,3936.71,5757.78,1821.07,0
2025-11-17,SKU014,130,295197.5,2270.75,2,2,0,2025,11,47,Autumn,Product 014,Lighting,Cookware,2024-04-17,2008.55,2270.75,262.2,0
2025-11-17,SKU015,24,149090.88,6212.12,2,2,0,2025,11,47,Autumn,Product 015,Storage,Lamp,2024-02-29,5441.06,6212.12,771.06,0
2025-11-17,SKU016,75,162511.5,2166.82,2,2,0,2025,11,47,Autumn,Product 016,Furniture,Shelf,2024-05-14,3637.93,2166.82,-1471.11,1
2025-11-17,SKU017,87,737526.84,8477.32,2,2,0,2025,11,47,Autumn,Product 017,Home Decor,Cabinet,2023-07-19,6703.26,8477.32,1774.06,0
2025-11-17,SKU018,150,836311.5,5575.41,2,2,0,2025,11,47,Autumn,Product 018,Kitchen,Rug,2022-05-21,5677.05,5575.41,-101.64,1
2025-11-17,SKU019,110,530183.5,4819.85,2,2,0,2025,11,47,Autumn,Product 019,Lighting,Organizer,2024-07-12,2670.84,4819.85,2149.01,0
2025-11-17,SKU020,81,315700.74,3897.54,2,2,0,2025,11,47,Autumn,Product 020,Storage,Sofa,2023-05-11,6700.01,3897.54,-2802.47,1
2025-11-17,SKU021,43,331585.04,7711.28,2,2,0,2025,11,47,Autumn,Product 021,Furniture,Chair,2023-07-05,6486.92,7711.28,1224.36,0
2025-11-17,SKU022,53,243642.59,4597.03,2,2,0,2025,11,47,Autumn,Product 022,Home Decor,Table,2023-02-12,3252.96,4597.03,1344.07,0
2025-11-17,SKU023,88,124673.12,1416.74,2,2,0,2025,11,47,Autumn,Product 023,Kitchen,Cushion,2022-07-20,2484.54,1416.74,-1067.8,1
2025-11-17,SKU024,80,141509.6,1768.87,2,2,0,2025,11,47,Autumn,Product 024,Lighting,Cookware,2024-10-16,5539.34,1768.87,-3770.47,1
2025-11-17,SKU025,12,138696.12,11558.01,2,2,0,2025,11,47,Autumn,Product 025,Storage,Lamp,2024-05-09,1333.08,11558.01,10224.93,0
2025-11-17,SKU026,128,1400261.12,10939.54,2,2,0,2025,11,47,Autumn,Product 026,Furniture,Shelf,2023-12-10,1799.29,10939.54,9140.25,0
2025-11-17,SKU027,163,1388205.8,8516.6,2,2,0,2025,11,47,Autumn,Product 027,Home Decor,Cabinet,2023-03-19,307.06,8516.6,8209.54,0
2025-11-17,SKU028,39,135879.51,3484.09,2,2,0,2025,11,47,Autumn,Product 028,Kitchen,Rug,2024-06-24,6348.66,3484.09,-2864.57,1
2025-11-17,SKU029,97,1129317.65,11642.45,2,2,0,2025,11,47,Autumn,Product 029,Lighting,Organizer,2023-08-23,5402.59,11642.45,6239.86,0
2025-11-17,SKU030,33,311305.83,9433.51,2,2,0,2025,11,47,Autumn,Product 030,Storage,Sofa,2023-05-03,5715.03,9433.51,3718.48,0
2025-11-17,SKU031,113,984900.09,8715.93,2,2,0,2025,11,47,Autumn,Product 031,Furniture,Chair,2023-05-11,6300.65,8715.93,2415.28,0
2025-11-17,SKU032,70,392881.3,5612.59,2,2,0,2025,11,47,Autumn,Product 032,Home Decor,Table,2022-09-07,3806.6,5612.59,1805.99,0
2025-11-17,SKU033,120,426960.0,3558.0,2,2,0,2025,11,47,Autumn,Product 033,Kitchen,Cushion,2022-04-12,4657.74,3558.0,-1099.74,1
2025-11-17,SKU034,133,201912.62,1518.14,2,2,0,2025,11,47,Autumn,Product 034,Lighting,Cookware,2023-09-03,1333.43,1518.14,184.71,0
2025-11-17,SKU035,133,1445735.27,10870.19,2,2,0,2025,11,47,Autumn,Product 035,Storage,Lamp,2024-09-03,1137.61,10870.19,9732.58,0
2025-11-17,SKU036,35,199045.0,5687.0,2,2,0,2025,11,47,Autumn,Product 036,Furniture,Shelf,2022-03-12,5430.12,5687.0,256.88,0
2025-11-17,SKU037,166,456071.72,2747.42,2,2,0,2025,11,47,Autumn,Product 037,Home Decor,Cabinet,2024-08-02,3901.0,2747.42,-1153.58,1
2025-11-17,SKU038,61,240895.1,3949.1,2,2,0,2025,11,47,Autumn,Product 038,Kitchen,Rug,2024-06-29,4630.58,3949.1,-681.48,1
2025-11-17,SKU039,18,128141.1,7118.95,2,2,0,2025,11,47,Autumn,Product 039,Lighting,Organizer,2022-11-01,6178.74,7118.95,940.21,0
2025-11-17,SKU040,86,210748.16,2450.56,2,2,0,2025,11,47,Autumn,Product 040,Storage,Sofa,2023-11-26,5169.07,2450.56,-2718.51,1
2025-11-17,SKU041,52,537509.96,10336.73,2,2,0,2025,11,47,Autumn,Product 041,Furniture,Chair,2022-07-01,4540.24,10336.73,5796.49,0
2025-11-17,SKU042,124,1140654.92,9198.83,2,2,0,2025,11,47,Autumn,Product 042,Home Decor,Table,2024-04-13,4583.86,9198.83,4614.97,0
2025-11-17,SKU043,144,1259390.88,8745.77,2,2,0,2025,11,47,Autumn,Product 043,Kitchen,Cushion,2024-02-10,2605.61,8745.77,6140.16,0
2025-11-17,SKU044,46,248964.88,5412.28,2,2,0,2025,11,47,Autumn,Product 044,Lighting,Cookware,2023-01-25,488.84,5412.28,4923.44,0
2025-11-17,SKU045,155,1189900.9,7676.78,2,2,0,2025,11,47,Autumn,Product 045,Storage,Lamp,2022-03-16,3634.56,7676.78,4042.22,0
2025-11-17,SKU046,53,380303.62,7175.54,2,2,0,2025,11,47,Autumn,Product 046,Furniture,Shelf,2024-12-03,1913.03,7175.54,5262.51,0
2025-11-17,SKU047,81,642995.82,7938.22,2,2,0,2025,11,47,Autumn,Product 047,Home Decor,Cabinet,2023-05-06,3416.1,7938.22,4522.12,0
2025-11-17,SKU048,63,86911.65,1379.55,2,2,0,2025,11,47,Autumn,Product 048,Kitchen,Rug,2024-09-09,6863.87,1379.55,-5484.32,1
2025-11-17,SKU049,139,726048.43,5223.37,2,2,0,2025,11,47,Autumn,Product 049,Lighting,Organizer,2024-01-16,2063.03,5223.37,3160.34,0
2025-11-17,SKU050,41,36191.52,882.72,2,2,0,2025,11,47,Autumn,Product 050,Storage,Sofa,2024-05-06,701.85,882.72,180.87,0
2025-11-24,SKU001,84,307780.2,3664.05,2,2,0,2025,11,48,Autumn,Product 001,Furniture,Chair,2022-04-09,1758.45,3664.05,1905.6,0
2025-11-24,SKU002,66,251175.54,3805.69,2,2,0,2025,11,48,Autumn,Product 002,Home Decor,Table,2024-05-01,3867.09,3805.69,-61.4,1
2025-11-24,SKU003,29,234268.67,8078.23,2,2,0,2025,11,48,Autumn,Product 003,Kitchen,Cushion,2023-12-22,589.48,8078.23,7488.75,0
2025-11-24,SKU004,22,150954.54,6861.57,2,2,0,2025,11,48,Autumn,Product 004,Lighting,Cookware,2023-04-28,1445.74,6861.57,5415.83,0
2025-11-24,SKU005,100,949322.0,9493.22,2,2,0,2025,11,48,Autumn,Product 005,Storage,Lamp,2023-04-22,5543.63,9493.22,3949.59,0
2025-11-24,SKU006,40,324241.6,8106.04,2,2,0,2025,11,48,Autumn,Product 006,Furniture,Shelf,2024-08-02,6021.91,8106.04,2084.13,0
2025-11-24,SKU007,181,925650.29,5114.09,2,2,0,2025,11,48,Autumn,Product 007,Home Decor,Cabinet,2022-04-05,7748.2,5114.09,-2634.11,1
2025-11-24,SKU008,117,1151588.88,9842.64,2,2,0,2025,11,48,Autumn,Product 008,Kitchen,Rug,2024-02-07,2775.15,9842.64,7067.49,0
2025-11-24,SKU009,66,154234.74,2336.89,2,2,0,2025,11,48,Autumn,Product 009,Lighting,Organizer,2022-08-10,3121.06,2336.89,-784.17,1
2025-11-24,SKU010,104,68999.84,663.46,2,2,0,2025,11,48,Autumn,Product 010,Storage,Sofa,2022-04-14,3889.06,663.46,-3225.6,1
2025-11-24,SKU011,15,21668.4,1444.56,2,2,0,2025,11,48,Autumn,Product 011,Furniture,Chair,2023-08-03,1718.4,1444.56,-273.84,1
2025-11-24,SKU012,161,1413478.57,8779.37,2,2,0,2025,11,48,Autumn,Product 012,Home Decor,Table,2024-12-09,1256.89,8779.37,7522.48,0
2025-11-24,SKU013,95,546989.1,5757.78,2,2,0,2025,11,48,Autumn,Product 013,Kitchen,Cushion,2024-03-20,3936.71,5757.78,1821.07,0
2025-11-24,SKU014,151,342883.25,2270.75,2,2,0,2025,11,48,Autumn,Product 014,Lighting,Cookware,2024-04-17,2008.55,2270.75,262.2,0
2025-11-24,SKU015,31,192575.72,6212.12,2,2,0,2025,11,48,Autumn,Product 015,Storage,Lamp,2024-02-29,5441.06,6212.12,771.06,0
2025-11-24,SKU016,71,153844.22,2166.82,2,2,0,2025,11,48,Autumn,Product 016,Furniture,Shelf,2024-05-14,3637.93,2166.82,-1471.11,1
2025-11-24,SKU017,90,762958.8,8477.32,2,2,0,2025,11,48,Autumn,Product 017,Home Decor,Cabinet,2023-07-19,6703.26,8477.32,1774.06,0
2025-11-24,SKU018,152,847462.32,5575.41,2,2,0,2025,11,48,Autumn,Product 018,Kitchen,Rug,2022-05-21,5677.05,5575.41,-101.64,1
2025-11-24,SKU019,88,424146.8,4819.85,2,2,0,2025,11,48,Autumn,Product 019,Lighting,Organizer,2024-07-12,2670.84,4819.85,2149.01,0
2025-11-24,SKU020,97,378061.38,3897.54,2,2,0,2025,11,48,Autumn,Product 020,Storage,Sofa,2023-05-11,6700.01,3897.54,-2802.47,1
2025-11-24,SKU021,47,362430.16,7711.28,2,2,0,2025,11,48,Autumn,Product 021,Furniture,Chair,2023-07-05,6486.92,7711.28,1224.36,0
2025-11-24,SKU022,69,317195.07,4597.03,2,2,0,2025,11,48,Autumn,Product 022,Home Decor,Table,2023-02-12,3252.96,4597.03,1344.07,0
2025-11-24,SKU023,90,127506.6,1416.74,2,2,0,2025,11,48,Autumn,Product 023,Kitchen,Cushion,2022-07-20,2484.54,1416.74,-1067.8,1
2025-11-24,SKU024,76,134434.12,1768.87,2,2,0,2025,11,48,Autumn,Product 024,Lighting,Cookware,2024-10-16,5539.34,1768.87,-3770.47,1
2025-11-24,SKU025,9,104022.09,11558.01,2,2,0,2025,11,48,Autumn,Product 025,Storage,Lamp,2024-05-09,1333.08,11558.01,10224.93,0
2025-11-24,SKU026,126,1378382.04,10939.54,2,2,0,2025,11,48,Autumn,Product 026,Furniture,Shelf,2023-12-10,1799.29,10939.54,9140.25,0
2025-11-24,SKU027,162,1379689.2,8516.6,2,2,0,2025,11,48,Autumn,Product 027,Home Decor,Cabinet,2023-03-19,307.06,8516.6,8209.54,0
2025-11-24,SKU028,34,118459.06,3484.09,2,2,0,2025,11,48,Autumn,Product 028,Kitchen,Rug,2024-06-24,6348.66,3484.09,-2864.57,1
2025-11-24,SKU029,96,1117675.2,11642.45,2,2,0,2025,11,48,Autumn,Product 029,Lighting,Organizer,2023-08-23,5402.59,11642.45,6239.86,0
2025-11-24,SKU030,26,245271.26,9433.51,2,2,0,2025,11,48,Autumn,Product 030,Storage,Sofa,2023-05-03,5715.03,9433.51,3718.48,0
2025-11-24,SKU031,104,906456.72,8715.93,2,2,0,2025,11,48,Autumn,Product 031,Furniture,Chair,2023-05-11,6300.65,8715.93,2415.28,0
2025-11-24,SKU032,50,280629.5,5612.59,2,2,0,2025,11,48,Autumn,Product 032,Home Decor,Table,2022-09-07,3806.6,5612.59,1805.99,0
2025-11-24,SKU033,121,430518.0,3558.0,2,2,0,2025,11,48,Autumn,Product 033,Kitchen,Cushion,2022-04-12,4657.74,3558.0,-1099.74,1
2025-11-24,SKU034,130,197358.2,1518.14,2,2,0,2025,11,48,Autumn,Product 034,Lighting,Cookware,2023-09-03,1333.43,1518.14,184.71,0
2025-11-24,SKU035,131,1423994.89,10870.19,2,2,0,2025,11,48,Autumn,Product 035,Storage,Lamp,2024-09-03,1137.61,10870.19,9732.58,0
2025-11-24,SKU036,31,176297.0,5687.0,2,2,0,2025,11,48,Autumn,Product 036,Furniture,Shelf,2022-03-12,5430.12,5687.0,256.88,0
2025-11-24,SKU037,144,395628.48,2747.42,2,2,0,2025,11,48,Autumn,Product 037,Home Decor,Cabinet,2024-08-02,3901.0,2747.42,-1153.58,1
2025-11-24,SKU038,61,240895.1,3949.1,2,2,0,2025,11,48,Autumn,Product 038,Kitchen,Rug,2024-06-29,4630.58,3949.1,-681.48,1
2025-11-24,SKU039,13,92546.35,7118.95,2,2,0,2025,11,48,Autumn,Product 039,Lighting,Organizer,2022-11-01,6178.74,7118.95,940.21,0
2025-11-24,SKU040,76,186242.56,2450.56,2,2,0,2025,11,48,Autumn,Product 040,Storage,Sofa,2023-11-26,5169.07,2450.56,-2718.51,1
2025-11-24,SKU041,83,857948.59,10336.73,2,2,0,2025,11,48,Autumn,Product 041,Furniture,Chair,2022-07-01,4540.24,10336.73,5796.49,0
2025-11-24,SKU042,142,1306233.86,9198.83,2,2,0,2025,11,48,Autumn,Product 042,Home Decor,Table,2024-04-13,4583.86,9198.83,4614.97,0
2025-11-24,SKU043,113,988272.01,8745.77,2,2,0,2025,11,48,Autumn,Product 043,Kitchen,Cushion,2024-02-10,2605.61,8745.77,6140.16,0
2025-11-24,SKU044,57,308499.96,5412.28,2,2,0,2025,11,48,Autumn,Product 044,Lighting,Cookware,2023-01-25,488.84,5412.28,4923.44,0
2025-11-24,SKU045,164,1258991.92,7676.78,2,2,0,2025,11,48,Autumn,Product 045,Storage,Lamp,2022-03-16,3634.56,7676.78,4042.22,0
2025-11-24,SKU046,52,373128.08,7175.54,2,2,0,2025,11,48,Autumn,Product 046,Furniture,Shelf,2024-12-03,1913.03,7175.54,5262.51,0
2025-11-24,SKU047,90,714439.8,7938.22,2,2,0,2025,11,48,Autumn,Product 047,Home Decor,Cabinet,2023-05-06,3416.1,7938.22,4522.12,0
2025-11-24,SKU048,36,49663.8,1379.55,2,2,0,2025,11,48,Autumn,Product 048,Kitchen,Rug,2024-09-09,6863.87,1379.55,-5484.32,1
2025-11-24,SKU049,159,830515.83,5223.37,2,2,0,2025,11,48,Autumn,Product 049,Lighting,Organizer,2024-01-16,2063.03,5223.37,3160.34,0
2025-11-24,SKU050,30,26481.6,882.72,2,2,0,2025,11,48,Autumn,Product 050,Storage,Sofa,2024-05-06,701.85,882.72,180.87,0
2025-12-01,SKU001,88,322436.4,3664.05,0,0,0,2025,12,49,Winter,Product 001,Furniture,Chair,2022-04-09,1758.45,3664.05,1905.6,0
2025-12-01,SKU002,51,194090.19,3805.69,0,0,0,2025,12,49,Winter,Product 002,Home Decor,Table,2024-05-01,3867.09,3805.69,-61.4,1
2025-12-01,SKU003,38,306972.74,8078.23,0,0,0,2025,12,49,Winter,Product 003,Kitchen,Cushion,2023-12-22,589.48,8078.23,7488.75,0
2025-12-01,SKU004,28,192123.96,6861.57,0,0,0,2025,12,49,Winter,Product 004,Lighting,Cookware,2023-04-28,1445.74,6861.57,5415.83,0
2025-12-01,SKU005,96,911349.12,9493.22,0,0,0,2025,12,49,Winter,Product 005,Storage,Lamp,2023-04-22,5543.63,9493.22,3949.59,0
2025-12-01,SKU006,37,299923.48,8106.04,0,0,0,2025,12,49,Winter,Product 006,Furniture,Shelf,2024-08-02,6021.91,8106.04,2084.13,0
2025-12-01,SKU007,145,741543.05,5114.09,0,0,0,2025,12,49,Winter,Product 007,Home Decor,Cabinet,2022-04-05,7748.2,5114.09,-2634.11,1
2025-12-01,SKU008,97,954736.08,9842.64,0,0,0,2025,12,49,Winter,Product 008,Kitchen,Rug,2024-02-07,2775.15,9842.64,7067.49,0
2025-12-01,SKU009,77,179940.53,2336.89,0,0,0,2025,12,49,Winter,Product 009,Lighting,Organizer,2022-08-10,3121.06,2336.89,-784.17,1
2025-12-01,SKU010,126,83595.96,663.46,0,0,0,2025,12,49,Winter,Product 010,Storage,Sofa,2022-04-14,3889.06,663.46,-3225.6,1
2025-12-01,SKU011,17,24557.52,1444.56,0,0,0,2025,12,49,Winter,Product 011,Furniture,Chair,2023-08-03,1718.4,1444.56,-273.84,1
2025-12-01,SKU012,167,1466154.79,8779.37,0,0,0,2025,12,49,Winter,Product 012,Home Decor,Table,2024-12-09,1256.89,8779.37,7522.48,0
2025-12-01,SKU013,78,449106.84,5757.78,0,0,0,2025,12,49,Winter,Product 013,Kitchen,Cushion,2024-03-20,3936.71,5757.78,1821.07,0
2025-12-01,SKU014,124,281573.0,2270.75,0,0,0,2025,12,49,Winter,Product 014,Lighting,Cookware,2024-04-17,2008.55,2270.75,262.2,0
2025-12-01,SKU015,22,136666.64,6212.12,0,0,0,2025,12,49,Winter,Product 015,Storage,Lamp,2024-02-29,5441.06,6212.12,771.06,0
2025-12-01,SKU016,77,166845.14,2166.82,0,0,0,2025,12,49,Winter,Product 016,Furniture,Shelf,2024-05-14,3637.93,2166.82,-1471.11,1
2025-12-01,SKU017,105,890118.6,8477.32,0,0,0,2025,12,49,Winter,Product 017,Home Decor,Cabinet,2023-07-19,6703.26,8477.32,1774.06,0
2025-12-01,SKU018,158,880914.78,5575.41,0,0,0,2025,12,49,Winter,Product 018,Kitchen,Rug,2022-05-21,5677.05,5575.41,-101.64,1
2025-12-01,SKU019,103,496444.55,4819.85,0,0,0,2025,12,49,Winter,Product 019,Lighting,Organizer,2024-07-12,2670.84,4819.85,2149.01,0
2025-12-01,SKU020,85,331290.9,3897.54,0,0,0,2025,12,49,Winter,Product 020,Storage,Sofa,2023-05-11,6700.01,3897.54,-2802.47,1
2025-12-01,SKU021,52,400986.56,7711.28,0,0,0,2025,12,49,Winter,Product 021,Furniture,Chair,2023-07-05,6486.92,7711.28,1224.36,0
2025-12-01,SKU022,70,321792.1,4597.03,0,0,0,2025,12,49,Winter,Product 022,Home Decor,Table,2023-02-12,3252.96,4597.03,1344.07,0
2025-12-01,SKU023,97,137423.78,1416.74,0,0,0,2025,12,49,Winter,Product 023,Kitchen,Cushion,2022-07-20,2484.54,1416.74,-1067.8,1
2025-12-01,SKU024,93,164504.91,1768.87,0,0,0,2025,12,49,Winter,Product 024,Lighting,Cookware,2024-10-16,5539.34,1768.87,-3770.47,1
2025-12-01,SKU025,18,208044.18,11558.01,0,0,0,2025,12,49,Winter,Product 025,Storage,Lamp,2024-05-09,1333.08,11558.01,10224.93,0
2025-12-01,SKU026,157,1717507.78,10939.54,0,0,0,2025,12,49,Winter,Product 026,Furniture,Shelf,2023-12-10,1799.29,10939.54,9140.25,0
2025-12-01,SKU027,153,1303039.8,8516.6,0,0,0,2025,12,49,Winter,Product 027,Home Decor,Cabinet,2023-03-19,307.06,8516.6,8209.54,0
2025-12-01,SKU028,40,139363.6,3484.09,0,0,0,2025,12,49,Winter,Product 028,Kitchen,Rug,2024-06-24,6348.66,3484.09,-2864.57,1
2025-12-01,SKU029,87,1012893.15,11642.45,0,0,0,2025,12,49,Winter,Product 029,Lighting,Organizer,2023-08-23,5402.59,11642.45,6239.86,0
2025-12-01,SKU030,25,235837.75,9433.51,0,0,0,2025,12,49,Winter,Product 030,Storage,Sofa,2023-05-03,5715.03,9433.51,3718.48,0
2025-12-01,SKU031,96,836729.28,8715.93,0,0,0,2025,12,49,Winter,Product 031,Furniture,Chair,2023-05-11,6300.65,8715.93,2415.28,0
2025-12-01,SKU032,60,336755.4,5612.59,0,0,0,2025,12,49,Winter,Product 032,Home Decor,Table,2022-09-07,3806.6,5612.59,1805.99,0
2025-12-01,SKU033,117,416286.0,3558.0,0,0,0,2025,12,49,Winter,Product 033,Kitchen,Cushion,2022-04-12,4657.74,3558.0,-1099.74,1
2025-12-01,SKU034,147,223166.58,1518.14,0,0,0,2025,12,49,Winter,Product 034,Lighting,Cookware,2023-09-03,1333.43,1518.14,184.71,0
2025-12-01,SKU035,128,1391384.32,10870.19,0,0,0,2025,12,49,Winter,Product 035,Storage,Lamp,2024-09-03,1137.61,10870.19,9732.58,0
2025-12-01,SKU036,27,153549.0,5687.0,0,0,0,2025,12,49,Winter,Product 036,Furniture,Shelf,2022-03-12,5430.12,5687.0,256.88,0
2025-12-01,SKU037,155,425850.1,2747.42,0,0,0,2025,12,49,Winter,Product 037,Home Decor,Cabinet,2024-08-02,3901.0,2747.42,-1153.58,1
2025-12-01,SKU038,39,154014.9,3949.1,0,0,0,2025,12,49,Winter,Product 038,Kitchen,Rug,2024-06-29,4630.58,3949.1,-681.48,1
2025-12-01,SKU039,23,163735.85,7118.95,0,0,0,2025,12,49,Winter,Product 039,Lighting,Organizer,2022-11-01,6178.74,7118.95,940.21,0
2025-12-01,SKU040,103,252407.68,2450.56,0,0,0,2025,12,49,Winter,Product 040,Storage,Sofa,2023-11-26,5169.07,2450.56,-2718.51,1
2025-12-01,SKU041,78,806264.94,10336.73,0,0,0,2025,12,49,Winter,Product 041,Furniture,Chair,2022-07-01,4540.24,10336.73,5796.49,0
2025-12-01,SKU042,156,1435017.48,9198.83,0,0,0,2025,12,49,Winter,Product 042,Home Decor,Table,2024-04-13,4583.86,9198.83,4614.97,0
2025-12-01,SKU043,127,1110712.79,8745.77,0,0,0,2025,12,49,Winter,Product 043,Kitchen,Cushion,2024-02-10,2605.61,8745.77,6140.16,0
2025-12-01,SKU044,52,281438.56,5412.28,0,0,0,2025,12,49,Winter,Product 044,Lighting,Cookware,2023-01-25,488.84,5412.28,4923.44,0
2025-12-01,SKU045,166,1274345.48,7676.78,0,0,0,2025,12,49,Winter,Product 045,Storage,Lamp,2022-03-16,3634.56,7676.78,4042.22,0
2025-12-01,SKU046,56,401830.24,7175.54,0,0,0,2025,12,49,Winter,Product 046,Furniture,Shelf,2024-12-03,1913.03,7175.54,5262.51,0
2025-12-01,SKU047,108,857327.76,7938.22,0,0,0,2025,12,49,Winter,Product 047,Home Decor,Cabinet,2023-05-06,3416.1,7938.22,4522.12,0
2025-12-01,SKU048,57,78634.35,1379.55,0,0,0,2025,12,49,Winter,Product 048,Kitchen,Rug,2024-09-09,6863.87,1379.55,-5484.32,1
2025-12-01,SKU049,167,872302.79,5223.37,0,0,0,2025,12,49,Winter,Product 049,Lighting,Organizer,2024-01-16,2063.03,5223.37,3160.34,0
2025-12-01,SKU050,40,35308.8,882.72,0,0,0,2025,12,49,Winter,Product 050,Storage,Sofa,2024-05-06,701.85,882.72,180.87,0
2025-12-08,SKU001,89,326100.45,3664.05,0,0,0,2025,12,50,Winter,Product 001,Furniture,Chair,2022-04-09,1758.45,3664.05,1905.6,0
2025-12-08,SKU002,55,209312.95,3805.69,0,0,0,2025,12,50,Winter,Product 002,Home Decor,Table,2024-05-01,3867.09,3805.69,-61.4,1
2025-12-08,SKU003,33,266581.59,8078.23,0,0,0,2025,12,50,Winter,Product 003,Kitchen,Cushion,2023-12-22,589.48,8078.23,7488.75,0
2025-12-08,SKU004,39,267601.23,6861.57,0,0,0,2025,12,50,Winter,Product 004,Lighting,Cookware,2023-04-28,1445.74,6861.57,5415.83,0
2025-12-08,SKU005,103,977801.66,9493.22,0,0,0,2025,12,50,Winter,Product 005,Storage,Lamp,2023-04-22,5543.63,9493.22,3949.59,0
2025-12-08,SKU006,41,332347.64,8106.04,0,0,0,2025,12,50,Winter,Product 006,Furniture,Shelf,2024-08-02,6021.91,8106.04,2084.13,0
2025-12-08,SKU007,154,787569.86,5114.09,0,0,0,2025,12,50,Winter,Product 007,Home Decor,Cabinet,2022-04-05,7748.2,5114.09,-2634.11,1
2025-12-08,SKU008,112,1102375.68,9842.64,0,0,0,2025,12,50,Winter,Product 008,Kitchen,Rug,2024-02-07,2775.15,9842.64,7067.49,0
2025-12-08,SKU009,82,191624.98,2336.89,0,0,0,2025,12,50,Winter,Product 009,Lighting,Organizer,2022-08-10,3121.06,2336.89,-784.17,1
2025-12-08,SKU010,108,71653.68,663.46,0,0,0,2025,12,50,Winter,Product 010,Storage,Sofa,2022-04-14,3889.06,663.46,-3225.6,1
2025-12-08,SKU011,23,33224.88,1444.56,0,0,0,2025,12,50,Winter,Product 011,Furniture,Chair,2023-08-03,1718.4,1444.56,-273.84,1
2025-12-08,SKU012,155,1360802.35,8779.37,0,0,0,2025,12,50,Winter,Product 012,Home Decor,Table,2024-12-09,1256.89,8779.37,7522.48,0
2025-12-08,SKU013,107,616082.46,5757.78,0,0,0,2025,12,50,Winter,Product 013,Kitchen,Cushion,2024-03-20,3936.71,5757.78,1821.07,0
2025-12-08,SKU014,137,311092.75,2270.75,0,0,0,2025,12,50,Winter,Product 014,Lighting,Cookware,2024-04-17,2008.55,2270.75,262.2,0
2025-12-08,SKU015,31,192575.72,6212.12,0,0,0,2025,12,50,Winter,Product 015,Storage,Lamp,2024-02-29,5441.06,6212.12,771.06,0
2025-12-08,SKU016,78,169011.96,2166.82,0,0,0,2025,12,50,Winter,Product 016,Furniture,Shelf,2024-05-14,3637.93,2166.82,-1471.11,1
2025-12-08,SKU017,96,813822.72,8477.32,0,0,0,2025,12,50,Winter,Product 017,Home Decor,Cabinet,2023-07-19,6703.26,8477.32,1774.06,0
2025-12-08,SKU018,162,903216.42,5575.41,0,0,0,2025,12,50,Winter,Product 018,Kitchen,Rug,2022-05-21,5677.05,5575.41,-101.64,1
2025-12-08,SKU019,96,462705.6,4819.85,0,0,0,2025,12,50,Winter,Product 019,Lighting,Organizer,2024-07-12,2670.84,4819.85,2149.01,0
2025-12-08,SKU020,82,319598.28,3897.54,0,0,0,2025,12,50,Winter,Product 020,Storage,Sofa,2023-05-11,6700.01,3897.54,-2802.47,1
2025-12-08,SKU021,59,454965.52,7711.28,0,0,0,2025,12,50,Winter,Product 021,Furniture,Chair,2023-07-05,6486.92,7711.28,1224.36,0
2025-12-08,SKU022,60,275821.8,4597.03,0,0,0,2025,12,50,Winter,Product 022,Home Decor,Table,2023-02-12,3252.96,4597.03,1344.07,0
2025-12-08,SKU023,98,138840.52,1416.74,0,0,0,2025,12,50,Winter,Product 023,Kitchen,Cushion,2022-07-20,2484.54,1416.74,-1067.8,1
2025-12-08,SKU024,72,127358.64,1768.87,0,0,0,2025,12,50,Winter,Product 024,Lighting,Cookware,2024-10-16,5539.34,1768.87,-3770.47,1
2025-12-08,SKU025,13,150254.13,11558.01,0,0,0,2025,12,50,Winter,Product 025,Storage,Lamp,2024-05-09,1333.08,11558.01,10224.93,0
2025-12-08,SKU026,128,1400261.12,10939.54,0,0,0,2025,12,50,Winter,Product 026,Furniture,Shelf,2023-12-10,1799.29,10939.54,9140.25,0
2025-12-08,SKU027,161,1371172.6,8516.6,0,0,0,2025,12,50,Winter,Product 027,Home Decor,Cabinet,2023-03-19,307.06,8516.6,8209.54,0
2025-12-08,SKU028,25,87102.25,3484.09,0,0,0,2025,12,50,Winter,Product 028,Kitchen,Rug,2024-06-24,6348.66,3484.09,-2864.57,1
2025-12-08,SKU029,115,1338881.75,11642.45,0,0,0,2025,12,50,Winter,Product 029,Lighting,Organizer,2023-08-23,5402.59,11642.45,6239.86,0
2025-12-08,SKU030,35,330172.85,9433.51,0,0,0,2025,12,50,Winter,Product 030,Storage,Sofa,2023-05-03,5715.03,9433.51,3718.48,0
2025-12-08,SKU031,104,906456.72,8715.93,0,0,0,2025,12,50,Winter,Product 031,Furniture,Chair,2023-05-11,6300.65,8715.93,2415.28,0
2025-12-08,SKU032,56,314305.04,5612.59,0,0,0,2025,12,50,Winter,Product 032,Home Decor,Table,2022-09-07,3806.6,5612.59,1805.99,0
2025-12-08,SKU033,109,387822.0,3558.0,0,0,0,2025,12,50,Winter,Product 033,Kitchen,Cushion,2022-04-12,4657.74,3558.0,-1099.74,1
2025-12-08,SKU034,118,179140.52,1518.14,0,0,0,2025,12,50,Winter,Product 034,Lighting,Cookware,2023-09-03,1333.43,1518.14,184.71,0
2025-12-08,SKU035,128,1391384.32,10870.19,0,0,0,2025,12,50,Winter,Product 035,Storage,Lamp,2024-09-03,1137.61,10870.19,9732.58,0
2025-12-08,SKU036,31,176297.0,5687.0,0,0,0,2025,12,50,Winter,Product 036,Furniture,Shelf,2022-03-12,5430.12,5687.0,256.88,0
2025-12-08,SKU037,133,365406.86,2747.42,0,0,0,2025,12,50,Winter,Product 037,Home Decor,Cabinet,2024-08-02,3901.0,2747.42,-1153.58,1
2025-12-08,SKU038,49,193505.9,3949.1,0,0,0,2025,12,50,Winter,Product 038,Kitchen,Rug,2024-06-29,4630.58,3949.1,-681.48,1
2025-12-08,SKU039,15,106784.25,7118.95,0,0,0,2025,12,50,Winter,Product 039,Lighting,Organizer,2022-11-01,6178.74,7118.95,940.21,0
2025-12-08,SKU040,101,247506.56,2450.56,0,0,0,2025,12,50,Winter,Product 040,Storage,Sofa,2023-11-26,5169.07,2450.56,-2718.51,1
2025-12-08,SKU041,66,682224.18,10336.73,0,0,0,2025,12,50,Winter,Product 041,Furniture,Chair,2022-07-01,4540.24,10336.73,5796.49,0
2025-12-08,SKU042,125,1149853.75,9198.83,0,0,0,2025,12,50,Winter,Product 042,Home Decor,Table,2024-04-13,4583.86,9198.83,4614.97,0
2025-12-08,SKU043,142,1241899.34,8745.77,0,0,0,2025,12,50,Winter,Product 043,Kitchen,Cushion,2024-02-10,2605.61,8745.77,6140.16,0
2025-12-08,SKU044,57,308499.96,5412.28,0,0,0,2025,12,50,Winter,Product 044,Lighting,Cookware,2023-01-25,488.84,5412.28,4923.44,0
2025-12-08,SKU045,152,1166870.56,7676.78,0,0,0,2025,12,50,Winter,Product 045,Storage,Lamp,2022-03-16,3634.56,7676.78,4042.22,0
2025-12-08,SKU046,66,473585.64,7175.54,0,0,0,2025,12,50,Winter,Product 046,Furniture,Shelf,2024-12-03,1913.03,7175.54,5262.51,0
2025-12-08,SKU047,86,682686.92,7938.22,0,0,0,2025,12,50,Winter,Product 047,Home Decor,Cabinet,2023-05-06,3416.1,7938.22,4522.12,0
2025-12-08,SKU048,55,75875.25,1379.55,0,0,0,2025,12,50,Winter,Product 048,Kitchen,Rug,2024-09-09,6863.87,1379.55,-5484.32,1
2025-12-08,SKU049,171,893196.27,5223.37,0,0,0,2025,12,50,Winter,Product 049,Lighting,Organizer,2024-01-16,2063.03,5223.37,3160.34,0
2025-12-08,SKU050,34,30012.48,882.72,0,0,0,2025,12,50,Winter,Product 050,Storage,Sofa,2024-05-06,701.85,882.72,180.87,0
2025-12-15,SKU001,91,333428.55,3664.05,0,0,0,2025,12,51,Winter,Product 001,Furniture,Chair,2022-04-09,1758.45,3664.05,1905.6,0
2025-12-15,SKU002,55,209312.95,3805.69,0,0,0,2025,12,51,Winter,Product 002,Home Decor,Table,2024-05-01,3867.09,3805.69,-61.4,1
2025-12-15,SKU003,23,185799.29,8078.23,0,0,0,2025,12,51,Winter,Product 003,Kitchen,Cushion,2023-12-22,589.48,8078.23,7488.75,0
2025-12-15,SKU004,38,260739.66,6861.57,0,0,0,2025,12,51,Winter,Product 004,Lighting,Cookware,2023-04-28,1445.74,6861.57,5415.83,0
2025-12-15,SKU005,100,949322.0,9493.22,0,0,0,2025,12,51,Winter,Product 005,Storage,Lamp,2023-04-22,5543.63,9493.22,3949.59,0
2025-12-15,SKU006,41,332347.64,8106.04,0,0,0,2025,12,51,Winter,Product 006,Furniture,Shelf,2024-08-02,6021.91,8106.04,2084.13,0
2025-12-15,SKU007,149,761999.41,5114.09,0,0,0,2025,12,51,Winter,Product 007,Home Decor,Cabinet,2022-04-05,7748.2,5114.09,-2634.11,1
2025-12-15,SKU008,100,984264.0,9842.64,0,0,0,2025,12,51,Winter,Product 008,Kitchen,Rug,2024-02-07,2775.15,9842.64,7067.49,0
2025-12-15,SKU009,69,161245.41,2336.89,0,0,0,2025,12,51,Winter,Product 009,Lighting,Organizer,2022-08-10,3121.06,2336.89,-784.17,1
2025-12-15,SKU010,102,67672.92,663.46,0,0,0,2025,12,51,Winter,Product 010,Storage,Sofa,2022-04-14,3889.06,663.46,-3225.6,1
2025-12-15,SKU011,18,26002.08,1444.56,0,0,0,2025,12,51,Winter,Product 011,Furniture,Chair,2023-08-03,1718.4,1444.56,-273.84,1
2025-12-15,SKU012,171,1501272.27,8779.37,0,0,0,2025,12,51,Winter,Product 012,Home Decor,Table,2024-12-09,1256.89,8779.37,7522.48,0
2025-12-15,SKU013,96,552746.88,5757.78,0,0,0,2025,12,51,Winter,Product 013,Kitchen,Cushion,2024-03-20,3936.71,5757.78,1821.07,0
2025-12-15,SKU014,116,263407.0,2270.75,0,0,0,2025,12,51,Winter,Product 014,Lighting,Cookware,2024-04-17,2008.55,2270.75,262.2,0
2025-12-15,SKU015,21,130454.52,6212.12,0,0,0,2025,12,51,Winter,Product 015,Storage,Lamp,2024-02-29,5441.06,6212.12,771.06,0
2025-12-15,SKU016,74,160344.68,2166.82,0,0,0,2025,12,51,Winter,Product 016,Furniture,Shelf,2024-05-14,3637.93,2166.82,-1471.11,1
2025-12-15,SKU017,81,686662.92,8477.32,0,0,0,2025,12,51,Winter,Product 017,Home Decor,Cabinet,2023-07-19,6703.26,8477.32,1774.06,0
2025-12-15,SKU018,160,892065.6,5575.41,0,0,0,2025,12,51,Winter,Product 018,Kitchen,Rug,2022-05-21,5677.05,5575.41,-101.64,1
2025-12-15,SKU019,107,515723.95,4819.85,0,0,0,2025,12,51,Winter,Product 019,Lighting,Organizer,2024-07-12,2670.84,4819.85,2149.01,0
2025-12-15,SKU020,74,288417.96,3897.54,0,0,0,2025,12,51,Winter,Product 020,Storage,Sofa,2023-05-11,6700.01,3897.54,-2802.47,1
2025-12-15,SKU021,47,362430.16,7711.28,0,0,0,2025,12,51,Winter,Product 021,Furniture,Chair,2023-07-05,6486.92,7711.28,1224.36,0
2025-12-15,SKU022,62,285015.86,4597.03,0,0,0,2025,12,51,Winter,Product 022,Home Decor,Table,2023-02-12,3252.96,4597.03,1344.07,0
2025-12-15,SKU023,96,136007.04,1416.74,0,0,0,2025,12,51,Winter,Product 023,Kitchen,Cushion,2022-07-20,2484.54,1416.74,-1067.8,1
2025-12-15,SKU024,85,150353.95,1768.87,0,0,0,2025,12,51,Winter,Product 024,Lighting,Cookware,2024-10-16,5539.34,1768.87,-3770.47,1
2025-12-15,SKU025,14,161812.14,11558.01,0,0,0,2025,12,51,Winter,Product 025,Storage,Lamp,2024-05-09,1333.08,11558.01,10224.93,0
2025-12-15,SKU026,156,1706568.24,10939.54,0,0,0,2025,12,51,Winter,Product 026,Furniture,Shelf,2023-12-10,1799.29,10939.54,9140.25,0
2025-12-15,SKU027,182,1550021.2,8516.6,0,0,0,2025,12,51,Winter,Product 027,Home Decor,Cabinet,2023-03-19,307.06,8516.6,8209.54,0
2025-12-15,SKU028,22,76649.98,3484.09,0,0,0,2025,12,51,Winter,Product 028,Kitchen,Rug,2024-06-24,6348.66,3484.09,-2864.57,1
2025-12-15,SKU029,104,1210814.8,11642.45,0,0,0,2025,12,51,Winter,Product 029,Lighting,Organizer,2023-08-23,5402.59,11642.45,6239.86,0
2025-12-15,SKU030,26,245271.26,9433.51,0,0,0,2025,12,51,Winter,Product 030,Storage,Sofa,2023-05-03,5715.03,9433.51,3718.48,0
2025-12-15,SKU031,132,1150502.76,8715.93,0,0,0,2025,12,51,Winter,Product 031,Furniture,Chair,2023-05-11,6300.65,8715.93,2415.28,0
2025-12-15,SKU032,68,381656.12,5612.59,0,0,0,2025,12,51,Winter,Product 032,Home Decor,Table,2022-09-07,3806.6,5612.59,1805.99,0
2025-12-15,SKU033,116,412728.0,3558.0,0,0,0,2025,12,51,Winter,Product 033,Kitchen,Cushion,2022-04-12,4657.74,3558.0,-1099.74,1
2025-12-15,SKU034,119,180658.66,1518.14,0,0,0,2025,12,51,Winter,Product 034,Lighting,Cookware,2023-09-03,1333.43,1518.14,184.71,0
2025-12-15,SKU035,127,1380514.13,10870.19,0,0,0,2025,12,51,Winter,Product 035,Storage,Lamp,2024-09-03,1137.61,10870.19,9732.58,0
2025-12-15,SKU036,36,204732.0,5687.0,0,0,0,2025,12,51,Winter,Product 036,Furniture,Shelf,2022-03-12,5430.12,5687.0,256.88,0
2025-12-15,SKU037,139,381891.38,2747.42,0,0,0,2025,12,51,Winter,Product 037,Home Decor,Cabinet,2024-08-02,3901.0,2747.42,-1153.58,1
2025-12-15,SKU038,49,193505.9,3949.1,0,0,0,2025,12,51,Winter,Product 038,Kitchen,Rug,2024-06-29,4630.58,3949.1,-681.48,1
2025-12-15,SKU039,12,85427.4,7118.95,0,0,0,2025,12,51,Winter,Product 039,Lighting,Organizer,2022-11-01,6178.74,7118.95,940.21,0
2025-12-15,SKU040,93,227902.08,2450.56,0,0,0,2025,12,51,Winter,Product 040,Storage,Sofa,2023-11-26,5169.07,2450.56,-2718.51,1
2025-12-15,SKU041,71,733907.83,10336.73,0,0,0,2025,12,51,Winter,Product 041,Furniture,Chair,2022-07-01,4540.24,10336.73,5796.49,0
2025-12-15,SKU042,173,1591397.59,9198.83,0,0,0,2025,12,51,Winter,Product 042,Home Decor,Table,2024-04-13,4583.86,9198.83,4614.97,0
2025-12-15,SKU043,132,1154441.64,8745.77,0,0,0,2025,12,51,Winter,Product 043,Kitchen,Cushion,2024-02-10,2605.61,8745.77,6140.16,0
2025-12-15,SKU044,61,330149.08,5412.28,0,0,0,2025,12,51,Winter,Product 044,Lighting,Cookware,2023-01-25,488.84,5412.28,4923.44,0
2025-12-15,SKU045,123,944243.94,7676.78,0,0,0,2025,12,51,Winter,Product 045,Storage,Lamp,2022-03-16,3634.56,7676.78,4042.22,0
2025-12-15,SKU046,57,409005.78,7175.54,0,0,0,2025,12,51,Winter,Product 046,Furniture,Shelf,2024-12-03,1913.03,7175.54,5262.51,0
2025-12-15,SKU047,100,793822.0,7938.22,0,0,0,2025,12,51,Winter,Product 047,Home Decor,Cabinet,2023-05-06,3416.1,7938.22,4522.12,0
2025-12-15,SKU048,58,80013.9,1379.55,0,0,0,2025,12,51,Winter,Product 048,Kitchen,Rug,2024-09-09,6863.87,1379.55,-5484.32,1
2025-12-15,SKU049,147,767835.39,5223.37,0,0,0,2025,12,51,Winter,Product 049,Lighting,Organizer,2024-01-16,2063.03,5223.37,3160.34,0
2025-12-15,SKU050,34,30012.48,882.72,0,0,0,2025,12,51,Winter,Product 050,Storage,Sofa,2024-05-06,701.85,882.72,180.87,0
2025-12-22,SKU001,76,278467.8,3664.05,0,0,1,2025,12,52,Winter,Product 001,Furniture,Chair,2022-04-09,1758.45,3664.05,1905.6,0
2025-12-22,SKU002,51,194090.19,3805.69,0,0,1,2025,12,52,Winter,Product 002,Home Decor,Table,2024-05-01,3867.09,3805.69,-61.4,1
2025-12-22,SKU003,34,274659.82,8078.23,0,0,1,2025,12,52,Winter,Product 003,Kitchen,Cushion,2023-12-22,589.48,8078.23,7488.75,0
2025-12-22,SKU004,30,205847.1,6861.57,0,0,1,2025,12,52,Winter,Product 004,Lighting,Cookware,2023-04-28,1445.74,6861.57,5415.83,0
2025-12-22,SKU005,108,1025267.76,9493.22,0,0,1,2025,12,52,Winter,Product 005,Storage,Lamp,2023-04-22,5543.63,9493.22,3949.59,0
2025-12-22,SKU006,43,348559.72,8106.04,0,0,1,2025,12,52,Winter,Product 006,Furniture,Shelf,2024-08-02,6021.91,8106.04,2084.13,0
2025-12-22,SKU007,161,823368.49,5114.09,0,0,1,2025,12,52,Winter,Product 007,Home Decor,Cabinet,2022-04-05,7748.2,5114.09,-2634.11,1
2025-12-22,SKU008,105,1033477.2,9842.64,0,0,1,2025,12,52,Winter,Product 008,Kitchen,Rug,2024-02-07,2775.15,9842.64,7067.49,0
2025-12-22,SKU009,77,179940.53,2336.89,0,0,1,2025,12,52,Winter,Product 009,Lighting,Organizer,2022-08-10,3121.06,2336.89,-784.17,1
2025-12-22,SKU010,102,67672.92,663.46,0,0,1,2025,12,52,Winter,Product 010,Storage,Sofa,2022-04-14,3889.06,663.46,-3225.6,1
2025-12-22,SKU011,22,31780.32,1444.56,0,0,1,2025,12,52,Winter,Product 011,Furniture,Chair,2023-08-03,1718.4,1444.56,-273.84,1
2025-12-22,SKU012,150,1316905.5,8779.37,0,0,1,2025,12,52,Winter,Product 012,Home Decor,Table,2024-12-09,1256.89,8779.37,7522.48,0
2025-12-22,SKU013,71,408802.38,5757.78,0,0,1,2025,12,52,Winter,Product 013,Kitchen,Cushion,2024-03-20,3936.71,5757.78,1821.07,0
2025-12-22,SKU014,122,277031.5,2270.75,0,0,1,2025,12,52,Winter,Product 014,Lighting,Cookware,2024-04-17,2008.55,2270.75,262.2,0
2025-12-22,SKU015,27,167727.24,6212.12,0,0,1,2025,12,52,Winter,Product 015,Storage,Lamp,2024-02-29,5441.06,6212.12,771.06,0
2025-12-22,SKU016,104,225349.28,2166.82,0,0,1,2025,12,52,Winter,Product 016,Furniture,Shelf,2024-05-14,3637.93,2166.82,-1471.11,1
2025-12-22,SKU017,98,830777.36,8477.32,0,0,1,2025,12,52,Winter,Product 017,Home Decor,Cabinet,2023-07-19,6703.26,8477.32,1774.06,0
2025-12-22,SKU018,161,897641.01,5575.41,0,0,1,2025,12,52,Winter,Product 018,Kitchen,Rug,2022-05-21,5677.05,5575.41,-101.64,1
2025-12-22,SKU019,104,501264.4,4819.85,0,0,1,2025,12,52,Winter,Product 019,Lighting,Organizer,2024-07-12,2670.84,4819.85,2149.01,0
2025-12-22,SKU020,99,385856.46,3897.54,0,0,1,2025,12,52,Winter,Product 020,Storage,Sofa,2023-05-11,6700.01,3897.54,-2802.47,1
2025-12-22,SKU021,50,385564.0,7711.28,0,0,1,2025,12,52,Winter,Product 021,Furniture,Chair,2023-07-05,6486.92,7711.28,1224.36,0
2025-12-22,SKU022,84,386150.52,4597.03,0,0,1,2025,12,52,Winter,Product 022,Home Decor,Table,2023-02-12,3252.96,4597.03,1344.07,0
2025-12-22,SKU023,99,140257.26,1416.74,0,0,1,2025,12,52,Winter,Product 023,Kitchen,Cushion,2022-07-20,2484.54,1416.74,-1067.8,1
2025-12-22,SKU024,71,125589.77,1768.87,0,0,1,2025,12,52,Winter,Product 024,Lighting,Cookware,2024-10-16,5539.34,1768.87,-3770.47,1
2025-12-22,SKU025,16,184928.16,11558.01,0,0,1,2025,12,52,Winter,Product 025,Storage,Lamp,2024-05-09,1333.08,11558.01,10224.93,0
2025-12-22,SKU026,135,1476837.9,10939.54,0,0,1,2025,12,52,Winter,Product 026,Furniture,Shelf,2023-12-10,1799.29,10939.54,9140.25,0
2025-12-22,SKU027,144,1226390.4,8516.6,0,0,1,2025,12,52,Winter,Product 027,Home Decor,Cabinet,2023-03-19,307.06,8516.6,8209.54,0
2025-12-22,SKU028,31,108006.79,3484.09,0,0,1,2025,12,52,Winter,Product 028,Kitchen,Rug,2024-06-24,6348.66,3484.09,-2864.57,1
2025-12-22,SKU029,97,1129317.65,11642.45,0,0,1,2025,12,52,Winter,Product 029,Lighting,Organizer,2023-08-23,5402.59,11642.45,6239.86,0
2025-12-22,SKU030,28,264138.28,9433.51,0,0,1,2025,12,52,Winter,Product 030,Storage,Sofa,2023-05-03,5715.03,9433.51,3718.48,0
2025-12-22,SKU031,97,845445.21,8715.93,0,0,1,2025,12,52,Winter,Product 031,Furniture,Chair,2023-05-11,6300.65,8715.93,2415.28,0
2025-12-22,SKU032,51,286242.09,5612.59,0,0,1,2025,12,52,Winter,Product 032,Home Decor,Table,2022-09-07,3806.6,5612.59,1805.99,0
2025-12-22,SKU033,96,341568.0,3558.0,0,0,1,2025,12,52,Winter,Product 033,Kitchen,Cushion,2022-04-12,4657.74,3558.0,-1099.74,1
2025-12-22,SKU034,124,188249.36,1518.14,0,0,1,2025,12,52,Winter,Product 034,Lighting,Cookware,2023-09-03,1333.43,1518.14,184.71,0
2025-12-22,SKU035,148,1608788.12,10870.19,0,0,1,2025,12,52,Winter,Product 035,Storage,Lamp,2024-09-03,1137.61,10870.19,9732.58,0
2025-12-22,SKU036,30,170610.0,5687.0,0,0,1,2025,12,52,Winter,Product 036,Furniture,Shelf,2022-03-12,5430.12,5687.0,256.88,0
2025-12-22,SKU037,161,442334.62,2747.42,0,0,1,2025,12,52,Winter,Product 037,Home Decor,Cabinet,2024-08-02,3901.0,2747.42,-1153.58,1
2025-12-22,SKU038,56,221149.6,3949.1,0,0,1,2025,12,52,Winter,Product 038,Kitchen,Rug,2024-06-29,4630.58,3949.1,-681.48,1
2025-12-22,SKU039,21,149497.95,7118.95,0,0,1,2025,12,52,Winter,Product 039,Lighting,Organizer,2022-11-01,6178.74,7118.95,940.21,0
2025-12-22,SKU040,76,186242.56,2450.56,0,0,1,2025,12,52,Winter,Product 040,Storage,Sofa,2023-11-26,5169.07,2450.56,-2718.51,1
2025-12-22,SKU041,70,723571.1,10336.73,0,0,1,2025,12,52,Winter,Product 041,Furniture,Chair,2022-07-01,4540.24,10336.73,5796.49,0
2025-12-22,SKU042,148,1361426.84,9198.83,0,0,1,2025,12,52,Winter,Product 042,Home Decor,Table,2024-04-13,4583.86,9198.83,4614.97,0
2025-12-22,SKU043,126,1101967.02,8745.77,0,0,1,2025,12,52,Winter,Product 043,Kitchen,Cushion,2024-02-10,2605.61,8745.77,6140.16,0
2025-12-22,SKU044,61,330149.08,5412.28,0,0,1,2025,12,52,Winter,Product 044,Lighting,Cookware,2023-01-25,488.84,5412.28,4923.44,0
2025-12-22,SKU045,157,1205254.46,7676.78,0,0,1,2025,12,52,Winter,Product 045,Storage,Lamp,2022-03-16,3634.56,7676.78,4042.22,0
2025-12-22,SKU046,58,416181.32,7175.54,0,0,1,2025,12,52,Winter,Product 046,Furniture,Shelf,2024-12-03,1913.03,7175.54,5262.51,0
2025-12-22,SKU047,88,698563.36,7938.22,0,0,1,2025,12,52,Winter,Product 047,Home Decor,Cabinet,2023-05-06,3416.1,7938.22,4522.12,0
2025-12-22,SKU048,40,55182.0,1379.55,0,0,1,2025,12,52,Winter,Product 048,Kitchen,Rug,2024-09-09,6863.87,1379.55,-5484.32,1
2025-12-22,SKU049,166,867079.42,5223.37,0,0,1,2025,12,52,Winter,Product 049,Lighting,Organizer,2024-01-16,2063.03,5223.37,3160.34,0
2025-12-22,SKU050,49,43253.28,882.72,0,0,1,2025,12,52,Winter,Product 050,Storage,Sofa,2024-05-06,701.85,882.72,180.87,0
2025-12-29,SKU001,37,135569.85,3664.05,0,0,0,2025,12,1,Winter,Product 001,Furniture,Chair,2022-04-09,1758.45,3664.05,1905.6,0
2025-12-29,SKU002,27,102753.63,3805.69,0,0,0,2025,12,1,Winter,Product 002,Home Decor,Table,2024-05-01,3867.09,3805.69,-61.4,1
2025-12-29,SKU003,17,137329.91,8078.23,0,0,0,2025,12,1,Winter,Product 003,Kitchen,Cushion,2023-12-22,589.48,8078.23,7488.75,0
2025-12-29,SKU004,6,41169.42,6861.57,0,0,0,2025,12,1,Winter,Product 004,Lighting,Cookware,2023-04-28,1445.74,6861.57,5415.83,0
2025-12-29,SKU005,50,474661.0,9493.22,0,0,0,2025,12,1,Winter,Product 005,Storage,Lamp,2023-04-22,5543.63,9493.22,3949.59,0
2025-12-29,SKU006,20,162120.8,8106.04,0,0,0,2025,12,1,Winter,Product 006,Furniture,Shelf,2024-08-02,6021.91,8106.04,2084.13,0
2025-12-29,SKU007,68,347758.12,5114.09,0,0,0,2025,12,1,Winter,Product 007,Home Decor,Cabinet,2022-04-05,7748.2,5114.09,-2634.11,1
2025-12-29,SKU008,36,354335.04,9842.64,0,0,0,2025,12,1,Winter,Product 008,Kitchen,Rug,2024-02-07,2775.15,9842.64,7067.49,0
2025-12-29,SKU009,21,49074.69,2336.89,0,0,0,2025,12,1,Winter,Product 009,Lighting,Organizer,2022-08-10,3121.06,2336.89,-784.17,1
2025-12-29,SKU010,47,31182.62,663.46,0,0,0,2025,12,1,Winter,Product 010,Storage,Sofa,2022-04-14,3889.06,663.46,-3225.6,1
2025-12-29,SKU011,3,4333.68,1444.56,0,0,0,2025,12,1,Winter,Product 011,Furniture,Chair,2023-08-03,1718.4,1444.56,-273.84,1
2025-12-29,SKU012,71,623335.27,8779.37,0,0,0,2025,12,1,Winter,Product 012,Home Decor,Table,2024-12-09,1256.89,8779.37,7522.48,0
2025-12-29,SKU013,27,155460.06,5757.78,0,0,0,2025,12,1,Winter,Product 013,Kitchen,Cushion,2024-03-20,3936.71,5757.78,1821.07,0
2025-12-29,SKU014,51,115808.25,2270.75,0,0,0,2025,12,1,Winter,Product 014,Lighting,Cookware,2024-04-17,2008.55,2270.75,262.2,0
2025-12-29,SKU015,7,43484.84,6212.12,0,0,0,2025,12,1,Winter,Product 015,Storage,Lamp,2024-02-29,5441.06,6212.12,771.06,0
2025-12-29,SKU016,37,80172.34,2166.82,0,0,0,2025,12,1,Winter,Product 016,Furniture,Shelf,2024-05-14,3637.93,2166.82,-1471.11,1
2025-12-29,SKU017,37,313660.84,8477.32,0,0,0,2025,12,1,Winter,Product 017,Home Decor,Cabinet,2023-07-19,6703.26,8477.32,1774.06,0
2025-12-29,SKU018,58,323373.78,5575.41,0,0,0,2025,12,1,Winter,Product 018,Kitchen,Rug,2022-05-21,5677.05,5575.41,-101.64,1
2025-12-29,SKU019,40,192794.0,4819.85,0,0,0,2025,12,1,Winter,Product 019,Lighting,Organizer,2024-07-12,2670.84,4819.85,2149.01,0
2025-12-29,SKU020,43,167594.22,3897.54,0,0,0,2025,12,1,Winter,Product 020,Storage,Sofa,2023-05-11,6700.01,3897.54,-2802.47,1
2025-12-29,SKU021,19,146514.32,7711.28,0,0,0,2025,12,1,Winter,Product 021,Furniture,Chair,2023-07-05,6486.92,7711.28,1224.36,0
2025-12-29,SKU022,17,78149.51,4597.03,0,0,0,2025,12,1,Winter,Product 022,Home Decor,Table,2023-02-12,3252.96,4597.03,1344.07,0
2025-12-29,SKU023,39,55252.86,1416.74,0,0,0,2025,12,1,Winter,Product 023,Kitchen,Cushion,2022-07-20,2484.54,1416.74,-1067.8,1
2025-12-29,SKU024,27,47759.49,1768.87,0,0,0,2025,12,1,Winter,Product 024,Lighting,Cookware,2024-10-16,5539.34,1768.87,-3770.47,1
2025-12-29,SKU025,7,80906.07,11558.01,0,0,0,2025,12,1,Winter,Product 025,Storage,Lamp,2024-05-09,1333.08,11558.01,10224.93,0
2025-12-29,SKU026,55,601674.7,10939.54,0,0,0,2025,12,1,Winter,Product 026,Furniture,Shelf,2023-12-10,1799.29,10939.54,9140.25,0
2025-12-29,SKU027,67,570612.2,8516.6,0,0,0,2025,12,1,Winter,Product 027,Home Decor,Cabinet,2023-03-19,307.06,8516.6,8209.54,0
2025-12-29,SKU028,14,48777.26,3484.09,0,0,0,2025,12,1,Winter,Product 028,Kitchen,Rug,2024-06-24,6348.66,3484.09,-2864.57,1
2025-12-29,SKU029,35,407485.75,11642.45,0,0,0,2025,12,1,Winter,Product 029,Lighting,Organizer,2023-08-23,5402.59,11642.45,6239.86,0
2025-12-29,SKU030,14,132069.14,9433.51,0,0,0,2025,12,1,Winter,Product 030,Storage,Sofa,2023-05-03,5715.03,9433.51,3718.48,0
2025-12-29,SKU031,50,435796.5,8715.93,0,0,0,2025,12,1,Winter,Product 031,Furniture,Chair,2023-05-11,6300.65,8715.93,2415.28,0
2025-12-29,SKU032,26,145927.34,5612.59,0,0,0,2025,12,1,Winter,Product 032,Home Decor,Table,2022-09-07,3806.6,5612.59,1805.99,0
2025-12-29,SKU033,42,149436.0,3558.0,0,0,0,2025,12,1,Winter,Product 033,Kitchen,Cushion,2022-04-12,4657.74,3558.0,-1099.74,1
2025-12-29,SKU034,42,63761.88,1518.14,0,0,0,2025,12,1,Winter,Product 034,Lighting,Cookware,2023-09-03,1333.43,1518.14,184.71,0
2025-12-29,SKU035,40,434807.6,10870.19,0,0,0,2025,12,1,Winter,Product 035,Storage,Lamp,2024-09-03,1137.61,10870.19,9732.58,0
2025-12-29,SKU036,9,51183.0,5687.0,0,0,0,2025,12,1,Winter,Product 036,Furniture,Shelf,2022-03-12,5430.12,5687.0,256.88,0
2025-12-29,SKU037,59,162097.78,2747.42,0,0,0,2025,12,1,Winter,Product 037,Home Decor,Cabinet,2024-08-02,3901.0,2747.42,-1153.58,1
2025-12-29,SKU038,31,122422.1,3949.1,0,0,0,2025,12,1,Winter,Product 038,Kitchen,Rug,2024-06-29,4630.58,3949.1,-681.48,1
2025-12-29,SKU039,12,85427.4,7118.95,0,0,0,2025,12,1,Winter,Product 039,Lighting,Organizer,2022-11-01,6178.74,7118.95,940.21,0
2025-12-29,SKU040,32,78417.92,2450.56,0,0,0,2025,12,1,Winter,Product 040,Storage,Sofa,2023-11-26,5169.07,2450.56,-2718.51,1
2025-12-29,SKU041,25,258418.25,10336.73,0,0,0,2025,12,1,Winter,Product 041,Furniture,Chair,2022-07-01,4540.24,10336.73,5796.49,0
2025-12-29,SKU042,57,524333.31,9198.83,0,0,0,2025,12,1,Winter,Product 042,Home Decor,Table,2024-04-13,4583.86,9198.83,4614.97,0
2025-12-29,SKU043,75,655932.75,8745.77,0,0,0,2025,12,1,Winter,Product 043,Kitchen,Cushion,2024-02-10,2605.61,8745.77,6140.16,0
2025-12-29,SKU044,19,102833.32,5412.28,0,0,0,2025,12,1,Winter,Product 044,Lighting,Cookware,2023-01-25,488.84,5412.28,4923.44,0
2025-12-29,SKU045,59,452930.02,7676.78,0,0,0,2025,12,1,Winter,Product 045,Storage,Lamp,2022-03-16,3634.56,7676.78,4042.22,0
2025-12-29,SKU046,17,121984.18,7175.54,0,0,0,2025,12,1,Winter,Product 046,Furniture,Shelf,2024-12-03,1913.03,7175.54,5262.51,0
2025-12-29,SKU047,41,325467.02,7938.22,0,0,0,2025,12,1,Winter,Product 047,Home Decor,Cabinet,2023-05-06,3416.1,7938.22,4522.12,0
2025-12-29,SKU048,21,28970.55,1379.55,0,0,0,2025,12,1,Winter,Product 048,Kitchen,Rug,2024-09-09,6863.87,1379.55,-5484.32,1
2025-12-29,SKU049,47,245498.39,5223.37,0,0,0,2025,12,1,Winter,Product 049,Lighting,Organizer,2024-01-16,2063.03,5223.37,3160.34,0
2025-12-29,SKU050,27,23833.44,882.72,0,0,0,2025,12,1,Winter,Product 050,Storage,Sofa,2024-05-06,701.85,882.72,180.87,0
